FiniteElementSpace
FiniteElementCollection: H1_3D_P1
VDim: 1
Ordering: 0

14.237839
12.57036
14.244227
12.54978
14.247492
14.248144
13.199129
12.678269
12.543156
12.476542
12.515032
12.559838
12.522219
12.569651
12.538078
12.567718
12.526669
12.560107
12.571662
12.537943
12.522977
14.34667
14.574034
14.677752
14.557781
14.345562
12.503933
12.567686
12.464818
12.725832
13.3036
12.575176
12.551692
12.572669
12.526328
12.565427
12.577488
12.54642
12.535298
12.581964
12.561962
14.309419
14.562329
14.673412
14.551682
14.341423
14.349015
14.540023
14.683454
14.55435
14.33856
14.335897
14.540816
14.677114
14.524341
14.344959
13.355013
12.530094
12.521253
12.408474
12.533484
12.561751
12.516468
12.46872
12.492436
12.478243
12.426498
12.447685
12.426451
12.462144
12.461246
12.508684
13.172998
13.543811
13.609749
12.573809
12.576394
12.514176
12.512852
13.469194
12.477236
12.370789
12.490101
12.46011
12.518734
12.465792
12.500019
12.3618
12.53508
13.757324
13.40954
13.583243
13.635152
13.769757
13.484275
13.77887
13.63439
12.920517
12.776927
12.431005
12.495442
13.533637
13.234821
12.447418
12.5032
12.552909
12.597314
13.687979
13.579463
13.351391
13.615591
13.287299
13.225226
13.366788
13.319377
13.595735
13.308939
13.547861
13.308027
13.473659
12.519916
12.490696
12.535607
12.521112
12.489122
12.772001
12.491176
12.46592
12.476817
12.464081
12.485432
12.499514
12.847436
12.536751
13.109838
12.491265
12.510138
12.396026
12.545722
12.576435
12.582512
12.539258
12.454915
12.676174
12.512611
13.381297
12.578584
13.029482
12.484761
12.934573
13.018328
12.634267
12.507846
12.404318
12.873845
13.083066
12.947477
12.888484
12.788456
12.989967
13.14083
13.008556
12.493067
12.523451
12.548835
12.513343
12.552603
12.641114
12.516434
12.547624
12.500945
12.520195
12.477814
12.558764
12.560585
12.453963
12.698227
12.5295
12.574047
12.495387
12.505436
12.504059
12.807396
12.549854
12.809323
12.889997
12.947998
12.514279
12.490283
12.526133
12.720272
12.618433
12.722264
12.516241
12.730128
12.943736
12.620327
12.756657
12.89163
12.862013
12.722521
12.512944
12.600822
12.477667
12.69482
12.537386
12.611913
12.779408
12.50142
12.778851
12.533132
12.512761
12.574747
12.674733
12.519954
12.552511
12.5989
12.490187
12.527555
12.630877
12.771731
12.548884
12.574164
12.500235
12.568426
12.502669
12.562416
12.52394
12.545843
12.603508
12.560469
12.57735
12.644525
12.569337
12.522888
12.570558
12.572647
12.53249
12.523643
12.509751
12.556499
12.52322
12.514061
12.568
12.537754
12.542954
12.586777
12.557876
12.528684
12.518936
12.526346
12.530492
12.545579
12.539895
12.529836
12.443691
13.629349
14.27559
14.255725
13.77292
12.543157
12.553303
12.534604
12.522421
12.526525
14.27097
13.699267
14.273782
13.628736
13.845977
12.538906
12.549831
12.539865
12.479184
12.513042
14.275167
14.272657
13.772049
13.921196
14.271188
14.272622
13.833441
13.716377
12.856426
13.68754
13.280299
13.066183
12.957806
12.57999
12.599439
12.590673
12.776818
12.731103
12.521695
12.540175
12.525225
12.499123
12.526473
12.524465
12.426389
12.500711
12.502888
12.46245
12.529252
12.492051
12.441144
12.445921
12.583043
12.546364
12.500625
12.551394
12.44352
12.514549
12.569122
12.514598
12.519001
12.539601
12.507483
12.431725
12.555092
12.500367
12.506511
12.535542
12.50792
12.435677
12.546517
12.504267
12.507663
12.564194
12.519043
12.507639
12.547508
12.464695
12.500544
12.49272
12.446093
14.460275
13.638096
13.912101
14.660996
13.978108
14.074651
14.646316
13.998368
14.144538
14.450739
14.027646
14.01036
13.737946
13.773309
13.948343
12.547704
12.503433
12.5488
12.444627
12.479858
12.534275
12.552198
12.526225
12.527625
12.517418
12.569814
12.478714
12.46611
12.504734
12.538525
12.941758
12.921836
12.619631
12.646233
12.790243
13.253146
13.401853
13.066244
12.558181
12.511249
12.518799
12.562723
12.486625
12.495127
12.548862
12.525263
12.498807
12.567713
12.53295
12.456083
12.548953
12.542254
12.505894
12.543214
12.53789
12.521126
12.552552
12.486825
12.495633
12.577619
12.530046
12.436143
12.558905
12.540911
12.499161
12.531192
12.517474
14.443719
13.412081
13.796756
14.645124
14.014624
13.870157
14.630229
14.048394
13.860711
14.108307
14.441616
14.1252
14.013193
13.847263
14.046797
14.465911
13.842903
13.936643
13.721638
14.6525
14.036024
13.756325
13.932269
14.643113
14.1079
13.878014
14.444446
14.0196
14.128186
14.042946
13.849757
14.450991
13.755757
13.937988
14.651247
14.051184
13.811849
14.022404
14.640603
14.177852
14.017978
14.44237
14.152955
13.803234
13.963999
13.958332
13.847395
13.503049
12.992961
13.132156
12.463183
12.640448
12.516006
12.601625
12.53444
12.515574
12.608779
12.516
12.543316
12.472089
12.411818
12.470528
12.53202
12.523454
12.514984
12.506371
12.485871
12.487583
12.518286
12.458795
12.426968
12.445665
12.481157
12.472679
12.427298
12.503567
12.451264
12.403786
12.460598
12.454928
12.383382
12.442286
12.441124
12.389327
12.43749
12.440892
12.390967
12.441213
12.449646
12.420056
12.453483
12.464855
12.424875
12.469483
12.47468
12.415926
12.520125
12.469966
13.380414
12.762382
12.943256
13.667182
13.044625
13.251425
13.417351
13.213334
12.523186
12.547855
12.504024
12.522182
12.543307
12.526362
12.515552
12.52673
12.520063
12.518158
12.471002
12.536176
12.538004
12.466922
13.632662
13.099188
13.299662
12.433452
12.435979
12.540801
12.506426
12.390876
12.363378
12.47991
12.426389
12.50182
12.461631
12.455255
12.504261
12.495575
12.455778
12.553248
12.508555
12.42612
12.542515
12.506887
12.409304
12.536854
12.50381
12.428104
12.494686
12.346606
12.44969
12.516672
12.493329
13.708955
13.381845
13.536826
13.354788
13.197863
13.011045
13.452754
13.39917
13.163161
13.732825
13.566908
13.357562
13.085262
13.65434
13.363729
13.43743
13.118842
13.282435
13.715766
13.538441
13.395652
13.579974
13.262837
12.788628
13.155303
12.67079
12.871504
12.496555
13.414578
13.648084
13.207502
13.079197
13.104818
12.903612
13.003287
12.633742
12.528543
12.59637
12.556902
12.668513
13.298148
13.223737
13.512208
13.516838
13.259628
13.166192
13.502848
13.181362
13.008901
13.149789
13.359574
13.213022
13.065691
12.98248
13.323852
13.08323
12.916484
12.967765
13.054611
12.954615
13.008482
13.482493
13.096251
12.941125
13.122712
13.452613
13.202551
13.465063
13.132509
13.13902
12.967557
13.233502
13.360814
13.161238
13.405106
13.244959
13.061481
12.987022
13.230217
13.106557
12.580014
12.473047
12.56887
12.527076
12.49189
12.529505
12.422507
12.500728
12.515584
12.544425
12.493636
12.544584
12.53544
12.523622
12.505487
12.434543
12.542987
12.900483
12.703898
12.426727
12.413282
12.535166
12.497758
12.417435
12.455363
12.511421
12.420252
12.530168
12.509688
12.420148
12.511893
12.451056
12.436359
12.514776
12.524372
12.447269
12.52279
12.522746
12.984133
12.72176
12.535572
12.554263
12.525576
12.520016
12.790181
13.038046
12.472875
12.469548
12.450684
12.514533
12.444675
12.441053
12.495984
12.49653
12.518915
12.498422
12.46103
12.526896
12.523152
12.519137
12.513377
12.514072
12.535733
12.50111
12.429351
12.453234
12.507143
12.455534
12.447843
12.899871
12.565784
12.777364
12.641517
12.50007
12.515215
13.107008
12.69806
12.629154
12.539498
13.004005
12.779439
12.504951
12.44361
12.758003
12.899097
12.729216
12.913302
12.961183
12.833461
12.565787
12.766729
12.62418
12.527033
12.467603
12.514995
12.513097
13.002243
12.796335
12.74059
12.690324
12.937466
12.783715
12.807424
12.795486
12.853824
12.655773
12.707948
12.798025
12.600757
12.615079
12.880485
12.950807
12.792562
13.037495
12.867486
12.95622
12.950802
12.897343
12.763413
12.531314
12.484016
12.468566
12.490092
12.519537
12.510783
12.532437
12.535082
12.557776
12.516005
12.561484
12.540134
12.51508
12.531574
12.512578
12.451115
12.530765
12.543309
12.542266
12.492536
12.547382
12.644051
12.53475
12.510066
12.45777
12.520247
12.531086
12.489188
12.5282
12.507436
12.471302
12.469
12.454249
12.535595
12.521633
12.535829
12.503787
12.505826
12.544177
12.521113
12.52136
12.563813
12.552804
12.528077
12.491374
12.519255
12.481806
12.758194
12.566171
12.643028
12.536057
12.529287
12.547944
12.533728
12.531886
12.500532
12.522247
12.553152
12.539579
12.497679
12.543663
12.484964
12.888566
12.769973
12.662412
12.690181
12.520162
12.525779
12.561307
12.710689
12.672012
12.650237
12.804604
12.701789
12.719444
12.549469
12.517231
12.52631
12.508419
12.513694
12.525705
12.503955
12.519353
12.828542
12.661475
12.629413
12.583623
12.551157
12.615651
12.557575
12.756534
12.644888
12.623683
12.551477
12.510355
12.535836
12.536587
12.771361
12.648936
12.591326
12.843267
12.683642
12.571002
12.582691
12.715935
12.647781
12.619176
12.78949
12.778774
12.737702
12.72787
12.834885
12.673701
12.659148
12.653274
12.627379
12.52731
12.542196
12.504968
12.528283
12.529794
12.482486
12.58764
12.55573
12.515917
12.510823
12.490871
12.526664
12.743256
12.616314
12.688956
12.596449
12.520264
12.53064
12.529065
12.586226
12.706466
12.646413
12.591538
12.494084
12.524752
12.535877
12.510251
12.648709
12.64652
12.519878
12.544713
12.514488
12.56764
12.591434
12.571593
12.544451
12.676136
12.616053
12.595607
12.529891
12.500486
12.524695
12.528685
12.527349
12.51996
12.565815
12.55152
12.528547
12.561712
12.530547
12.503185
12.517631
12.498589
12.522258
12.559626
12.538058
12.51994
12.562483
12.553272
12.608863
12.62475
12.652099
12.552751
12.512126
12.501093
12.543584
12.520898
12.528469
12.525663
12.597166
12.499017
12.52164
12.513781
12.518265
12.519892
12.581831
12.565896
12.523604
12.519934
12.513061
12.529229
12.579694
12.533286
12.572749
12.546106
12.517306
12.591383
12.581981
12.579152
12.510157
12.512554
12.527266
12.517212
12.548558
12.561047
12.54766
12.539775
12.513957
12.513549
12.502203
12.527347
12.570537
12.534321
12.526366
12.514599
12.547298
12.552779
12.518825
12.544342
12.535646
12.520078
12.513713
12.537181
12.514658
12.52223
13.907053
14.25435
14.240428
14.005652
12.555147
12.554364
12.554066
12.547614
12.540032
14.250311
13.949411
14.254863
13.916849
14.045953
12.545229
12.553109
12.537185
12.505148
12.531838
14.255103
14.254243
13.992281
14.08023
14.252531
14.25574
14.033211
13.963461
13.396902
13.00336
13.427697
13.240074
13.136299
13.072238
12.749856
12.619476
12.637474
12.630548
12.718445
12.70526
12.556314
12.533911
12.5416
12.530044
12.524581
12.527805
12.502972
12.515052
12.446619
12.489711
12.495903
12.463553
12.526324
12.529782
12.524425
12.500991
12.46736
12.462663
12.550508
12.586232
12.56216
12.514711
12.563025
12.546252
12.473954
12.51863
12.557558
12.568801
12.536248
12.53824
12.568316
12.530245
12.527284
12.46913
12.551675
12.5537
12.534187
12.530164
12.556549
12.524486
12.526626
12.470021
12.547468
12.543251
12.534449
12.527244
12.554134
12.571266
12.541701
12.535236
12.552973
12.546093
12.494957
12.513901
12.517466
12.546891
12.511582
12.47425
14.303681
14.40304
13.953154
14.124076
14.517356
14.624744
14.250811
14.310178
14.680538
14.671534
14.304402
14.407964
14.606811
14.504996
14.279378
14.28618
14.095693
14.30582
14.397984
14.034257
14.14229
12.525868
12.541218
12.501317
12.539942
12.465274
12.48733
12.554496
12.549713
12.557333
12.53359
12.541823
12.529765
12.511419
12.516724
12.472923
12.466031
12.483081
12.506268
12.634344
12.819862
12.815691
12.668534
12.681603
12.756835
13.486424
13.101182
13.281448
13.356046
13.185347
12.550745
12.564348
12.538456
12.536133
12.554287
12.560539
12.505043
12.520319
12.565683
12.550208
12.549529
12.520921
12.54664
12.55121
12.537633
12.482814
12.574455
12.545161
12.558536
12.517605
12.552562
12.555407
12.546629
12.544023
12.537725
12.550978
12.506399
12.517584
12.555539
12.558021
12.538335
12.472816
12.587923
12.553829
12.568128
12.513849
12.549279
12.558232
12.539677
12.536433
14.279456
13.98759
14.373495
13.799046
14.043714
14.509971
14.607538
14.275754
14.18635
14.665364
14.65578
14.337418
14.215324
14.389608
14.594522
14.496047
14.331087
14.260915
14.303049
14.390158
14.076127
14.194841
14.305887
14.405427
14.088355
14.136818
14.005951
14.519937
14.605407
14.288501
14.11039
14.249294
14.678095
14.669347
14.390258
14.226535
14.603567
14.502403
14.265327
14.334192
14.300328
14.389036
14.190294
14.077528
14.299254
14.394414
14.026179
14.130438
14.50391
14.607815
14.299817
14.141311
14.28578
14.675117
14.665848
14.412462
14.317849
14.596585
14.489937
14.345696
14.129735
14.242703
14.302754
14.391879
14.143077
14.077304
13.555815
13.318732
13.551421
13.435141
13.151225
13.240123
12.565157
12.537832
12.489729
12.574116
12.519411
12.56674
12.534875
12.557406
12.52429
12.515406
12.562048
12.517355
12.531807
12.460668
12.412711
12.439258
12.445048
12.404079
12.445064
12.52768
12.513569
12.521101
12.538577
12.526114
12.52307
12.52079
12.541213
12.504998
12.521517
12.52074
12.508924
12.478385
12.494228
12.521533
12.519997
12.474945
12.51177
12.439522
12.435397
12.451024
12.481771
12.478584
12.504755
12.506842
12.441366
12.447885
12.50396
12.462707
12.501904
12.496619
12.434348
12.427181
12.461796
12.460407
12.415277
12.464364
12.401775
12.392642
12.440006
12.440362
12.484828
12.489317
12.398501
12.405424
12.437769
12.441111
12.420229
12.467442
12.394468
12.395392
12.439036
12.445334
12.489815
12.500205
12.410417
12.428012
12.454222
12.46317
12.484788
12.451376
12.432632
12.426116
12.470202
12.474579
12.497598
12.488604
12.503519
12.449252
12.447828
12.524997
12.48403
13.382044
13.383544
13.04498
13.217329
13.280003
12.930905
13.052411
13.718241
13.745894
13.469848
13.617376
13.255552
13.389671
13.805689
13.771123
13.56157
13.511611
13.388759
12.517769
12.554443
12.542349
12.55967
12.533314
12.540449
12.556798
12.535777
12.550712
12.545956
12.538769
12.54138
12.519131
12.491116
12.517351
12.516361
12.515029
12.480656
12.512114
12.478798
12.53331
12.524395
12.534499
12.480848
13.65364
13.440039
13.647972
13.555309
13.265681
13.390379
12.492962
12.478947
12.504733
12.453224
12.445843
12.531359
12.507926
12.463459
12.475862
12.411504
12.370552
12.360645
12.443184
12.490078
12.514314
12.429863
12.440606
12.508719
12.463635
12.447758
12.509494
12.431861
12.451962
12.490538
12.489971
12.506483
12.526568
12.474996
12.471734
12.544182
12.505747
12.500556
12.473731
12.457912
12.431981
12.520859
12.491549
12.490335
12.51594
12.443669
12.443843
12.520848
12.500292
12.409893
12.482918
12.385874
12.395179
12.451847
12.350005
12.50298
12.520871
12.54018
12.469678
12.474391
12.533241
12.519123
13.935373
13.901517
13.70103
13.739754
13.553007
13.580789
13.617379
13.476579
13.38443
13.303269
13.183879
13.753513
13.800866
13.524296
13.488625
13.349957
13.853182
13.810519
13.689734
13.621288
13.500331
13.315915
13.940318
13.902709
13.760388
13.722455
13.546269
13.649941
13.653127
13.572745
13.470717
13.282636
13.386339
13.968891
13.962998
13.762899
13.657115
13.568206
13.772144
13.789332
13.589964
13.614385
13.430832
12.992227
12.846624
13.126712
12.751066
12.856678
13.036143
12.858182
12.75464
12.870892
12.676037
12.722123
12.823983
12.488065
12.431547
12.434552
12.458766
12.407968
12.509788
12.457048
12.497723
12.513179
12.45788
12.502603
13.744721
13.757566
13.485238
13.598693
13.366238
13.276087
13.457861
13.323937
13.329524
13.174234
13.051096
13.116002
12.461766
12.437794
12.496324
12.480629
12.444489
12.504042
12.483832
12.512403
12.502569
12.449522
12.527821
12.581878
12.530141
12.582448
12.535459
12.574911
12.568349
12.617827
12.655352
12.558521
12.577477
12.627069
13.868361
13.90303
13.691476
13.677253
13.475528
13.42597
13.783272
13.798553
13.560375
13.559546
13.409648
13.352413
13.58052
13.440728
13.430369
13.26538
13.157774
13.254427
13.848833
13.80053
13.666768
13.566035
13.490253
13.393225
13.485129
13.321484
13.373276
13.171539
13.120698
13.46458
13.311958
13.281185
13.167043
13.057406
13.087442
13.633779
13.600926
13.48079
13.352322
13.21501
13.12858
13.168918
13.503467
13.522131
13.385157
13.405012
13.210974
13.106814
13.222
13.761208
13.815652
13.548013
13.522817
13.377833
13.538123
13.381713
13.394884
13.216817
13.232249
13.117024
13.775665
13.766673
13.642927
13.517279
13.383579
13.467741
13.337742
13.532661
13.421735
13.359484
13.285491
13.178806
13.12953
13.706772
13.648731
13.533009
13.442982
13.353463
13.271377
12.535521
12.539523
12.542244
12.49081
12.540422
12.520452
12.499434
12.436867
12.483331
12.509764
12.515311
12.442484
12.495248
12.517918
12.497395
12.538121
12.521761
12.540348
12.506699
12.518531
12.520151
12.538902
12.528879
12.520453
12.509284
12.503967
12.464355
12.487745
12.493455
12.539213
12.451655
12.537851
12.848689
12.888448
12.718629
12.649462
12.835019
12.739741
12.500942
12.475827
12.444956
12.436876
12.525373
12.495896
12.459578
12.454659
12.431061
12.427566
12.44726
12.482881
12.453033
12.450195
12.433041
12.43168
12.510183
12.494095
12.452118
12.450284
12.433173
12.424581
12.490704
12.443481
12.463032
12.463289
12.439554
12.443032
12.505339
12.511652
12.477447
12.477015
12.455058
12.456603
12.516462
12.517581
12.822212
12.954667
12.962859
12.718615
12.916364
12.781574
12.522556
12.529257
12.543764
12.541924
12.529465
12.523321
13.205273
13.236546
13.231408
13.049766
12.922573
13.077019
12.508698
12.476431
12.510658
12.516713
12.482507
12.472718
12.52124
12.472772
12.535894
12.470699
12.469428
12.505529
12.381236
12.474117
12.432952
12.418089
12.468974
12.464183
12.526416
12.558869
12.522734
12.512208
12.48476
12.525511
12.531608
12.55928
12.529187
12.537879
12.537183
12.532155
12.533686
12.556889
12.529369
12.535788
12.546359
12.530894
12.520356
12.520822
12.510153
12.474087
12.474341
12.506386
12.468933
12.454388
12.433356
12.416921
12.440224
12.436915
12.640502
12.727465
12.766429
12.605954
12.722474
12.659305
12.47959
12.504483
12.46516
12.498792
12.499934
12.510015
13.575779
13.606157
13.27377
13.455513
13.095575
13.23563
12.559176
12.624125
12.550821
12.627143
12.601522
12.557439
13.130535
13.150222
12.966551
13.022765
12.886197
12.482321
12.469447
12.430436
12.457228
12.487792
12.443669
13.063873
13.064072
12.974089
12.838802
12.925824
12.814705
13.129924
13.099009
12.968019
12.99208
12.915083
12.616575
12.673257
12.581928
12.69932
12.594517
12.694676
12.630908
12.50498
12.504381
12.457152
12.46777
12.507605
12.473009
12.364175
12.461766
12.455805
12.399416
12.496511
12.486191
12.985369
12.983829
12.941902
12.836545
12.806808
12.767617
13.216601
13.211442
13.178005
13.05177
13.014835
12.913519
13.03475
13.069466
12.914644
13.028482
12.802671
12.873962
13.012516
12.971671
12.988623
12.840224
12.876954
12.746848
12.915339
12.908654
12.860564
12.752757
12.803853
12.675487
12.684716
13.05584
13.101393
12.93985
12.971956
12.878174
13.253478
13.246048
13.19481
13.095852
12.987199
13.049411
13.098638
13.123782
13.113889
12.983637
12.95571
12.866792
12.530073
12.474387
12.515188
12.48952
12.472159
12.491171
12.507237
12.526763
12.537486
12.483954
12.517568
12.535536
12.537743
12.547431
12.533768
12.562932
12.522521
12.561994
12.541103
12.519839
12.477988
12.518474
12.541177
12.521978
12.513248
12.469119
12.539887
12.533735
12.540954
12.536411
12.54272
12.542922
12.516964
12.604864
12.669213
12.699746
12.692258
12.58399
12.647863
12.513087
12.508149
12.523103
12.509448
12.473654
12.509133
12.533573
12.52664
12.531647
12.541738
12.500837
12.518896
12.481411
12.516861
12.5215
12.500852
12.476558
12.516933
12.528908
12.481682
12.477501
12.530819
12.520276
12.462528
12.500868
12.469097
12.516882
12.494384
12.495851
12.534122
12.531129
12.545619
12.547542
12.532893
12.530167
12.542058
12.533953
12.54632
12.548333
12.570311
12.551534
12.537191
12.47969
12.448554
12.446727
12.477983
12.503993
12.469066
12.788761
12.661813
12.749065
12.729119
12.616548
12.671717
12.523665
12.544492
12.532328
12.534773
12.536025
12.532535
12.543054
12.531436
12.548956
12.521675
12.549405
12.540815
12.501649
12.511168
12.463183
12.516148
12.499813
12.516037
12.494706
12.524102
12.534873
12.528501
12.524964
12.503439
12.500329
12.469853
12.486308
12.504659
12.532829
12.490787
12.893836
12.858587
12.848214
12.791967
12.723796
12.746904
12.536599
12.549155
12.54792
12.532108
12.534089
12.548939
12.928827
12.900702
12.859905
12.784817
12.763234
12.732027
12.716806
13.013902
12.835709
12.99257
12.926384
12.848749
12.781555
13.046621
13.066792
12.993872
12.853154
12.92384
12.81466
12.508989
12.5255
12.528132
12.53742
12.535264
12.518037
12.524253
12.489643
12.497623
12.509255
12.503283
12.509131
12.516265
12.514722
12.483195
12.517078
12.514067
12.507542
12.524533
12.815448
12.75717
12.772769
12.691284
12.670114
12.63684
12.679719
12.688643
12.661717
12.579183
12.622454
12.584925
12.805294
12.755684
12.739663
12.685848
12.665761
12.520612
12.512295
12.531827
12.51294
12.523858
12.529254
12.827331
12.774819
12.752874
12.688292
12.642768
13.028516
13.060674
13.040786
12.886362
12.891474
12.787488
12.667428
12.635367
12.584415
12.662086
12.589772
12.597253
12.850819
12.81932
12.79889
12.737786
12.698808
12.673572
13.016103
12.924538
12.970191
12.840934
12.835335
12.804639
12.955423
12.972811
12.910239
12.791102
12.853773
12.751461
12.76922
12.744103
12.761229
12.689649
12.687716
12.667995
12.53944
12.524027
12.529349
12.500279
12.521776
12.515899
12.498265
12.618863
12.629773
12.569844
12.59308
12.572349
12.465473
12.543321
12.503355
12.495893
12.480361
12.505768
12.773253
12.741324
12.72188
12.653314
12.697332
12.636011
12.520023
12.528887
12.520226
12.504808
12.521695
12.535298
12.532235
12.623751
12.582891
12.646029
12.576308
12.632706
12.597348
12.879151
12.870372
12.820759
12.837692
12.744128
12.709064
12.663181
12.512494
12.507768
12.494585
12.516197
12.528012
12.503956
12.865374
12.879835
12.770353
12.780404
12.70766
12.703134
12.538942
12.501858
12.524289
12.527789
12.531419
12.504978
12.523546
12.555642
12.480015
12.525059
12.530773
12.536228
12.511172
12.616291
12.618005
12.576412
12.584976
12.575275
12.556547
12.725864
12.694069
12.724937
12.680596
12.646694
12.627882
12.527039
12.521316
12.523696
12.50466
12.519063
12.526437
12.522139
12.549934
12.559825
12.530569
12.559141
12.552915
12.533393
12.635967
12.632258
12.605963
12.581231
12.554514
12.512955
12.493622
12.503082
12.510684
12.498245
12.50911
12.494804
12.535204
12.554612
12.525232
12.546537
12.538087
12.521336
12.688025
12.6743
12.668767
12.59199
12.582421
12.620201
12.871918
12.864785
12.807134
12.7612
12.685452
12.705529
12.556076
12.524951
12.548106
12.523638
12.523686
12.603864
12.574946
12.582763
12.571733
12.557487
12.479549
12.516712
12.523781
12.516588
12.517234
12.525035
12.599799
12.55808
12.607586
12.535949
12.598612
12.541083
12.59322
12.49796
12.540555
12.504104
12.513814
12.509432
12.508208
12.508608
12.586631
12.541807
12.585728
12.572743
12.567429
12.53605
12.512354
12.524742
12.549186
12.540553
12.519268
12.520338
12.533258
12.52558
12.525832
12.512689
12.522705
12.530758
12.615567
12.571733
12.64216
12.652058
12.598061
12.576698
12.591495
12.516665
12.603301
12.588741
12.574347
12.541767
12.596695
12.614667
12.60676
12.564085
12.580069
12.562235
12.543682
12.686114
12.671748
12.664548
12.614955
12.607708
12.58469
12.55513
12.590863
12.564026
12.578151
12.536325
12.529554
12.505259
12.522853
12.516591
12.525366
12.515958
12.550956
12.595535
12.57761
12.56891
12.55809
12.612388
12.605539
12.578196
12.568724
12.559571
12.55156
12.540454
12.530638
12.536559
12.535136
12.541711
12.51894
12.536162
12.54969
12.544188
12.51272
12.531811
12.51865
12.528299
12.490385
12.515354
12.498075
12.505841
12.521777
12.521631
12.574798
12.573445
12.574195
12.567942
12.540783
12.527385
12.542137
12.543694
12.532549
12.508335
12.526991
12.532137
12.520912
12.527582
12.51144
12.513554
12.514138
12.574687
12.538201
12.565747
12.552972
12.535545
12.557425
12.556667
12.519805
12.532671
12.541145
12.523369
12.523937
12.515336
12.541243
12.520917
12.539005
12.523532
12.543666
12.526941
12.621474
12.596906
12.61276
12.586296
12.567418
12.560216
12.57122
12.536122
12.563303
12.565975
12.566918
12.542771
12.531545
12.51717
12.525118
12.526512
12.51819
12.520517
12.526482
12.5217
12.516628
12.530179
12.525899
12.514705
12.535607
12.515351
12.530309
12.537924
12.534607
12.516586
12.525669
12.499981
12.528159
12.522064
12.518786
12.535239
12.530091
12.536631
12.543503
12.539124
12.529203
12.536553
12.533079
12.523876
12.533166
12.533717
12.525414
12.507866
12.526334
12.530913
12.516637
12.517767
12.521403
12.445795
12.470169
12.468266
12.476582
12.490044
12.485586
13.918484
13.703989
13.661818
13.452622
14.001962
14.011208
13.946498
13.505571
13.777981
12.52277
12.519555
12.496303
12.498672
12.519118
12.516844
12.521642
12.49483
12.484642
12.486751
12.494795
12.506141
13.916777
13.929309
13.671819
13.777339
13.463068
13.550237
14.043151
14.053235
13.640764
13.428235
13.605899
13.852364
12.50543
12.517459
12.494127
12.503989
12.522576
12.521442
12.506145
12.523333
12.475281
12.4971
12.498908
12.509416
14.011702
14.043094
14.088763
14.110191
13.850489
13.813818
13.651171
13.947566
13.715764
14.038905
14.054497
13.972507
13.993392
13.790016
13.851274
13.62506
13.742477
13.57449
12.956515
12.907202
12.820391
12.787392
13.334361
13.555161
13.103095
13.130254
12.903949
13.233275
12.823557
12.976667
12.583008
12.580522
12.553697
12.549812
12.666501
12.558195
12.615774
12.643185
12.550996
12.596837
12.704883
12.658318
12.499584
12.518716
12.477332
12.506554
12.511161
12.502025
12.520974
12.517916
12.4653
12.480015
12.514991
12.519903
12.499531
12.488823
12.507337
12.498278
12.464637
12.451775
12.490343
12.513397
12.505775
12.483239
12.482546
12.49874
12.480066
12.497829
12.468943
12.485885
12.463291
12.473239
12.53479
12.510086
12.518206
12.493396
12.492581
12.487076
12.511405
12.520776
12.483596
12.456762
12.503573
12.474135
12.523164
12.522747
12.505475
12.475745
12.502545
12.4753
12.490064
12.512086
12.472744
12.454123
12.47229
12.432245
12.517411
12.520654
12.494514
12.447626
12.498666
12.455526
12.492933
12.514536
12.474663
12.44865
12.476819
12.431857
12.514601
12.520383
12.496581
12.451531
12.501519
12.460474
12.522829
12.509015
12.505427
12.469999
12.487013
12.468035
12.503406
12.506563
12.478857
12.447536
12.489032
12.463865
12.471188
12.453023
12.441092
14.161954
14.205279
13.781316
13.504685
13.955828
13.618737
14.344904
14.377589
14.044779
13.814884
14.121353
13.85689
14.299902
14.294086
14.088705
14.016386
13.823221
13.87695
14.223692
14.178158
13.880309
13.994415
13.686483
13.881724
13.67427
13.570201
13.571111
13.864587
13.632124
13.705758
12.514844
12.52622
12.527759
12.524098
12.479527
12.516771
12.497855
12.508557
12.524569
12.523821
12.472638
12.4996
12.522238
12.518388
12.502218
12.497366
12.526997
12.52644
12.519237
12.524691
12.505111
12.515274
12.497288
12.519302
12.529666
12.551209
12.586401
12.605398
12.491352
12.500858
12.501505
12.503996
12.553131
12.510434
12.584978
12.530071
12.931331
12.862064
13.084363
13.001564
12.754107
13.065448
12.836923
12.685318
12.627205
12.701418
12.908523
12.703537
13.218572
13.246156
13.085297
12.52051
12.507817
12.509569
12.494789
12.474534
12.485221
12.51616
12.522056
12.491997
12.471062
12.493859
12.462523
12.517521
12.517418
12.498529
12.453062
12.504788
12.461364
12.509597
12.530025
12.497697
12.479795
12.494023
12.464034
12.519238
12.523016
12.512947
12.489838
12.512856
12.489559
12.525485
12.507206
12.517658
12.497501
12.499338
12.490636
12.513585
12.516094
12.487304
12.460579
12.501432
12.46452
12.50291
12.530775
12.482768
12.468667
12.481538
12.436413
12.515522
12.520434
12.506581
12.469042
12.5075
12.478165
12.514965
12.494058
12.486577
14.08847
14.135801
13.604715
13.275756
13.846489
13.427711
14.298141
14.320387
13.957014
14.043927
13.748441
13.687484
14.348955
14.305608
13.973886
13.75545
13.988742
13.680212
13.677908
14.073427
13.769915
14.278222
14.232601
14.076286
14.094939
13.902992
13.857697
13.95122
13.740372
13.825492
14.182453
14.235008
13.783439
13.575917
13.833415
13.997292
13.672119
13.531961
13.581435
14.240883
14.233773
13.89664
13.686621
13.8556
13.574158
13.53901
13.911858
13.594363
14.351213
14.308185
14.014876
14.075032
13.806855
13.717724
14.279358
14.230503
14.084177
13.870735
14.093718
13.914779
13.956331
13.836174
13.751654
14.178423
14.236796
13.853989
13.61386
14.002136
13.694906
14.297291
14.308649
13.932912
13.723439
13.92658
13.631363
13.635334
14.030145
13.715037
14.398761
14.376137
14.118021
14.18055
13.932866
13.862805
14.179501
14.124073
13.976269
13.816587
13.886537
13.67198
13.597374
13.91141
13.654917
13.911924
13.757082
13.709355
13.299162
13.348961
13.066613
12.929255
13.176697
12.986415
12.496511
12.476325
12.614782
12.705141
12.52283
12.497421
12.522441
12.557542
12.665932
12.582911
12.528756
12.552023
12.514643
12.517549
12.573223
12.631735
12.524481
12.516582
12.523661
12.593243
12.535287
12.442679
12.474868
12.457158
12.453131
12.473732
12.494484
12.514392
12.499057
12.518313
12.521076
12.492656
12.519199
12.482986
12.493744
12.460925
12.495874
12.447562
12.490277
12.483936
12.491988
12.4766
12.442326
12.441204
12.462423
12.465948
12.46521
12.475362
12.457466
12.45094
12.453017
12.45362
12.443946
12.459939
12.464991
12.448939
12.433681
12.425051
12.421627
12.446468
12.44178
12.437372
12.438999
12.407995
12.41216
12.430627
12.423766
12.428123
12.428298
12.412885
12.415894
12.429745
12.423896
12.430872
12.429304
12.41758
12.425413
12.434713
12.425739
12.440407
12.435406
12.438272
12.444213
12.449389
12.440772
12.455621
12.450352
12.442579
12.45009
12.461852
12.452681
12.458149
12.460039
12.478294
12.46431
12.450744
13.130762
13.199261
12.850181
12.713543
12.999104
12.778994
13.437712
13.467439
13.146792
12.967592
13.282394
13.049571
13.319774
13.246735
13.160189
12.512317
12.496288
12.516315
12.519152
12.490266
12.514317
12.480131
12.49298
12.504295
12.520276
12.5036
12.509955
12.521386
12.479823
12.51392
12.480821
12.498079
12.518412
12.514857
12.519554
12.49981
12.518441
12.51645
12.500889
12.527895
12.539419
12.499611
12.532989
12.501909
12.481342
13.452242
13.507744
13.198653
13.043554
13.343865
13.125451
12.470115
12.446303
12.506341
12.493918
12.478233
12.481828
12.391616
12.435651
12.423407
12.424308
12.414467
12.457349
12.447914
12.454335
12.467503
12.456159
12.469611
12.455644
12.480057
12.494512
12.487043
12.512612
12.494943
12.488975
12.486558
12.487162
12.511439
12.51553
12.512632
12.50823
12.470124
12.473215
12.50357
12.515762
12.50449
12.506811
12.462174
12.441015
12.501542
12.511441
12.484687
12.49906
12.401166
12.451115
12.422021
12.45538
12.422613
12.406136
12.495777
12.48642
12.473007
13.542659
13.520948
13.374544
13.351611
13.394822
13.167873
13.146465
13.105643
13.232821
13.027989
12.999023
12.953334
13.296741
13.236109
13.291019
13.228629
13.115969
13.124183
13.528472
13.545674
13.308515
13.273915
13.21763
13.366637
13.114186
13.079312
13.01166
13.50772
13.452174
13.328426
13.274515
13.249089
13.208191
13.113051
13.061978
13.129242
13.556934
13.521749
13.475648
13.379732
13.386695
13.321094
13.415144
13.388706
13.250286
12.935591
12.844266
13.017507
12.748892
12.683214
12.77692
13.233349
13.178657
13.403838
13.424453
13.151331
13.222664
13.033033
13.044826
12.986247
12.993416
12.934217
12.954833
12.854772
12.828296
12.866754
12.612102
12.67821
12.547198
12.538079
12.642618
12.562174
12.593689
12.563659
12.618306
13.270197
13.135697
13.106065
13.380364
13.331203
13.329291
13.289904
13.217377
13.227476
13.098307
13.141843
13.058704
13.306896
13.354184
13.094902
13.031
13.082756
12.961696
12.950267
13.183559
13.002833
13.288936
13.182075
13.126139
13.032559
12.950354
12.915848
13.126705
13.15525
12.993003
12.919307
12.944841
12.85857
12.830331
12.992798
12.850977
13.016742
12.901985
12.990567
12.872125
12.855456
12.8749
13.285191
13.338705
13.014914
12.923944
13.029262
12.867675
12.881818
13.167754
12.954585
13.332015
13.281802
13.171129
13.288445
13.344357
13.051769
13.190018
12.991384
13.048788
12.971668
12.920889
12.908508
13.202383
13.080334
13.260939
13.176249
13.051041
13.097614
13.218564
13.249802
13.108595
13.080428
13.030582
13.088331
12.937452
12.972068
12.907972
13.173156
13.075023
13.027391
12.571278
12.631779
12.504621
12.498302
12.530994
12.615081
12.557831
12.513433
12.513586
12.524945
12.527783
12.515715
12.50467
12.513514
12.468456
12.453224
12.505225
12.476711
12.505652
12.503684
12.516649
12.523985
12.498804
12.508844
12.523432
12.528894
12.518904
12.531113
12.514622
12.52342
12.52143
12.519241
12.518069
12.49067
12.463083
12.497657
12.789272
12.839098
12.74317
12.475495
12.45683
12.461463
12.442238
12.501177
12.488687
12.499684
12.472676
12.490934
12.461373
12.467809
12.484767
12.492793
12.500785
12.518113
12.470481
12.470639
12.501196
12.509787
12.510603
12.506814
12.450616
12.472151
12.489944
12.526414
12.484666
12.508502
12.484529
12.489752
12.506601
12.508137
12.512406
12.5203
12.484007
12.481042
12.51464
12.518962
12.507294
12.519262
12.831504
12.878987
12.757052
12.519097
12.501712
12.532842
12.552444
12.520462
12.502628
12.521133
12.534728
12.523032
12.901548
12.777775
12.877364
12.47877
12.486608
12.493388
12.49027
12.486198
12.513187
12.466097
12.471683
12.46398
12.46915
12.479392
12.49093
12.492231
12.483834
12.498266
12.491028
12.502285
12.503708
12.500185
12.50317
12.485215
12.500547
12.518252
12.524227
12.516932
12.513667
12.508832
12.512629
12.492062
12.490707
12.503116
12.480971
12.50905
12.492746
12.476576
12.478447
12.483211
12.471279
12.488629
12.480378
12.502785
12.496542
12.460501
12.485557
12.480092
12.83704
13.001408
12.59931
12.565358
12.69742
12.91441
12.739411
12.590157
12.67081
12.505443
12.511102
12.517217
12.662009
12.749827
12.573491
12.703314
12.59299
12.551209
12.879378
12.863811
12.772667
12.478548
12.508627
12.489083
12.74912
12.692602
12.806818
12.78895
12.68227
12.722408
12.875268
12.833313
12.897009
12.87383
12.801864
12.819663
12.584425
12.554056
12.682382
12.744206
12.578294
12.669068
12.495848
12.513249
12.499013
12.495228
12.498258
12.506826
12.847489
12.88484
12.743108
12.716318
12.716554
12.763172
12.667109
12.675812
12.652151
12.862285
12.807702
12.74784
12.72319
12.701221
12.741493
12.727395
12.647329
12.653064
12.642136
12.60957
12.682406
12.669541
12.609038
12.574788
12.5622
12.608247
12.569503
12.835685
12.787826
12.87048
12.856141
12.756299
12.788957
12.946057
12.897375
12.911871
12.832057
12.805951
12.835956
12.847983
12.822717
12.828798
12.78649
12.748039
12.735699
12.497031
12.524949
12.493967
12.502259
12.499092
12.505051
12.508736
12.503421
12.508617
12.50404
12.520977
12.519127
12.516223
12.504887
12.522437
12.516997
12.512172
12.518576
12.543235
12.530281
12.51351
12.513567
12.539386
12.533383
12.532909
12.521628
12.526362
12.520377
12.515267
12.514944
12.494447
12.508812
12.486136
12.503606
12.481077
12.478202
12.522085
12.511794
12.526691
12.514113
12.523295
12.511676
12.519619
12.525958
12.493664
12.58842
12.551544
12.588402
12.502815
12.529367
12.504534
12.511479
12.493145
12.509604
12.490189
12.515306
12.5103
12.518384
12.518137
12.514206
12.50233
12.518728
12.498763
12.51512
12.503066
12.508024
12.49852
12.492539
12.494075
12.474895
12.51828
12.513136
12.521524
12.501802
12.517022
12.509316
12.523222
12.50399
12.513472
12.511528
12.512892
12.522964
12.516204
12.517444
12.508313
12.510246
12.50974
12.540304
12.528622
12.529794
12.532184
12.53133
12.522017
12.501979
12.503403
12.500151
12.515391
12.51537
12.509762
12.689682
12.710698
12.594815
12.55426
12.65432
12.580128
12.530703
12.541264
12.527644
12.545132
12.522832
12.555337
12.524735
12.516057
12.519987
12.510374
12.509986
12.518595
12.538942
12.561395
12.514024
12.548316
12.524511
12.510416
12.510627
12.513405
12.502013
12.771823
12.795679
12.713961
12.700231
12.679013
12.657654
12.627548
12.705581
12.636813
12.52268
12.512134
12.541313
12.516517
12.535254
12.555722
12.680877
12.642069
12.659575
12.619687
12.622875
12.612458
12.749201
12.718195
12.679887
12.534781
12.550407
12.515021
12.511277
12.537631
12.515312
12.510183
12.51129
12.512759
12.511296
12.508123
12.513294
12.509257
12.504441
12.509471
12.707372
12.746836
12.614589
12.59588
12.606261
12.655118
12.580366
12.569201
12.563244
12.553024
12.530729
12.577599
12.568402
12.534656
12.547501
12.682258
12.695882
12.636377
12.61084
12.635945
12.606616
12.541428
12.565282
12.522097
12.517154
12.53427
12.557378
12.544194
12.528136
12.540041
12.696201
12.702908
12.621563
12.647297
12.596141
12.58098
12.757212
12.727592
12.664971
12.576729
12.563781
12.570379
12.661793
12.651448
12.634632
12.602793
12.613376
12.591695
12.769313
12.732587
12.762208
12.719609
12.712851
12.706125
12.702653
12.658649
12.741795
12.726121
12.639802
12.664893
12.641705
12.61816
12.636697
12.606754
12.605799
12.598961
12.516343
12.518719
12.524557
12.510489
12.547263
12.526223
12.51682
12.538374
12.525531
12.524205
12.520177
12.526492
12.528421
12.528446
12.498481
12.566848
12.562793
12.549601
12.51312
12.545043
12.511966
12.518122
12.509973
12.539885
12.522928
12.520653
12.526567
12.666158
12.677248
12.607956
12.621016
12.584322
12.634127
12.624883
12.579381
12.593273
12.51953
12.515314
12.52069
12.515156
12.516963
12.519412
12.640359
12.616675
12.618248
12.576681
12.577635
12.560647
12.507317
12.511474
12.52689
12.526007
12.521295
12.525699
12.523489
12.514569
12.520568
12.647316
12.604957
12.606345
12.572126
12.549826
12.558697
12.543115
12.573919
12.558584
12.558167
12.538638
12.546696
12.628414
12.623925
12.604843
12.586697
12.595213
12.583005
12.526348
12.525507
12.541551
12.53073
12.515338
12.51338
12.524543
12.539757
12.531694
12.525992
12.522152
12.529594
12.524141
12.517093
12.55023
12.552897
12.535568
12.543272
12.533677
12.522506
12.529726
12.546631
12.532701
12.525533
12.504792
12.512716
12.509013
12.515207
12.513017
12.511927
12.519785
12.520533
12.527895
12.527538
12.522367
12.52374
12.558656
12.53765
12.57602
12.536526
12.551796
12.571258
12.642772
12.598896
12.608569
12.53201
12.523708
12.54368
12.529714
12.528054
12.506173
12.518845
12.517841
12.518039
12.510674
12.511136
12.516109
12.531302
12.513687
12.518097
12.515052
12.516655
12.529351
12.524777
12.519062
12.522764
12.545905
12.552872
12.534528
12.519139
12.514776
12.519591
12.552001
12.557222
12.541708
12.540114
12.535731
12.512189
12.592504
12.57807
12.576253
12.519071
12.515566
12.521769
12.520551
12.52316
12.523785
12.552338
12.551212
12.543502
12.537603
12.543506
12.537219
12.5157
12.518113
12.523629
12.54695
12.54735
12.537348
12.533788
12.545132
12.530507
12.523365
12.527166
12.520872
13.364501
12.636671
12.187807
11.899358
11.737235
11.666702
11.634328
11.620218
11.614323
11.615671
11.621454
11.629847
11.671556
11.747774
11.900906
12.211927
12.698482
13.348633
13.416491
13.566431
13.684562
13.522161
13.201016
13.479462
13.663768
13.706695
13.569847
13.41943
13.424124
13.571387
13.705678
13.69257
13.584183
13.667815
13.580019
13.758307
13.598645
13.432761
12.959101
13.052519
12.38907
12.413657
12.021949
12.015128
11.817565
11.807738
11.707902
11.689645
11.65064
11.647362
11.625874
11.623598
11.611047
11.614529
11.613388
11.615687
11.621315
11.618589
11.622776
11.629378
11.646395
11.657456
11.714593
11.712967
11.855469
11.850054
12.193785
12.105386
12.488649
12.713772
12.838947
13.020988
12.993768
12.869738
12.82366
12.90632
12.263328
13.059577
11.94433
12.954935
12.747972
12.793821
11.694882
12.218652
11.65121
11.89973
11.629969
11.75765
11.628559
11.668998
11.624732
11.636077
11.619266
11.625688
11.658098
11.6216
11.70414
11.607964
11.811937
11.635179
12.042985
11.652977
12.590858
11.713044
11.82
12.051339
13.034614
12.905033
12.89042
11.781103
12.868085
12.779457
12.883812
12.43068
12.789644
12.416843
12.394841
12.505773
11.628787
12.495205
12.321879
11.678963
12.105166
11.646396
11.634898
12.048621
11.631498
11.820051
11.657893
11.715022
11.689102
11.654779
11.764284
11.641894
11.913289
11.625513
11.625706
11.634348
11.660008
11.69757
11.785597
11.961878
12.467711
12.660005
12.406984
12.330889
12.494375
11.753549
12.15633
11.87638
12.45109
12.327114
12.431243
11.806101
11.624346
11.97295
12.110715
11.661588
11.63398
11.723938
11.867991
11.747971
11.668964
11.638794
11.626396
11.62784
11.643177
11.630841
11.674949
11.728669
11.638691
11.65038
11.627105
12.357975
12.359518
11.690468
11.86636
12.061506
12.251221
12.130001
11.926159
11.784061
12.074072
12.108015
12.041432
12.151487
12.031538
11.74718
12.002745
11.61941
11.888241
11.615906
11.750253
11.669309
11.636998
11.646706
11.639414
11.634628
11.681809
11.617495
12.105045
11.626186
11.622128
11.6556
11.847967
11.619593
12.106615
11.755954
11.667488
11.858272
11.784411
11.627578
11.830899
11.906393
11.899983
11.622312
11.61582
11.625094
11.642852
11.693706
11.718149
11.644712
11.771629
11.621468
11.70363
11.703471
11.669021
11.616025
11.62107
11.622468
11.629482
11.633036
11.622653
11.657081
13.758332
13.797976
13.791598
13.803575
13.807343
13.782263
13.842449
13.939462
14.031234
14.109366
14.129463
14.068074
14.004541
13.798635
13.78678
13.725527
13.771044
13.86288
13.974947
14.082803
14.138444
14.164436
14.11566
14.022651
13.931136
13.845038
13.835622
13.936795
14.039362
14.066209
14.168637
14.149817
14.109595
14.030062
13.79873
13.941943
13.635073
13.785813
13.983918
14.087659
14.004717
14.103976
14.190204
14.145697
14.011387
13.959015
13.853287
12.966882
13.469682
13.119749
13.171823
12.386696
12.76301
12.820192
12.486815
12.500085
12.024505
12.266062
12.280625
12.08707
12.085724
11.805892
11.947614
11.947088
11.846827
11.844889
11.693933
11.768255
11.767999
11.717618
11.708838
11.646513
11.683887
11.681238
11.652674
11.656744
11.624722
11.64001
11.635118
11.628116
11.630941
11.617436
11.617708
11.626229
11.61474
11.621217
11.613366
11.614217
11.613935
11.610145
11.617557
11.617215
11.61705
11.61208
11.617041
11.619966
11.625297
11.615853
11.62413
11.622638
11.627051
11.64641
11.629796
11.627357
11.635564
11.645856
11.702127
11.659874
11.664634
11.68815
11.686322
11.812142
11.723563
11.73383
11.79116
11.793427
12.03575
11.870592
11.867607
12.017284
11.992219
12.427938
12.19493
12.152912
12.330113
12.42286
12.998807
12.911905
12.579834
12.686608
13.250691
13.380555
12.984114
13.466797
13.390187
13.103287
13.071232
13.640995
13.167088
13.211143
13.647865
13.274295
13.253088
13.347818
12.996991
13.200454
12.811991
12.873005
13.563389
13.062829
13.147738
13.698079
13.322708
13.235542
13.646935
13.34113
13.330211
13.473817
13.266513
13.184297
13.118133
13.076201
13.476653
13.392565
13.096428
13.069115
13.668738
13.156359
13.218752
13.740472
13.28434
13.307097
13.660691
13.305832
13.206447
13.303659
13.146131
13.637951
13.284681
13.723609
13.260949
13.127572
13.303918
13.707659
13.385832
13.362056
13.507728
13.310766
13.212189
13.072087
13.140018
12.649924
12.855838
12.704594
12.929134
12.186777
12.326493
12.557934
12.188158
12.600738
12.312117
11.908398
12.137889
11.978283
11.89153
12.114446
11.951786
11.750503
11.867623
11.793582
11.739277
11.853998
11.778898
11.673575
11.702622
11.743085
11.663813
11.723827
11.678413
11.6398
11.672563
11.647358
11.632094
11.660985
11.644027
11.621309
11.643246
11.631402
11.620189
11.628305
11.628887
11.616422
11.621496
11.623311
11.614889
11.625596
11.616805
11.619886
11.624654
11.617011
11.615525
11.621099
11.619912
11.624878
11.624147
11.62435
11.623047
11.614829
11.6263
11.636143
11.624588
11.640546
11.63947
11.634604
11.64337
11.680589
11.658615
11.673422
11.681068
11.652479
11.682983
11.774213
11.716299
11.762905
11.771648
11.716546
11.761014
12.000493
11.834003
11.937144
11.958073
11.840164
11.946644
12.423934
12.484447
12.110163
12.307676
12.278343
12.319244
12.074535
12.5399
12.783358
12.87954
12.788144
12.601334
12.553003
13.017635
12.949937
12.698893
12.744343
12.922793
12.730847
12.699418
12.636649
12.858623
12.777941
12.588435
12.549834
12.945555
12.629699
12.66647
12.083305
12.474864
12.380737
12.191731
13.075534
12.968693
12.847652
12.753315
11.851389
12.022911
11.909498
12.913524
12.661048
12.6888
12.895268
12.618987
12.470087
12.610911
11.670618
11.726557
11.686802
11.722631
12.036852
12.319504
12.133369
11.639669
11.667086
11.646378
11.816739
11.972721
11.860972
11.627872
11.636074
11.643212
11.706148
11.792585
11.73854
11.626918
11.626789
11.62726
11.649603
11.697604
11.662352
11.627294
11.631661
11.631033
11.628814
11.646689
11.641837
11.639345
11.627838
11.640332
11.622637
11.633711
11.624704
11.675623
11.657737
11.670415
11.617337
11.628483
11.626373
11.752184
11.703303
11.737481
11.621534
11.618808
11.622064
11.910491
11.790031
11.861097
11.641347
11.636986
11.64807
12.212328
11.974069
12.093435
11.675742
11.660863
11.67395
12.277374
12.767108
12.445689
11.754869
11.709315
11.751744
11.92032
11.803566
11.895331
12.184103
12.01096
12.74171
12.848823
12.898532
12.644351
12.655502
12.572447
12.638323
11.767088
11.824265
12.802587
12.643403
12.586914
12.815744
12.536273
12.545204
12.666754
12.594234
12.480415
12.27619
12.5316
12.552664
12.205342
12.449026
12.251512
12.431765
12.346902
12.207611
12.241136
12.311039
12.490009
12.296907
11.637543
11.633725
11.628267
11.636668
12.280865
12.584059
12.381778
12.115747
12.381318
12.19376
11.662783
11.70934
11.669647
11.685176
11.977173
12.047451
12.183708
11.643958
11.649204
11.633001
11.632871
11.631797
11.91965
12.087004
11.959891
11.642274
11.634862
11.634978
11.759209
11.84828
11.786013
11.669069
11.660847
11.644624
11.680217
11.734396
11.692582
11.723257
11.672628
11.705405
11.646185
11.671258
11.650201
11.828352
11.786315
11.747623
11.631026
11.644267
11.637153
12.027997
11.862906
11.92232
11.62455
11.631149
11.626947
11.630135
11.63129
11.625572
11.643269
11.631577
11.643757
11.672479
11.655735
11.670675
11.737393
11.69003
11.710212
11.862372
11.760152
11.828281
11.914327
12.018039
12.263909
12.266756
12.584483
12.438362
12.360362
12.431704
12.197495
12.271252
12.329515
12.182291
12.161851
12.421831
12.365976
12.276913
11.805436
11.723917
11.767563
12.151833
12.032626
11.925651
11.832219
12.390833
12.275952
12.260346
12.331548
12.165974
12.144907
12.232899
12.283043
11.755674
11.862628
11.778751
11.629127
11.627072
11.625602
11.622875
12.093016
11.868285
12.033214
11.894175
11.975432
12.115495
11.993312
11.646753
11.689452
11.65297
11.664195
11.628877
11.640493
11.626066
11.740955
11.697209
11.798265
11.878475
11.813635
11.701975
11.755587
11.710485
11.652462
11.672121
11.657523
11.633873
11.640945
11.637886
11.628024
11.628379
11.622709
11.618414
11.634902
11.630132
11.633761
11.655247
11.649274
11.633303
11.628856
11.631464
11.699147
11.662808
11.678762
11.790867
11.740565
11.709565
11.640967
11.631259
11.635144
11.669372
11.639079
11.656111
11.619954
11.624013
12.157607
12.217359
12.175822
12.220826
11.729679
11.675516
11.695317
11.956722
11.806695
11.88523
12.082817
12.037011
11.937746
11.9773
12.179868
12.019869
12.118296
11.970136
11.830423
11.890317
11.798184
11.736986
12.119008
11.987196
11.987801
11.996725
12.084915
12.010435
11.890694
11.95775
12.012892
12.062355
11.927861
11.911768
11.710574
11.758178
11.817641
11.702873
12.0435
11.918844
11.875254
11.619355
11.621203
11.621107
11.614938
11.81123
11.902498
11.828225
11.622592
11.621327
11.621199
11.623769
11.702374
11.719294
11.759342
11.650742
11.684223
11.658606
11.628559
11.644936
11.627527
11.638231
11.660712
11.652817
11.631873
11.628074
11.651339
11.62535
11.636142
11.621444
11.62729
11.678233
11.622099
11.616166
11.619308
11.945789
11.636893
11.627288
11.627133
11.622889
11.62383
11.67123
11.642538
11.655783
11.831101
11.873203
11.772895
11.803836
11.623242
11.616627
11.622256
11.968209
11.703655
11.805116
11.729185
11.652339
11.683967
11.811182
11.766786
11.827523
11.734216
11.70949
11.627175
11.626687
11.764672
11.763564
11.831778
11.617644
11.620013
11.618207
11.61785
11.623799
11.611819
11.616584
11.632975
11.61874
11.624703
11.667576
11.650118
11.630298
11.701346
11.663985
11.725503
11.667456
11.737719
11.708039
11.685253
11.631538
11.637619
11.644051
11.616194
11.625226
11.616357
11.670932
11.681592
11.643531
11.62323
11.616795
11.623699
11.628396
11.622413
11.641801
13.988852
14.011492
14.007353
14.017713
14.018917
14.008249
14.084598
14.139733
14.291766
14.338572
14.390882
14.362583
14.270299
14.155816
14.048264
14.022487
14.025676
14.079834
14.256361
14.314445
14.396706
14.411865
14.328888
14.27671
14.129379
14.083461
14.079666
14.135855
14.289235
14.291352
14.420865
14.405165
14.327944
14.280901
14.055634
14.1356
13.971733
14.042255
14.154848
14.310851
14.2601
14.386224
14.425038
14.339041
14.255573
14.14787
14.089253
13.568263
13.568477
13.561231
13.155707
13.403849
13.229804
13.257895
12.794361
12.50573
12.692893
12.721512
12.554962
12.560608
12.280382
12.099799
12.221992
12.229866
12.131192
12.13193
11.958366
11.848896
11.920559
11.92052
11.870444
11.870049
11.769357
11.713281
11.751321
11.752055
11.726534
11.721473
11.678558
11.65543
11.67485
11.675041
11.657684
11.663295
11.639477
11.628615
11.638256
11.632934
11.631553
11.631825
11.621943
11.618982
11.617569
11.624731
11.617485
11.622817
11.616013
11.613369
11.615841
11.613753
11.610952
11.617501
11.613883
11.616374
11.618611
11.612481
11.617479
11.618043
11.618743
11.62311
11.617332
11.624174
11.621745
11.626255
11.627837
11.637387
11.631948
11.628426
11.631984
11.639049
11.657543
11.684727
11.666553
11.667129
11.679154
11.676718
11.723129
11.777508
11.733534
11.741657
11.767305
11.77084
11.852684
11.964536
11.883574
11.881974
11.954462
11.944756
12.117798
12.314338
12.200793
12.179645
12.266253
12.308839
12.554548
12.841541
12.795825
12.634149
12.688327
13.544908
13.5553
13.545261
13.168653
13.292739
13.349613
13.153447
13.599888
13.619747
13.434501
13.39631
13.25338
13.236146
13.748143
13.789575
13.511685
13.602904
13.357259
13.381088
13.889695
13.891065
13.66981
13.673168
13.472465
13.459986
13.790544
13.755732
13.60018
13.432022
13.24416
13.360545
13.480994
13.451354
13.04663
13.220591
13.270403
12.9994
13.034517
13.661281
13.713182
13.428797
13.515542
13.266287
13.307136
13.865567
13.892891
13.614843
13.683155
13.488735
13.443693
13.928405
13.90811
13.705745
13.681296
13.520629
13.515526
13.787309
13.744568
13.60872
13.518634
13.414723
13.36928
13.595126
13.62305
13.398206
13.440087
13.26369
13.24169
13.604622
13.616142
13.442851
13.399798
13.253958
13.238456
13.748457
13.799518
13.519802
13.626028
13.353706
13.389576
13.866758
13.926376
13.697455
13.733112
13.493434
13.502424
13.91294
13.898112
13.72695
13.683784
13.493209
13.440866
13.797643
13.757577
13.627442
13.440621
13.353658
13.821504
13.872797
13.558529
13.655116
13.469214
13.775396
13.832797
13.613671
13.664044
13.424154
13.346577
13.443475
13.968722
13.952767
13.753845
13.744562
13.566721
13.55127
13.791536
13.775348
13.656706
13.554023
13.452782
13.399312
13.612517
13.634813
13.403395
13.466327
13.243739
13.281998
13.029132
12.850602
13.113432
13.103554
12.797451
12.906658
13.329517
13.103768
12.930604
13.174586
12.87237
12.994166
12.430741
12.320175
12.514052
12.282518
12.358373
12.47064
12.451708
12.340893
12.552274
12.293223
12.504003
12.361862
12.051321
11.980861
12.100591
11.962232
12.079899
12.000189
12.046995
11.978973
12.096235
11.94745
12.063451
11.981172
11.828959
11.789221
11.860302
11.780312
11.838354
11.802213
11.824179
11.786414
11.84504
11.769969
11.829546
11.792079
11.710737
11.694418
11.726254
11.688754
11.704975
11.725069
11.698708
11.687277
11.713161
11.675952
11.707059
11.683813
11.649785
11.643346
11.661184
11.645222
11.661732
11.647703
11.650751
11.639318
11.654172
11.638357
11.654979
11.64722
11.625486
11.619674
11.633763
11.624187
11.637784
11.630863
11.629503
11.627377
11.62734
11.622128
11.624911
11.626931
11.612226
11.612128
11.617093
11.61508
11.617374
11.619793
11.618885
11.614443
11.618273
11.614372
11.622107
11.616084
11.610556
11.614732
11.615932
11.617464
11.621015
11.615427
11.616586
11.612886
11.615456
11.615234
11.620022
11.620129
11.617402
11.616059
11.621254
11.62311
11.625224
11.624454
11.620981
11.623716
11.616383
11.62084
11.615574
11.622562
11.623588
11.626616
11.625493
11.629892
11.624338
11.632424
11.627619
11.627182
11.626053
11.633559
11.633713
11.638365
11.640109
11.653198
11.641982
11.664123
11.655479
11.660707
11.65248
11.662659
11.647168
11.668359
11.653287
11.669559
11.699721
11.716437
11.697696
11.741925
11.719352
11.740054
11.698567
11.725717
11.696061
11.74059
11.715907
11.736297
11.820186
11.861002
11.811903
11.9231
11.844302
11.892291
11.819344
11.856778
11.808019
11.899729
11.84676
11.898921
12.097412
12.193931
12.090396
12.303158
12.328779
12.146935
12.247603
12.046442
12.130196
12.026103
12.187889
12.206437
12.087735
12.403951
12.532231
12.642165
12.378588
12.513731
12.55644
12.693961
12.837422
12.878617
12.559885
12.747652
12.964681
12.994185
12.85841
12.808235
12.713416
12.686663
13.16487
13.172029
13.018786
12.989458
12.852762
12.877614
13.155177
13.125808
13.008966
12.958528
12.856129
12.839127
13.00057
13.042117
12.66324
12.82306
12.906361
12.748584
12.952009
12.978665
12.838025
12.794089
12.700258
12.678936
13.058169
13.087824
12.881673
12.928775
12.763797
12.782307
12.294739
12.199031
12.167111
12.361417
12.322871
12.228673
13.216019
13.177963
13.070748
13.017176
12.95107
12.901705
11.95824
11.902338
12.009377
11.893884
11.982005
11.92614
13.123985
13.127143
12.953961
12.944373
12.803516
12.816594
12.930717
12.805259
12.650803
12.603056
12.823099
12.682994
12.990148
12.959737
12.86191
12.70041
12.864311
12.624868
12.707056
11.700416
11.684136
11.68234
11.707741
11.690497
11.706845
12.264669
12.167652
12.334124
12.121958
12.268447
12.177078
11.64849
11.647753
11.660224
11.644981
11.660599
11.647713
11.924885
11.878501
11.963076
11.855693
11.934657
11.880898
11.631137
11.625224
11.635157
11.628961
11.635493
11.639126
11.767614
11.740817
11.783771
11.729143
11.775113
11.748404
11.625905
11.627124
11.627469
11.627734
11.626054
11.626882
11.673734
11.666282
11.686719
11.658383
11.684947
11.666189
11.619126
11.623138
11.625932
11.627091
11.631548
11.630322
11.640341
11.632256
11.64222
11.632013
11.641847
11.640545
11.623263
11.623419
11.62549
11.631104
11.624791
11.630399
11.62918
11.627752
11.626647
11.624051
11.629341
11.624557
11.648888
11.659392
11.647748
11.66537
11.657051
11.662496
11.61791
11.621327
11.621701
11.619328
11.626697
11.625898
11.687552
11.711443
11.688497
11.727463
11.706825
11.722552
11.617468
11.613418
11.614373
11.615456
11.613539
11.615204
11.787436
11.823394
11.780587
11.858261
11.801656
11.836106
11.630178
11.635218
11.627609
11.636931
11.636386
11.642012
11.987608
12.076095
11.970335
12.119577
12.007601
12.06765
11.648457
11.652663
11.647232
11.662586
11.658723
11.663113
12.779021
12.723485
12.446733
12.566286
12.420476
12.679115
12.513021
11.697547
11.715863
11.692099
11.731326
11.71109
11.732487
11.788604
11.832181
11.783773
11.867355
11.811276
11.858547
11.998094
12.062982
12.15567
11.981799
12.115485
12.032677
13.165401
13.18934
13.06634
12.963892
12.883484
12.947387
13.05346
13.085642
12.89684
12.901494
12.77522
12.778565
13.062293
13.044626
12.843583
12.893875
12.725343
12.759133
11.787329
11.76214
11.814311
11.750349
11.772283
11.801854
13.015942
12.984599
12.890601
12.827418
12.750947
12.719536
12.915932
12.916855
12.773346
12.791657
12.65219
12.655303
13.039442
13.008233
12.921413
12.848711
12.769058
12.730713
12.369371
12.558618
12.530779
12.317773
12.45774
12.349757
12.921625
12.925306
12.780223
12.79015
12.652914
12.663868
12.531659
12.513083
12.368915
12.301877
12.436296
12.330539
12.486653
12.506553
12.415233
12.366503
12.295309
12.315216
12.620084
12.614812
12.495555
12.404401
12.500972
12.395757
11.634033
11.628111
11.633076
11.632841
11.629729
11.634151
12.437709
12.555264
12.611511
12.381755
12.541307
12.440469
12.381541
12.253296
12.436601
12.209949
12.352872
12.256182
11.682604
11.672949
11.671296
11.693282
11.675667
11.681583
12.15084
12.064273
12.189842
12.037404
12.080187
12.146391
11.645633
11.64561
11.642045
11.654756
11.646396
11.648681
11.628745
11.631461
11.633788
11.633292
11.635197
11.633321
12.090206
12.010887
12.121295
11.979372
12.06944
12.004622
11.631056
11.629459
11.632798
11.637314
11.633674
11.635112
11.840313
11.808237
11.866949
11.787814
11.834695
11.804783
11.649002
11.658208
11.647945
11.661865
11.659508
11.65091
11.728092
11.70846
11.73501
11.695911
11.724963
11.703253
11.67941
11.697502
11.678354
11.705885
11.680126
11.697805
11.658058
11.650802
11.666944
11.65047
11.666051
11.653773
11.751633
11.777381
11.743002
11.793837
11.775292
11.757997
11.641884
11.637758
11.643011
11.635147
11.643416
11.639797
11.885972
11.942191
11.867853
11.970006
11.889647
11.919916
11.625327
11.629052
11.627763
11.625027
11.630304
11.625866
11.626373
11.622976
11.624637
11.628614
11.629396
11.625874
11.628118
11.636481
11.631938
11.638153
11.633333
11.640257
11.654077
11.661249
11.650149
11.664556
11.658188
11.665806
11.685297
11.706138
11.683107
11.717188
11.693377
11.70309
11.770477
11.795345
11.760697
11.821327
11.773728
11.807612
11.930953
11.987376
12.033857
11.909477
11.937603
11.989432
12.560198
12.571257
12.457469
12.447522
12.358041
12.360345
12.750272
12.751653
12.623102
12.624275
12.544051
12.499059
12.520949
12.382238
12.422333
12.296737
12.338845
12.434742
12.430632
12.334822
12.326477
12.252722
12.240414
12.617943
12.574688
12.541198
12.456998
12.428476
12.379961
11.738378
11.760882
11.728884
11.776238
11.739192
11.761226
12.120145
12.209644
12.226712
12.089259
12.156253
12.09294
11.892248
11.848135
11.9238
11.838962
11.904074
11.85569
12.57095
12.54393
12.474126
12.417916
12.360335
12.350792
12.433925
12.422925
12.341947
12.326195
12.243188
12.231025
12.53867
12.528347
12.405689
12.436214
12.325998
12.355864
11.796867
11.835693
11.778143
11.834055
11.791517
11.625803
11.628991
11.626376
11.626666
11.626911
11.624312
12.009656
11.947069
12.027478
11.916745
12.002673
11.934179
12.17786
12.101347
12.181676
12.038981
12.11494
12.050991
11.661093
11.665861
11.653992
11.675427
11.658758
11.663084
11.63527
11.638299
11.640247
11.631025
11.638194
11.630518
11.713161
11.735373
11.737323
11.705131
11.732057
11.711087
11.914456
11.859944
11.918919
11.831402
11.873591
11.842526
11.766945
11.742445
11.770121
11.722568
11.752251
11.729555
11.681782
11.67295
11.684453
11.660552
11.67103
11.664918
11.645583
11.643413
11.645328
11.636265
11.64069
11.639898
11.63042
11.631339
11.627496
11.627572
11.624731
11.620826
11.625566
11.629294
11.6284
11.63147
11.632645
11.63455
11.645718
11.652166
11.638628
11.648736
11.647402
11.636985
11.633959
11.62803
11.631941
11.629377
11.632572
11.63253
11.674599
11.685064
11.663774
11.686152
11.668494
11.676679
11.718189
11.745131
11.713575
11.760157
11.737058
11.721783
11.63792
11.641275
11.632776
11.638315
11.634853
11.637069
11.661444
11.648935
11.644987
11.659596
11.645032
11.655149
11.630363
11.632505
11.627377
11.62744
11.622812
11.6256
12.467333
12.452448
12.370329
12.342122
12.250925
12.283419
12.446766
12.471717
12.340262
12.389217
12.262351
12.287424
11.688632
11.707209
11.680281
11.70877
11.685172
11.693868
11.847712
11.890038
11.825546
11.907136
11.836107
11.876033
12.129994
12.118638
12.07179
12.046186
11.994963
12.017491
12.318593
12.218303
12.341512
12.306953
12.167595
12.218108
12.207909
12.142626
12.198917
12.07382
12.124356
12.043931
11.923305
11.9763
11.893134
11.970572
11.875973
11.909486
11.773163
11.807762
11.825156
11.754217
11.790445
11.759707
12.132454
12.046085
12.14929
12.012714
12.099387
12.031624
12.172498
12.18304
12.113103
12.095156
12.044851
12.049798
12.11135
12.098157
12.058023
12.024037
11.959324
11.9952
12.208353
12.21436
12.135927
12.11677
12.07778
12.092931
12.099179
12.032723
12.044619
11.976809
11.965985
11.742981
11.777472
11.727199
11.751281
11.781981
11.724545
12.069264
12.075921
12.002508
12.021977
11.957697
11.933355
11.622765
11.618375
11.619753
11.619661
11.621051
11.616617
11.938662
11.882911
11.93637
11.847524
11.898334
11.860115
11.620549
11.624947
11.619442
11.620503
11.620456
11.622443
11.783776
11.75666
11.778988
11.72414
11.733996
11.754261
11.690242
11.671704
11.684239
11.659387
11.677827
11.66576
11.648313
11.640128
11.643356
11.632055
11.641333
11.631163
11.649712
11.656363
11.642558
11.652498
11.648149
11.637432
11.646847
11.641587
11.632705
11.644817
11.628979
11.635497
11.632353
11.631466
11.62674
11.63495
11.625367
11.630166
11.680288
11.696003
11.695832
11.670652
11.681298
11.621277
11.626336
11.61859
11.619827
11.614345
11.618999
12.185093
12.066248
12.160288
12.140379
12.083551
12.019331
11.631739
11.633121
11.62455
11.631008
11.6285
11.627342
11.622321
11.622271
11.622361
11.624565
11.625777
11.625051
11.65576
11.665743
11.644562
11.661538
11.648835
11.656228
11.888966
11.884873
11.835941
11.860218
11.807287
11.824367
11.617497
11.623891
11.620595
11.621774
11.617979
11.622455
12.178786
12.158155
12.112346
12.070504
12.032618
11.766701
11.74929
11.790654
11.727388
11.78046
11.743681
11.66565
11.682567
11.659003
11.683978
11.661059
11.677049
11.908246
11.871815
11.885924
11.910682
11.831365
11.830177
11.809324
11.83333
11.768683
11.826435
11.797564
11.803663
11.757058
11.741739
11.633362
11.629862
11.62676
11.62522
11.627157
11.628157
11.857244
11.809876
11.866772
11.882884
11.830368
11.796221
11.79596
11.940385
11.949093
11.905225
11.888585
11.867016
11.892882
11.94357
11.925652
11.954218
11.856262
11.858521
11.621499
11.618878
11.619274
11.619959
11.620236
11.619668
11.614341
11.619421
11.615872
11.621828
11.613417
11.61767
11.623779
11.622892
11.624847
11.628804
11.620453
11.624433
11.638328
11.645231
11.638935
11.654231
11.64499
11.63543
11.706043
11.689224
11.697015
11.676764
11.707732
11.678841
11.743194
11.738276
11.70748
11.726123
11.711155
11.701239
11.651299
11.64678
11.653312
11.637843
11.640851
11.64286
11.798835
11.765031
11.786436
11.800384
11.746634
11.752282
11.619455
11.625114
11.620449
11.616284
11.622941
11.616805
11.696827
11.71741
11.684381
11.733602
11.707625
11.685038
11.715831
11.692329
11.731673
11.715979
11.6837
11.691298
11.684413
11.65939
11.674108
11.685576
11.657833
11.673827
11.654091
11.620852
11.615846
11.615922
11.611731
11.621438
11.615555
11.623305
11.620463
11.617262
11.618264
11.623395
11.621945
11.624453
11.626935
11.626214
11.618248
11.625575
11.623469
11.628737
11.626456
11.625929
11.627841
11.635113
11.626507
11.62774
11.636694
11.635206
11.628399
11.630884
11.636811
11.621934
11.62488
11.617655
11.618029
11.61876
11.621509
11.655313
11.65947
11.670269
11.648248
11.661082
11.648278
14.00476
14.023606
13.996062
14.008123
13.769209
13.761652
14.024761
14.05035
14.026749
14.051574
13.789105
13.812829
13.585662
13.814395
13.585383
14.030227
14.05172
14.031732
14.056119
13.796276
13.815044
13.590134
13.823786
13.59242
14.011055
14.028096
14.010333
14.022539
13.781155
13.777042
14.190233
14.242952
13.886248
13.652538
13.986942
13.695895
14.374811
14.395738
14.076112
13.831665
14.135616
13.867612
14.345631
14.313866
14.115916
13.886257
14.045232
13.850691
14.117877
14.071862
13.907105
13.668999
13.767976
13.575306
13.751026
13.50997
13.477159
14.142902
14.206113
13.815386
13.569328
13.923546
13.614839
14.359756
14.387646
14.034305
13.770095
14.125189
13.822641
14.393825
14.36633
14.16168
13.921093
14.147221
13.932073
14.229752
14.179924
14.074404
13.877663
13.980143
13.835406
13.885477
13.698942
13.656131
14.191651
14.247351
13.884132
13.653263
13.990241
13.697875
14.360821
14.402347
14.073558
13.846773
14.136737
13.876238
14.393316
14.366225
14.172256
13.947071
14.139671
13.941636
14.238947
14.187127
14.076712
13.876544
13.991634
13.843331
13.710989
13.473259
13.782299
13.605241
13.395125
13.462856
14.212045
14.266244
13.871228
13.624403
14.038666
13.711096
14.326664
14.366512
14.057203
13.854526
14.071572
13.824987
14.413614
14.384975
14.163345
13.908374
14.17894
13.952892
14.232876
14.191495
14.09179
13.918118
13.994254
13.864809
13.902512
13.724534
13.675939
13.035162
13.066261
12.856636
12.886591
13.290089
13.370303
12.934467
13.193227
12.991451
12.432722
12.438984
12.32151
12.327827
12.619745
12.697983
12.653399
12.757083
12.371152
12.559292
12.384597
12.598031
12.053173
12.052085
11.98357
11.982116
12.171587
12.220222
12.176126
12.229415
12.014622
12.130959
12.012072
12.132275
11.825389
11.823205
11.78622
11.784418
11.894795
11.924313
11.891217
11.917441
11.806069
11.873337
11.80233
11.866164
11.705259
11.702804
11.688005
11.68696
11.741157
11.758664
11.736185
11.752185
11.698634
11.731751
11.693758
11.723683
11.649688
11.650809
11.642921
11.641468
11.667183
11.676315
11.667029
11.671857
11.645989
11.662771
11.645209
11.66005
11.626825
11.627696
11.622674
11.62531
11.633595
11.636888
11.632803
11.635107
11.623893
11.63131
11.627339
11.631396
11.617914
11.619275
11.617342
11.616526
11.617613
11.618859
11.622909
11.623262
11.61593
11.61578
11.61747
11.620865
11.613609
11.615234
11.615557
11.614041
11.613745
11.613048
11.616212
11.615573
11.61401
11.613339
11.614883
11.616173
11.617688
11.618655
11.618015
11.620581
11.616766
11.615854
11.616351
11.615615
11.617585
11.616935
11.620931
11.617788
11.625265
11.626155
11.628606
11.627364
11.620105
11.619503
11.624725
11.623438
11.626913
11.621592
11.627083
11.625126
11.642036
11.645669
11.652962
11.655182
11.63338
11.631003
11.636273
11.634544
11.647119
11.636406
11.653521
11.642363
11.694543
11.695101
11.712912
11.716145
11.672602
11.666797
11.674407
11.671828
11.705268
11.682436
11.708566
11.684117
11.800995
11.801637
11.839636
11.838877
11.755663
11.74664
11.760143
11.751054
11.829013
11.780392
11.82763
11.782223
12.025064
12.011489
12.106153
12.089514
11.938474
11.927397
11.926028
11.911554
12.099974
12.004532
12.066041
11.973866
12.377189
12.42153
12.498974
12.546962
12.300209
12.298229
12.23659
12.211212
12.449574
12.302824
12.547134
12.419589
12.94854
12.830508
13.114699
12.986301
12.736137
13.074903
12.856615
12.68516
12.829014
13.171124
13.211786
13.014546
13.278773
13.315274
13.224285
13.225898
13.080702
13.131607
12.93838
13.066729
12.922872
13.42042
13.453336
13.191555
13.01745
13.248791
13.038096
13.447635
13.416792
13.266971
13.083087
13.238623
13.075787
13.17538
13.103585
13.106289
12.935524
12.878299
12.970523
12.842675
12.668759
12.6967
13.352426
13.399896
13.104283
12.916706
13.192275
12.95725
13.511062
13.52252
13.282672
13.338863
13.130832
13.087167
13.486783
13.452369
13.340906
13.175143
13.299664
13.169672
13.327198
13.290929
13.22386
13.086841
13.148396
13.048966
13.090987
12.953185
12.933186
13.278275
13.31246
13.222474
13.225151
13.07614
13.122676
12.928397
13.061897
12.916131
13.433198
13.46958
13.185393
13.001637
13.255561
13.02803
13.516845
13.514996
13.301339
13.109635
13.314424
13.122264
13.423883
13.395732
13.265618
13.101764
13.183933
13.056322
13.227763
13.108009
13.03459
13.457738
13.443435
13.27361
13.507422
13.545476
13.196936
13.048039
13.216702
12.991232
13.011501
13.350741
13.08893
13.543128
13.502785
13.388742
13.355675
13.226543
13.220905
13.356853
13.31587
13.263094
13.134959
13.174168
13.085542
13.102227
12.939327
12.970158
12.747096
12.602225
12.700133
12.813529
12.650587
12.756032
12.253889
12.161021
12.435874
12.225768
12.399517
12.518311
12.248102
12.149538
12.445679
12.534835
12.206148
12.389855
11.940731
11.887467
12.053391
12.108006
11.920667
12.029803
11.922189
11.871516
12.027672
12.074926
11.899108
11.994923
11.772222
11.746106
11.828712
11.85951
11.766373
11.821038
11.758134
11.730353
11.812186
11.834122
11.748364
11.797491
11.687038
11.672948
11.720087
11.685847
11.715666
11.736377
11.672013
11.662059
11.699611
11.714812
11.66872
11.693152
11.643693
11.639724
11.659464
11.669336
11.644901
11.658658
11.637774
11.631058
11.651113
11.655294
11.635595
11.647066
11.626054
11.621713
11.635974
11.640138
11.626457
11.635008
11.62468
11.623294
11.628707
11.631113
11.626486
11.629492
11.619935
11.620039
11.622423
11.624986
11.623402
11.624537
11.617152
11.618179
11.621214
11.623797
11.61908
11.620968
11.6191
11.621828
11.620847
11.623535
11.62098
11.622119
11.617723
11.616706
11.619883
11.619799
11.617219
11.618743
11.625031
11.625602
11.623959
11.623592
11.625378
11.623665
11.624889
11.628441
11.620775
11.61897
11.629411
11.624268
11.638971
11.646244
11.633031
11.632505
11.648408
11.639673
11.641054
11.646535
11.637853
11.637692
11.647138
11.642359
11.678098
11.696748
11.664448
11.665253
11.693454
11.675347
11.681971
11.697354
11.667145
11.665661
11.697646
11.67994
11.768464
11.803289
11.736547
11.731911
11.795621
11.756927
11.767517
11.803809
11.736607
11.735215
11.797722
11.759591
11.965575
12.049894
11.882131
11.870721
12.017004
11.923779
11.951527
12.014931
11.888534
11.878539
12.005878
11.933729
12.451859
12.590179
12.394211
12.624642
12.559385
12.202923
12.160244
12.462141
12.26108
12.297359
12.399678
12.18818
12.423033
12.297722
12.172046
12.734099
12.755797
12.664792
12.652053
12.575532
12.622607
12.474684
12.536869
12.452395
12.874405
12.868602
12.821508
12.784352
12.726682
12.668448
12.58777
12.739282
12.607962
12.806449
12.775838
12.717942
12.605809
12.669267
12.590603
12.716831
12.73814
12.657589
12.649061
12.565356
12.606431
12.462038
12.536866
12.44416
12.801086
12.813092
12.648166
12.525672
12.680937
12.542772
12.137847
12.057339
12.427926
12.548304
12.279901
12.492687
12.33024
12.104264
12.235729
12.957704
12.958017
12.857007
12.811056
12.802016
12.851074
12.709185
12.70982
12.665064
11.881202
11.840172
11.963726
12.001039
11.86613
11.943946
12.785956
12.752895
12.678244
12.6408
12.550954
12.562785
12.753181
12.819027
12.680833
12.538715
12.393877
12.453178
11.679144
11.668916
11.724427
11.74638
11.702853
11.676384
11.698459
11.742447
11.716093
12.083942
12.004303
12.220164
12.262482
12.047057
12.169853
11.644411
11.641138
11.656865
11.66275
11.644691
11.654565
11.840524
11.804832
11.91379
11.947142
11.824444
11.890553
11.631834
11.629387
11.638567
11.631651
11.63693
11.64094
11.722808
11.702215
11.762268
11.775862
11.715691
11.749321
11.62818
11.629145
11.628088
11.629444
11.629692
11.628811
11.65726
11.649234
11.678816
11.688854
11.654596
11.672741
11.629661
11.628527
11.630789
11.630573
11.630544
11.630802
11.635313
11.631891
11.644026
11.647636
11.636677
11.64408
11.638756
11.647047
11.634347
11.636329
11.647787
11.641289
11.625075
11.625332
11.629176
11.632735
11.626646
11.628988
11.674565
11.688768
11.66303
11.662271
11.685409
11.670466
11.622141
11.618842
11.62674
11.627118
11.622971
11.626498
11.74496
11.771502
11.717981
11.711806
11.761949
11.729891
11.623238
11.629586
11.620302
11.625016
11.629913
11.626566
11.886649
11.942846
11.824399
11.809694
11.914537
11.845989
11.645395
11.651318
11.641351
11.640516
11.653185
11.646203
12.15248
12.247253
12.031313
11.997284
12.181426
12.05654
11.676307
11.692126
11.666567
11.666967
11.690511
11.675116
12.358846
12.226626
12.594869
12.66796
12.303096
12.514787
11.753611
11.779991
11.728344
11.723738
11.775451
11.745161
11.907297
11.9653
11.846336
11.83445
11.948048
11.878989
12.090629
12.149616
12.063518
12.798178
12.662923
12.710111
12.770578
12.766707
12.65308
12.533221
12.645229
12.540011
12.611246
12.475489
12.505763
11.794519
11.786658
11.816224
12.688861
12.670896
12.610934
12.511238
12.564209
12.48512
12.673455
12.699632
12.536652
12.427715
12.567073
12.433512
12.628658
12.537548
12.503149
12.375982
12.394355
12.297924
12.538302
12.426186
12.436137
12.230762
12.144091
12.343409
12.351786
12.163601
12.259272
12.330998
12.345675
12.275475
12.261193
12.222817
12.192418
12.142104
12.254168
12.155993
12.308525
12.22801
12.38986
12.377772
12.221285
12.289685
11.636931
11.641098
11.632269
11.633361
11.632189
11.630813
11.629421
11.639121
11.6329
12.332635
12.235644
12.477884
12.511257
12.278407
12.410625
12.156424
12.068941
12.282697
12.304606
12.101739
12.21397
11.665683
11.657116
11.698358
11.71661
11.677058
11.659146
11.669484
11.703116
11.679047
12.013684
11.955475
12.111858
11.983105
12.071467
12.141258
11.64612
11.642407
11.645347
11.633013
11.633509
11.631517
11.628438
11.632824
11.628686
11.940649
11.884663
12.018554
12.030072
11.900659
11.968526
11.639032
11.644454
11.634618
11.639728
11.633682
11.632622
11.773208
11.746922
11.8152
11.824518
11.757454
11.793096
11.664606
11.67231
11.651754
11.666181
11.65238
11.64519
11.688528
11.675961
11.712063
11.718698
11.680733
11.699145
11.715756
11.735188
11.689869
11.681551
11.725418
11.695982
11.649341
11.645536
11.659843
11.662079
11.6468
11.653459
11.808267
11.845704
11.765853
11.822144
11.773272
11.752678
11.634364
11.630144
11.639775
11.639113
11.632051
11.636247
11.972953
12.02953
11.891769
11.862172
11.975297
11.892031
11.629069
11.628968
11.629088
11.630606
11.628561
11.628497
11.629372
11.631552
11.628791
11.629463
11.629588
11.628152
11.644087
11.650007
11.63746
11.634365
11.648353
11.639439
11.672362
11.681809
11.661472
11.656442
11.678981
11.663957
11.725676
11.748563
11.699925
11.69481
11.734906
11.706544
11.844463
11.888116
11.791971
11.776117
11.867483
11.809258
11.963888
11.936334
11.988794
12.267932
12.186248
12.186439
12.508751
12.470168
12.403675
12.275416
12.257155
12.347015
12.354075
12.231937
12.179995
12.138778
12.27755
12.171774
12.24124
12.248615
12.168589
12.104257
12.165771
12.095826
12.347242
12.315567
12.322759
12.268908
12.247898
12.226192
11.788191
11.819892
11.743312
11.725467
11.797852
11.747725
12.088674
12.082079
12.02678
11.876514
11.894117
11.84891
12.323162
12.300498
12.268002
12.192652
12.236159
12.185478
12.232544
12.239186
12.151763
12.082407
12.148809
12.072045
12.259347
12.173901
12.195127
11.769239
11.748901
11.817957
11.845638
11.759072
11.803861
11.627637
11.630601
11.62582
11.624757
11.624289
11.623123
11.622423
11.627046
11.62214
12.065385
12.137352
11.880289
11.833339
11.957953
12.102454
11.985181
11.843968
11.916336
11.985293
11.926701
12.050422
12.048344
11.933033
11.990698
11.650008
11.643488
11.677548
11.692966
11.657421
11.645531
11.650266
11.679871
11.657223
11.629169
11.62739
11.63297
11.633852
11.625835
11.628107
11.716675
11.722648
11.700953
11.806888
11.77679
11.845004
11.846682
11.781445
11.813109
11.707288
11.688266
11.730641
11.729716
11.690219
11.708297
11.655679
11.64803
11.664244
11.662738
11.648673
11.654859
11.636139
11.633758
11.639449
11.637992
11.633952
11.635111
11.627302
11.629348
11.625198
11.628394
11.62178
11.626335
11.619802
11.624171
11.619642
11.634474
11.635871
11.631079
11.626373
11.633714
11.629057
11.652603
11.659718
11.641002
11.65496
11.641805
11.636456
11.629458
11.62523
11.626715
11.690377
11.705234
11.670011
11.662499
11.693855
11.670819
11.766615
11.798687
11.724479
11.771661
11.7252
11.709469
11.63843
11.641535
11.632048
11.626892
11.636713
11.629031
11.662912
11.673014
11.64704
11.63944
11.66435
11.646569
11.622409
11.619709
11.62099
12.184361
12.098113
12.124857
12.195812
12.115412
12.136224
11.713328
11.734871
11.6845
11.673341
11.715614
11.684169
11.921273
11.973204
11.842353
11.810606
11.93306
11.849089
12.027089
12.037678
11.984087
11.978359
11.956074
11.930791
11.90374
11.986429
11.92036
11.996198
11.950864
12.040119
12.03589
11.929304
11.968952
11.858753
11.815645
11.842699
11.766507
11.776385
11.74558
12.049003
12.063309
12.000466
11.993175
11.942657
11.946529
12.018423
12.046937
11.945295
11.936082
11.922308
11.880585
11.858997
11.98391
11.889634
11.981099
11.999242
11.91763
11.874424
11.927973
11.869547
11.707504
11.693095
11.783386
11.728134
11.792121
11.733757
11.81744
11.689104
11.705037
11.977579
12.000995
11.894457
11.940467
11.860283
11.841652
11.618461
11.616928
11.619418
11.622078
11.618753
11.618263
11.618223
11.618969
11.617176
11.819729
11.78511
11.862372
11.864561
11.791485
11.829542
11.622827
11.624305
11.620255
11.61936
11.621713
11.619254
11.62125
11.622846
11.622283
11.711515
11.693017
11.737489
11.699564
11.721287
11.741676
11.656185
11.648269
11.670339
11.674085
11.651218
11.661872
11.628745
11.627498
11.635841
11.63802
11.627228
11.630945
11.635089
11.632131
11.657705
11.668559
11.642485
11.664772
11.647667
11.629857
11.637944
11.628746
11.626659
11.643874
11.651989
11.631827
11.625744
11.62973
11.644575
11.63473
11.624155
11.622222
11.624192
11.622714
11.625514
11.618002
11.618994
11.623653
11.619316
11.633426
11.640011
11.627123
11.625462
11.634482
11.626551
11.622837
11.620668
11.621665
11.663271
11.673046
11.647997
11.641463
11.662689
11.647753
11.797945
11.795771
11.836016
11.849643
11.78683
11.766419
11.754839
11.816094
11.769085
11.623453
11.625009
11.619369
11.617138
11.62398
11.618539
11.716763
11.69507
11.762239
11.783845
11.704446
11.745961
11.666898
11.658166
11.672627
11.783827
11.768909
11.74653
11.720757
11.703719
11.693847
11.626295
11.625276
11.624488
11.762583
11.734932
11.733677
11.617658
11.615844
11.618869
11.618405
11.617547
11.615209
11.616034
11.617529
11.616903
11.620049
11.621228
11.615212
11.615377
11.61899
11.616865
11.628285
11.632345
11.62277
11.621836
11.627919
11.624471
11.658001
11.672556
11.640033
11.664249
11.646511
11.637004
11.71206
11.683406
11.717766
11.690195
11.665095
11.653147
11.730719
11.67442
11.655149
11.692431
11.689362
11.676254
11.634614
11.629747
11.6405
11.632416
11.637555
11.642761
11.622266
11.617744
11.62345
11.619882
11.625913
11.618922
10.063648
10.073274
10.181956
9.9977405
10.188574
10.556733
10.626732
10.608076
10.484451
10.507296
10.60907
10.53564
10.638425
10.792476
10.76848
10.537242
10.313063
10.303526
10.56715
10.767919
10.806034
10.015587
9.9978242
10.035966
10.045424
9.9971527
10.013653
10.021469
11.293437
11.305848
11.347089
11.204342
11.231188
11.350031
11.260328
11.317618
11.48987
11.470183
11.210274
11.057614
11.046171
11.236368
11.464129
11.501372
10.199925
10.223654
10.166896
10.022704
10.007223
10.035865
10.185361
10.224761
10.1951
10.030085
10.042629
10.005227
10.307384
10.381552
10.369549
10.252891
10.080029
10.060342
10.050712
10.04365
9.9972633
9.9957366
9.999225
10.003956
10.301017
10.274615
10.373239
10.392362
10.075347
10.068516
11.296976
11.314978
11.358856
11.431334
10.531032
10.532171
10.166086
10.666835
10.191706
11.287011
11.234695
10.48939
11.257693
11.299113
10.440338
10.116171
10.506631
10.123079
11.317727
11.286074
10.526823
11.359695
11.423299
10.523998
10.164937
10.651947
10.194196
11.483541
11.473361
10.732799
11.372321
11.280025
10.596731
11.038899
11.036124
10.3752
10.122329
10.270033
10.065259
11.300404
11.381983
10.389706
10.073415
10.607378
10.138912
11.477933
11.488442
10.732613
9.9929675
9.9954327
10.00237
9.9945258
10.000729
10.01717
10.006046
10.017447
9.9998644
10.186507
10.076606
10.105212
10.222137
9.9975692
10.767674
10.803777
10.650113
10.53963
10.609256
10.519019
10.529751
10.640393
10.606148
10.655408
10.833287
10.798946
10.591456
10.297009
10.541182
10.324092
10.062231
10.01608
10.04956
9.9991837
10.086703
10.000946
10.042303
11.465848
11.492608
11.326055
11.263938
11.343495
11.241429
11.235044
11.367039
11.324727
11.323647
11.519542
11.482907
11.254058
11.038406
11.205291
11.059187
10.368408
10.393044
10.32113
10.258788
10.097969
10.06222
10.193413
10.226294
10.19151
10.055045
10.053272
10.009122
10.20858
10.256997
10.245285
10.063116
10.08138
10.017287
10.332142
10.420831
10.406421
10.30759
10.12464
10.101954
10.039587
10.055095
10.001476
9.9977438
9.9991511
10.012757
11.47925
11.493605
11.374907
11.279271
10.740807
10.600117
11.435812
11.373861
10.663621
11.285495
11.31711
10.528208
10.203943
10.52708
10.169207
11.293224
11.255826
10.50027
11.261522
11.312629
10.466012
10.144704
10.531331
10.148441
11.337763
11.322379
10.564679
11.375543
11.447548
10.565119
10.206116
10.690459
10.230907
11.502958
11.49385
10.766005
11.39507
11.313231
10.636251
11.026714
11.032639
10.392442
10.15109
10.265694
10.073645
10.38138
10.127985
10.071677
10.023119
10.011313
10.002635
10.002764
10.003706
9.9982337
10.018564
10.03555
10.007226
10.11641
10.110198
11.297097
10.903118
10.909633
10.374765
10.677469
10.311051
10.627701
12.187877
11.396213
10.990605
10.450332
10.480295
12.139761
11.484783
11.6528
10.976983
10.673768
10.427488
10.367361
10.422093
11.993099
10.438665
11.004472
10.999927
10.244777
10.441494
10.146655
11.985101
12.05097
11.401939
11.162639
10.52616
10.720082
11.360933
10.319881
10.082378
10.739647
10.338887
11.437552
10.462204
10.205215
10.889547
11.955123
11.193493
10.707714
11.915949
11.49571
12.274565
11.976464
10.678565
11.49762
11.341827
10.379976
10.236239
10.085865
10.506067
12.002409
11.430468
11.029122
10.329544
12.238394
11.613187
12.097499
10.912779
10.853333
12.130617
10.990217
11.394184
11.023715
10.222513
10.120071
10.896541
10.324762
11.027791
10.999054
10.492526
10.276064
10.997443
10.913605
11.370853
10.295909
10.046005
10.882202
10.512154
10.907196
10.174555
11.155408
10.970348
10.617707
11.252327
10.84429
10.468717
10.186216
9.9908699
10.088823
10.906983
10.430341
10.795143
10.84489
10.44635
10.848045
11.074271
10.595113
10.600671
10.176641
10.305299
10.764976
10.893871
10.765708
10.353982
10.035241
10.825622
10.904266
10.350256
10.772827
10.553654
10.309102
10.038586
9.9997975
10.02527
10.035681
10.81695
10.683583
10.420854
10.959017
11.078374
10.1974
10.817649
10.008225
10.286072
10.140352
10.662957
10.710227
10.677174
10.500536
10.275413
10.460472
10.850026
10.823672
10.854383
10.780102
10.834484
10.312024
10.402187
10.115969
10.320232
10.789437
10.78389
10.252006
10.834842
10.12354
10.38224
10.122816
10.810897
10.763561
10.469251
10.235844
10.885683
10.216651
10.879037
11.007732
10.446785
10.675083
10.429718
10.497786
10.971561
10.888343
10.737566
11.003151
11.15424
10.575051
10.944049
10.996948
10.618162
11.66833
10.94679
11.226599
11.508854
10.505375
10.451272
11.072762
10.542678
10.997096
10.337154
10.385423
10.409444
10.129918
10.335705
10.33965
10.41699
10.377612
10.443163
10.556082
10.896227
10.28492
11.097894
10.842312
10.510536
10.843454
11.170821
11.459664
11.069046
11.502512
10.726148
12.530338
10.594146
10.901254
10.447775
11.123973
11.280817
10.894871
10.42215
10.444453
10.553138
10.838419
10.34148
10.074739
10.783836
10.911241
10.119168
10.157936
10.448241
10.398043
10.655427
10.863752
10.114676
10.355848
10.719083
10.115336
10.70634
11.088222
11.222408
10.625937
10.406518
10.617015
11.009668
10.7969
10.895662
10.673562
10.324719
10.325867
10.816301
10.403801
10.664055
10.914388
10.534279
11.30669
12.202919
10.315379
10.398281
11.511286
11.108728
10.633963
10.94102
10.003139
10.386361
10.315585
10.429068
10.258233
10.088293
10.088013
10.403671
10.984134
10.169369
10.482786
10.951524
10.298804
10.371557
10.039708
10.013078
10.990035
10.165368
10.559751
10.272957
10.525506
11.022916
10.309006
11.025695
10.749312
11.107425
10.86375
10.754504
10.193394
10.854734
10.352528
10.764287
10.237572
10.876688
11.044921
11.156203
11.208301
10.756773
10.426547
12.133115
10.861643
10.311451
10.336699
10.73093
11.073172
11.085647
11.395404
10.307254
11.667808
11.013144
10.305936
10.0646
10.163086
10.019135
10.613445
10.319562
10.063183
10.055218
10.196305
10.757958
10.561503
11.444229
10.941746
10.760095
10.433253
10.192956
10.388357
10.159496
10.905814
10.782775
10.465498
11.123284
10.315438
12.036417
10.928654
10.267997
10.382356
11.426601
11.091672
10.90742
10.901543
10.855937
10.960782
11.122799
11.779554
11.121355
10.865461
10.405751
10.47808
10.830846
10.571543
11.031342
11.014616
10.347543
10.848447
11.279411
10.612691
10.418958
10.738801
10.384415
10.694068
10.998026
11.148693
10.563343
10.392621
10.332879
10.203162
10.224308
10.27968
13.163252
12.496837
12.052102
12.228314
11.690878
11.795015
12.002441
11.620944
11.141713
10.129304
11.131154
11.050705
10.810074
10.122689
10.573196
10.573704
10.559975
10.986825
11.546831
10.955866
10.593006
11.484947
12.094203
11.684076
13.268982
13.274164
12.661224
12.379998
13.037313
13.362498
13.24986
12.588558
12.756375
12.700393
11.901102
12.233758
12.342375
11.696554
11.541806
11.401824
11.410975
11.321071
11.260974
11.333695
11.267325
11.231868
11.230257
11.194457
11.210211
11.184402
11.231811
11.18431
11.173488
11.228826
11.183112
11.2232
11.162882
11.072805
11.165969
11.164833
11.070944
11.164687
11.1704
11.133335
11.173105
11.140903
11.150178
11.151391
11.168835
11.173163
11.260345
11.202334
11.322626
11.307148
11.53207
11.395221
11.371718
11.446458
11.693194
12.018581
11.603235
12.286545
13.282257
12.920808
12.596712
12.650602
13.179845
12.581835
12.28863
11.60398
11.132091
11.116165
11.622604
11.058789
11.542895
11.119406
11.159841
11.290843
11.882875
10.677033
10.158667
11.112094
11.033697
11.099234
11.178044
10.120599
10.110881
11.189384
10.713037
10.503931
10.096832
10.637594
10.039718
10.591607
10.011912
10.413501
10.613143
10.005073
10.656941
9.9925377
10.525134
10.758342
10.017797
10.863507
10.036144
10.732363
10.295756
10.087043
10.339689
10.109952
13.164577
12.596674
12.3296
11.800345
12.497417
13.430562
13.463863
13.081816
12.688305
13.309567
10.495928
10.536565
11.078267
10.53516
11.00283
10.573097
11.522535
13.47163
13.375522
12.753429
12.730497
12.448286
10.578946
10.428176
10.389294
10.581847
10.053026
10.199911
10.636762
10.149118
10.490435
10.721818
10.311231
10.847498
10.404504
10.698766
10.296476
10.388474
10.344378
10.274204
10.328786
10.653797
10.136346
10.168172
10.859735
10.350319
13.609993
12.865223
13.343286
12.56573
12.579106
12.798792
12.317668
13.493794
13.639782
13.104614
12.661067
12.457599
13.564165
13.519585
13.019969
13.620072
13.50513
13.168873
12.679125
12.731081
13.688375
13.690642
13.300304
12.780914
12.826387
13.496586
13.481134
12.893016
12.32336
11.785643
12.377147
11.931954
11.819245
12.053164
10.654066
10.314307
10.145035
10.859019
10.112575
13.497117
13.397672
13.002054
12.476181
13.176442
13.057191
12.29056
12.368523
10.458556
10.795975
10.529001
10.636573
10.57207
11.595098
11.063019
11.421726
11.955839
11.585266
11.589698
13.569203
13.583867
13.144156
13.130574
12.590791
13.508245
12.691712
12.813917
13.370824
13.347269
12.685118
12.651933
13.572917
13.521955
12.837903
12.766641
13.245951
13.31999
12.507141
13.283516
12.799435
12.858237
12.076046
12.283635
13.379771
13.355321
12.91066
12.903246
12.04777
12.173487
12.109494
13.429892
12.582375
12.741897
12.18618
13.568315
13.582184
12.86062
13.032871
13.297393
12.188618
12.725775
12.844905
13.445231
13.569599
13.1146
12.725156
12.993763
13.312062
12.73902
12.550612
13.460275
13.376623
12.80743
11.044304
10.97467
10.960256
11.475919
11.65939
10.707493
10.125123
10.70708
11.151734
11.067433
11.10179
11.198586
10.094158
11.18287
11.826018
11.682502
11.774368
12.198247
10.020789
10.473996
10.66907
10.007434
10.473325
10.880092
9.987517
10.881315
9.9930045
10.522819
10.011536
10.743936
10.042435
10.807466
12.379286
12.058779
12.166519
11.738396
11.720971
11.516298
11.094837
11.066488
11.395042
12.528734
12.174171
12.531003
10.452265
11.038717
10.382018
10.893467
10.469046
10.991892
10.107178
10.108639
10.412999
10.886502
10.357448
10.407039
10.33777
10.216641
10.662091
10.076399
10.448877
10.392505
10.915366
12.162533
12.125179
11.716869
11.653344
10.814684
10.233002
10.376064
13.308642
13.453699
12.599378
12.633653
11.102582
11.411612
11.280394
11.513746
11.865461
12.637185
11.972673
12.388946
10.638716
10.104792
10.659287
12.518805
11.920971
11.823147
12.16457
12.42502
12.110329
12.477863
11.939343
11.63568
11.467379
10.280706
10.975055
10.425203
10.110695
10.590261
10.21723
12.335446
12.384559
11.753161
12.022713
13.146472
12.696969
11.895921
12.486573
12.129837
12.808811
12.315503
12.147251
11.730024
12.139073
11.53981
12.25653
12.094585
11.768241
12.314759
11.707496
11.746125
11.325288
12.017809
12.095598
12.457621
12.59073
12.447635
12.489674
12.547586
12.150245
10.539447
10.632959
10.715319
10.487021
11.146319
10.458352
11.174789
11.058967
10.882574
10.779479
10.640406
11.106813
10.786025
11.661937
11.742263
11.722025
10.721625
10.727263
10.406815
11.096295
11.102318
10.749863
10.999184
10.668239
11.06586
10.547169
10.92267
10.404303
11.079358
10.795387
10.427501
11.061546
11.010958
10.862445
10.325264
10.853008
11.125231
10.599271
11.471975
11.917851
11.599945
11.770324
11.105645
11.240255
11.594772
11.315643
10.808219
10.666005
11.089279
10.613429
11.006348
11.016582
11.021279
11.034522
11.593124
11.47053
11.573755
10.758154
10.385568
10.453866
11.00498
12.043185
11.742053
12.298062
12.230656
11.170116
11.547625
11.603295
12.034741
11.805625
12.039479
11.819256
12.314043
12.058785
11.74093
12.118329
11.799824
12.368456
11.030922
10.929736
11.159209
11.336563
11.660021
10.697247
10.946786
11.065377
11.04016
10.765066
10.869725
10.443579
12.21191
11.694362
11.925778
11.606224
11.427753
11.869106
11.220498
11.463956
11.780054
11.914721
11.681933
10.96527
11.117884
11.513343
11.51507
11.718677
11.696583
11.864249
12.511147
12.044372
11.48179
11.689366
11.86166
12.330719
11.937903
11.605022
12.012895
12.319503
11.78734
11.825325
12.424194
12.31501
12.072508
12.106009
11.964844
10.984845
10.993444
11.123622
11.342003
11.533445
11.716073
11.19278
10.80875
11.257355
10.731014
10.682936
12.094017
11.411271
12.136154
11.721155
11.160423
10.933498
10.652259
11.904189
11.650023
12.202863
12.021866
11.732702
11.534034
10.990149
10.92702
11.129089
11.396115
11.805067
11.762883
11.71149
11.894276
11.047029
11.09407
11.102316
11.320167
10.778495
10.696305
11.229933
11.558918
11.317365
11.854127
11.564337
11.548427
11.754815
11.823355
11.692875
11.607797
11.208022
11.060143
11.121807
11.070352
11.420034
11.51409
11.622007
11.396378
11.6333
11.863276
10.885386
10.733212
11.026641
10.965135
11.435323
11.045921
11.528546
11.093559
11.258018
11.569796
11.935412
11.981475
11.723178
11.643189
12.203607
11.416393
11.590009
12.05739
11.682025
11.192835
10.846179
11.514716
11.648463
11.621002
11.706841
11.098902
10.678647
10.993705
11.160671
11.211057
11.35773
10.910422
11.567289
10.812576
10.777901
11.049163
11.38996
11.274861
10.982148
10.794038
11.336884
11.574893
11.154496
10.857016
11.038179
11.6123
11.607531
11.218651
10.944792
10.779215
11.855282
11.596751
11.549431
11.669752
11.318516
11.290204
11.624486
11.222807
11.559207
11.80416
11.519832
11.683682
11.698019
11.449774
11.526376
11.441615
11.170777
11.065984
11.140934
11.311689
11.54893
11.814032
11.617208
11.250275
11.625805
11.761753
11.253981
11.508233
11.05172
11.507516
11.521106
11.145947
11.586651
10.913892
10.740926
10.889946
11.123413
11.364247
11.587095
11.508147
11.447057
11.54013
10.956963
11.317281
11.602758
11.568221
11.547662
11.350311
11.008477
11.10154
11.40813
11.168735
11.481509
11.742102
11.224459
11.234668
11.378412
11.520085
10.898742
11.550873
11.117938
11.660964
11.952227
11.602944
11.677874
11.32384
11.590507
11.451219
11.420234
11.477823
11.437315
11.061872
11.446747
11.434687
11.066879
11.319822
11.37115
11.504287
11.298889
10.917995
11.237462
11.524323
11.559682
11.044572
11.133706
11.243217
11.174784
11.382202
11.418473
11.40377
11.559053
11.426598
10.964022
11.050712
11.157326
11.418533
10.62854
11.120201
10.954725
10.702492
10.960916
11.482429
10.702001
12.75718
12.651697
12.722036
12.467839
12.520541
12.558943
12.329179
12.613699
12.677821
12.687874
12.836166
12.87436
12.82797
12.775799
12.781922
12.751311
12.718499
12.617984
12.573508
12.840702
12.642265
12.809843
12.850439
13.064442
13.003935
12.802758
12.8965
12.665489
12.798034
12.424421
12.505209
12.736421
12.529463
11.82602
12.117468
11.807854
12.187272
12.417615
11.668163
11.849903
12.195494
11.65091
11.601196
11.466775
11.350635
11.472052
11.660605
11.451141
11.407364
11.381634
11.37028
11.375367
11.248979
11.277809
11.361654
11.324261
11.325518
11.231054
11.252518
11.298434
11.26486
11.107907
11.293806
11.203446
11.207977
11.159634
11.061073
11.226549
11.231516
11.090181
11.207011
11.196774
11.151439
10.959047
11.044241
11.227273
11.224162
11.07499
11.203372
11.146197
11.141369
10.95339
10.91228
11.220729
11.226214
11.071063
11.16331
11.202518
11.143914
11.177452
10.915175
11.166216
11.160176
11.068808
11.165529
11.179644
11.142734
11.171467
11.166312
11.163375
11.137053
11.151273
11.171666
11.14004
10.877177
11.168566
11.135675
11.145837
11.279089
11.159753
11.177397
11.15413
10.89107
11.034806
11.153653
11.153835
11.215532
11.322189
11.2082
11.300805
11.070063
11.175056
11.295586
11.249791
11.22388
11.493831
11.381221
11.650817
11.382513
11.284901
11.353821
11.415025
11.309929
11.695826
11.956999
11.995305
11.79948
11.444466
11.557559
11.422764
11.781856
12.195231
11.720011
12.009398
11.898477
12.329869
12.307756
12.373181
12.517595
12.565029
12.488042
12.297858
12.407989
12.508876
12.374956
12.284467
12.381052
11.997281
12.192538
11.708948
11.854197
12.415408
12.523456
11.525809
11.665219
11.37761
11.340836
11.618594
12.034722
12.065437
11.952565
12.088714
12.57924
11.859022
12.485028
11.726548
12.052281
11.330659
11.302769
11.38302
11.592599
11.456573
11.812526
11.311694
11.271562
11.135231
11.275495
11.410162
11.320968
11.284747
11.372568
11.645802
11.12279
11.122042
11.268467
11.25715
11.302366
11.121535
11.262763
11.187033
11.213728
11.253016
11.052683
11.109447
11.118314
11.191057
11.182898
11.224036
11.037265
11.094448
11.206338
10.913885
11.191698
11.182872
11.116554
11.235017
11.220084
11.184378
11.199416
11.129487
11.252062
11.282981
11.21447
11.186351
11.17046
11.288567
11.148765
11.317903
10.82637
11.182216
11.17174
11.135113
11.200489
11.20919
11.34781
11.538542
11.451434
11.360228
11.143064
11.210411
11.665466
11.15286
11.225277
11.205604
11.256608
12.023243
12.153359
11.234387
11.29529
11.278156
11.274713
11.346869
11.414395
11.388135
11.719428
11.863559
11.532497
12.209119
12.49721
12.801237
12.058519
12.476056
12.342845
12.238902
11.342394
11.293922
11.430148
12.511257
12.433541
12.498667
12.324175
12.490041
12.535379
12.351502
12.076628
11.851255
11.940401
12.216488
12.449262
12.381165
11.828288
11.863092
12.066392
11.944754
11.940055
12.273787
12.252258
11.149247
11.250353
11.338048
11.195223
11.953674
12.206657
11.945939
11.325176
11.317683
11.297156
11.753712
11.96407
11.608321
11.30559
11.260619
11.347153
11.282084
11.14594
11.1947
11.648335
11.146472
11.194816
11.192022
11.289959
11.512309
11.411971
11.199582
11.238434
11.356257
11.248728
11.218039
11.294359
11.361246
11.200992
11.050993
11.22548
11.309414
11.191965
11.404466
11.330659
11.401163
11.42647
11.301718
11.181546
11.622094
11.486213
11.499239
11.645461
11.193585
11.200333
11.292295
11.178313
11.193681
11.200174
11.158211
11.207959
11.214552
11.162807
11.218917
11.229399
11.233928
11.248779
11.262232
11.449779
11.305367
11.348853
11.541714
11.726461
11.449547
11.800602
11.994017
11.918718
12.225057
12.295549
11.734071
11.847174
12.152653
11.852109
12.102627
12.037517
11.869072
11.880581
12.343851
12.12554
11.788983
11.357453
11.776576
11.771164
11.382441
11.493596
11.41705
12.215876
11.790781
12.234229
12.202544
11.823788
11.695993
12.1121
11.864223
12.061462
11.287954
11.411265
11.432638
11.481287
11.149595
11.331942
11.172589
11.101585
11.569007
11.559182
11.617506
11.728258
11.205943
11.086555
11.262055
11.351273
11.105993
11.071622
11.150985
11.25419
11.049411
11.092204
11.241159
11.380892
11.288708
11.475071
11.579066
11.44001
11.224593
11.382689
11.181214
11.135485
11.339988
11.237938
11.199171
11.123405
11.221757
11.2957
11.189178
11.188525
11.193967
11.19306
11.209864
11.193921
11.199638
11.196643
11.143878
11.222478
11.19493
11.191753
11.291453
11.214083
11.163763
11.234936
11.369441
11.250673
11.256751
11.343354
11.341259
11.173533
11.221587
11.347665
11.302025
11.184582
11.151124
11.042108
11.099452
12.220652
11.815497
12.173038
11.772558
11.791193
12.128264
11.91214
12.234579
11.245817
11.392429
11.323492
11.202619
11.441849
11.705063
11.756661
11.520041
11.98781
12.068557
11.688234
11.705163
11.824246
11.615434
11.663273
12.007397
11.505937
11.673253
11.524722
11.469926
11.441294
11.254951
11.440613
11.545844
11.692727
11.83237
11.746108
11.514463
11.647385
11.77653
11.566611
11.685481
11.702648
11.64299
11.738056
11.506229
11.441502
11.423189
11.175721
11.066982
11.267375
11.642109
11.416848
11.586331
11.048609
11.19346
11.091369
11.064862
11.334251
11.306398
11.425873
11.499809
11.053965
11.230307
11.195894
11.003014
11.250619
11.391279
11.346276
11.205632
11.163308
11.35349
11.138792
11.214501
11.198347
11.142422
11.124546
11.068214
11.120327
11.16591
11.139294
11.202401
11.082846
11.053407
11.336721
11.064527
11.233595
11.200778
11.127715
11.296544
11.158436
11.227074
11.149932
11.183842
11.185766
11.097749
11.060752
11.330776
11.680618
11.631506
11.228036
11.186418
11.193902
11.158432
11.051464
11.199043
11.072101
11.247654
11.168797
11.620155
11.431526
11.436266
11.208729
11.187504
11.227393
11.192818
11.003808
11.71619
11.631825
11.264302
11.287796
11.431263
11.231524
11.230154
11.092709
11.075091
11.306421
11.575909
11.382275
11.538338
11.493291
11.341593
11.317031
11.434396
11.189429
11.211369
11.190057
11.505738
11.318659
11.505175
11.215672
11.44326
11.613047
11.463203
11.435912
11.521217
11.526545
11.152213
11.564258
11.262001
11.171832
11.198575
11.066385
11.26087
11.172627
11.201505
11.270407
11.264619
11.213811
11.063279
11.251208
11.280338
11.142189
11.32366
11.023122
11.199572
11.351302
11.377308
11.391792
11.186822
11.126982
11.298709
11.393271
11.36072
11.371541
11.188807
11.244097
11.160633
11.264444
11.274234
11.245039
11.159973
11.187483
11.248602
11.272537
11.282761
11.29129
11.124175
11.114794
11.176392
11.187903
11.300972
11.196707
11.19283
11.194287
11.229999
11.183788
11.178198
11.112551
11.071501
11.312175
11.102911
11.236292
11.190951
11.16625
11.172236
11.179946
11.302731
10.992148
11.171184
11.149107
11.189331
11.204049
11.373039
10.050962
9.9884385
10.003881
10.062114
9.9982273
9.9940671
10.072817
9.9932009
9.978141
9.9700676
9.9691842
9.985564
10.103254
10.103705
10.215726
10.173929
10.183891
10.045146
10.119346
10.31123
10.065668
10.14376
10.087554
10.026741
9.9688585
10.043382
10.009796
10.018131
10.19533
10.085466
10.212547
10.179356
10.072473
11.616972
11.624883
11.11948
11.253922
10.890685
11.153006
11.190378
10.816148
11.061133
10.964836
10.605989
10.814799
11.034323
11.047166
10.791833
10.859281
11.03739
10.711844
10.745019
10.830957
10.713006
10.577902
10.971264
11.094396
10.694512
10.772928
10.697869
11.047969
10.963047
10.521059
10.663206
10.65732
10.31496
10.200729
10.407921
10.293675
10.498254
10.425965
10.585508
10.402116
10.673272
10.265677
10.782166
10.709305
10.800963
10.509125
10.724998
10.644146
10.477133
10.325871
10.750817
10.455628
10.82264
10.413678
10.540012
10.141381
10.240937
10.117038
10.071372
10.243067
10.207751
10.348824
10.551163
10.665257
10.517275
10.828339
10.725594
10.562366
10.680581
10.62533
10.75669
10.794657
10.841124
10.503823
10.687842
11.740387
12.183575
11.862851
12.137471
11.158823
11.724896
11.428869
11.382588
11.156728
11.341131
10.896789
11.707523
11.16207
10.9547
10.708229
10.915877
11.132529
10.916372
10.657286
10.712741
10.614927
10.242661
10.245582
10.646883
10.5687
10.658123
10.35076
10.672558
10.281765
10.374373
10.428788
10.397923
10.593315
10.668974
10.342258
10.507784
10.720061
10.542819
10.416893
10.571585
10.624876
10.485797
10.426486
10.458749
10.361989
10.652622
11.733719
11.879514
11.654319
11.500658
12.183248
11.270865
10.950764
11.291004
11.156139
11.229983
11.056995
11.744702
11.251347
11.296911
10.972507
11.211533
11.826234
10.553044
10.64004
10.95597
10.814736
10.451472
10.678592
10.913117
10.500757
10.801869
10.718799
10.88201
10.830124
10.513759
10.738204
10.843089
10.324324
10.439334
10.25554
10.543908
10.294725
10.633685
10.623588
10.508411
10.719875
10.49545
10.665772
10.457568
10.608287
10.341174
10.200702
10.119243
10.349577
10.171485
10.348417
10.413457
10.518669
10.449173
10.583181
10.259419
10.391963
10.32542
10.193713
10.323064
10.599269
10.598194
10.580453
10.618775
10.630931
10.417699
10.442685
10.40094
10.334018
12.060428
11.51502
11.883767
11.355955
11.542414
11.657926
10.24109
10.598359
10.594772
10.319478
10.308197
10.678989
10.573202
10.668184
10.484657
10.357918
10.444688
10.395372
10.614794
10.649531
10.75808
11.071603
11.202489
10.658358
11.007756
10.639154
11.18767
11.121791
10.867656
11.067058
10.842431
11.036682
10.954409
10.730794
10.866549
10.11847
10.300133
10.076275
10.46569
10.353365
10.266865
10.450609
10.480608
10.1458
10.29712
10.346371
10.23983
10.178068
10.151392
10.339309
10.236395
10.530979
10.409815
10.384627
10.518763
10.661339
10.516399
10.355732
10.636107
10.470539
10.646233
10.620444
10.069866
10.054351
10.121823
10.159686
10.15292
10.216125
10.214431
10.298655
10.301484
10.198623
10.28022
12.041455
11.604247
11.413197
11.667693
11.467685
11.321893
12.146017
11.436102
11.600248
11.436472
11.273919
11.207376
11.060881
11.086215
11.279553
11.514403
11.739765
11.070684
10.784979
11.149657
10.948455
10.952025
11.21096
11.335479
10.414044
10.663342
10.68452
10.337162
10.62934
10.696642
10.472723
10.394599
10.444126
10.511992
10.753332
10.822327
10.486599
10.893998
10.519554
10.702408
10.747641
10.630632
10.503827
11.648998
11.460706
11.742787
11.65858
11.352325
11.360632
11.019966
11.060885
11.219715
10.919675
11.112136
10.159475
10.459952
10.391085
10.335841
10.512647
10.511677
10.294301
10.285934
10.228989
10.2825
10.161657
10.0886
10.030972
10.071671
10.145294
10.16618
10.158704
10.129122
10.073383
10.042206
10.127917
10.128285
10.152496
10.069017
10.11296
10.964453
10.527888
10.386092
11.19073
10.570296
10.356704
10.791082
10.77063
10.803218
11.051462
10.482089
11.102754
10.834788
10.355412
10.531908
10.868999
10.450014
10.572387
10.341068
10.300139
10.327807
10.616277
10.300474
11.615025
11.491572
11.25448
11.132075
11.248441
11.542018
10.53863
10.25955
10.718307
10.621877
10.571789
10.684661
10.73217
10.356629
10.364553
10.277064
10.455239
10.299559
10.170504
10.030764
10.105495
10.049154
10.228559
10.207102
10.462907
10.065129
10.136152
10.033083
10.636838
10.882767
11.054288
11.025338
11.06483
10.814875
10.618944
11.158806
11.019818
10.90988
10.539828
10.75102
10.890873
10.673319
11.944912
11.688714
12.120416
11.665031
11.321106
10.851908
11.312247
10.688884
11.612246
11.251183
11.066739
11.189238
11.010592
10.888229
10.734639
10.434561
10.793893
10.981046
10.375624
10.294172
10.58642
10.343958
10.600046
11.659706
11.689347
11.313361
11.807704
11.338324
11.287939
11.288323
11.125416
12.158157
11.83352
11.120862
11.774617
12.069647
11.473536
11.544582
11.357555
11.688635
10.617982
10.662599
10.472422
10.880905
10.83387
10.614944
10.747303
10.475997
10.780912
10.469255
10.506807
10.45246
10.669173
10.363954
11.158936
11.467961
10.985149
11.118651
11.224879
11.200926
11.61414
11.452131
11.731825
11.698065
11.014742
11.268091
11.148403
11.166058
11.147035
11.25924
10.835614
10.913997
10.191226
10.560625
10.628122
10.617235
10.478677
10.429426
10.264621
10.319888
10.502838
10.4059
10.274669
10.110655
10.264159
10.223277
10.263535
10.46945
10.337962
10.447937
10.343045
10.196575
10.356648
10.278486
10.108671
10.406487
10.335428
10.168987
10.149664
10.222387
10.166487
10.094994
10.104511
10.043645
10.041606
10.016279
10.164136
10.069345
10.090169
10.091087
10.36722
10.675517
10.292575
10.583038
10.837888
10.442504
10.28029
10.39755
10.66824
12.142224
12.081511
11.364209
11.648602
11.63082
11.795179
11.546179
11.164534
11.144021
11.381148
11.192056
11.913289
11.03756
11.050272
11.055357
10.917922
10.990233
10.671484
10.735846
11.052871
10.231232
10.289393
10.373219
10.32141
10.279516
10.355638
10.331407
10.534453
10.562564
10.194798
11.742866
12.410885
11.874063
11.255007
11.425305
11.238625
12.043613
11.326116
11.581429
12.420775
11.494842
11.655554
11.076513
10.996286
10.713365
10.894828
10.640729
10.730345
10.869218
10.884362
10.911009
10.572745
10.845956
10.910916
10.83924
10.699179
10.532326
10.788934
10.675572
10.499201
11.693637
11.157387
10.481365
11.146255
10.646623
10.718745
10.43429
10.910204
10.959489
11.051727
10.986751
10.950538
10.702055
10.76906
10.702066
10.118001
10.159612
9.9684632
10.051473
10.019052
10.061526
10.071856
10.115701
10.130297
10.066519
10.132369
10.053
10.060457
10.278555
10.130367
10.944083
10.940926
10.962084
10.890711
10.648899
10.893865
10.538431
10.82939
10.15068
10.181023
10.56164
10.555885
10.335704
10.484063
10.487758
10.527416
10.368549
10.244469
10.265819
11.028264
10.767003
10.708969
10.981895
10.926101
10.982983
11.130857
10.873717
10.839223
10.675741
10.65882
10.641643
10.639852
10.647314
10.683465
10.640569
10.507014
10.414929
10.37275
10.40375
10.442094
10.417488
10.54619
10.395912
10.286836
10.458676
10.212967
10.469352
10.390505
10.435426
10.368982
10.382502
10.345287
10.312374
10.20184
10.160911
10.163034
10.990461
11.181588
11.059363
10.699383
10.698634
10.902838
10.850657
10.776609
11.022157
10.874613
10.697232
10.632196
10.767589
10.82267
11.061035
10.222788
10.373648
10.291547
10.39857
10.432379
10.442109
10.383841
10.34275
10.433025
10.324176
10.391773
10.315507
10.293365
10.068512
10.031267
10.03754
10.008254
10.020383
10.007538
10.118991
10.070824
10.129586
10.109105
10.108438
10.080823
10.627506
10.860298
10.658271
10.77267
10.630223
10.567256
10.47528
10.313429
10.492653
10.914109
10.977964
10.770613
10.834954
11.125239
11.032071
10.938078
10.652139
10.568554
10.512709
10.090109
10.201619
10.057542
10.076013
10.232006
10.354563
10.254688
10.186993
10.214557
10.138364
10.129122
10.97492
11.272011
11.220472
10.820728
10.793881
10.817329
10.565939
10.510663
10.348991
11.136291
11.037562
10.934833
10.856172
11.100698
11.076653
11.329526
10.612187
10.911472
10.695745
10.532025
10.782163
10.276022
10.37384
10.199915
10.081343
9.985231
9.9785471
9.9738793
10.018874
9.9896372
9.9735121
10.171034
10.058279
10.027006
10.020359
10.266446
10.167299
10.176105
10.139138
10.135597
10.144481
10.947827
10.545935
10.785587
10.825744
10.595651
10.59069
10.601928
10.312092
10.314493
10.324513
10.901042
10.928162
10.866519
10.843335
10.572631
10.649664
10.849796
10.536596
10.757278
10.473269
10.812025
10.485381
10.865428
10.903539
10.549323
10.820902
10.750152
10.827859
10.480778
10.928652
10.579217
10.571026
10.622004
10.592198
10.426618
10.625993
10.589605
10.350415
10.42186
10.64205
10.403337
10.612601
10.468364
10.41961
10.404768
10.866797
10.969735
10.922297
10.589696
10.802683
10.861775
10.520687
10.739313
10.527637
10.401443
10.582426
10.740105
10.758773
11.026479
10.824586
10.777289
11.061445
10.684879
10.722791
10.718611
10.818325
10.541903
10.416137
10.825303
10.665734
10.709828
10.378836
10.826512
10.371871
10.434018
10.305721
10.325694
10.378185
10.279816
10.41106
10.249732
10.586925
10.767976
10.117882
10.185419
10.095264
10.162809
10.282859
10.160197
10.477552
10.224464
10.397293
10.529888
10.502237
10.244518
10.190714
10.482196
10.386776
10.313048
10.319397
10.286044
10.389209
10.317409
10.180707
10.762948
10.687894
10.89548
10.64826
10.827058
10.804305
10.487544
10.495003
10.767425
10.547001
10.51207
10.51489
10.525421
10.57355
10.809163
10.612016
10.544069
10.509568
10.4817
10.500579
10.691014
10.7909
10.550062
10.444254
10.410386
10.562752
10.587789
10.703073
10.281977
10.348065
10.262267
10.346866
10.364984
10.276693
10.332026
10.550033
10.195003
10.190631
10.030023
10.009222
10.119453
10.056461
10.118683
10.05554
10.064858
10.059208
10.06037
10.85738
10.786386
10.662184
10.489292
10.801589
10.875724
10.528458
10.837804
10.791393
10.793725
10.90654
10.862639
10.931487
10.598255
10.363098
10.434772
10.464175
10.492789
10.476166
10.539171
10.532872
10.391917
10.426841
10.593982
10.624351
10.256099
10.305725
10.695237
10.896186
10.743742
10.576821
10.563474
10.668394
10.495233
10.45187
10.612786
10.527999
10.408298
10.276952
10.120417
10.467696
10.518137
10.287325
10.22008
10.25787
10.008099
10.013972
10.107886
10.073372
10.000398
10.000144
10.018608
10.012838
10.116755
10.055548
10.099207
10.147188
10.055994
10.092073
10.749532
10.854658
10.831875
10.524916
10.795177
10.837982
10.431284
10.451157
10.462572
10.781868
10.477774
10.407847
10.354802
10.59106
10.5399
10.429031
10.36451
10.576761
10.520777
10.362381
10.425704
10.436775
11.056135
10.904228
10.695233
11.002824
10.747561
11.036674
10.758792
10.983303
10.215159
10.23047
10.243358
10.127197
10.335329
10.13815
10.346819
10.258576
10.23225
10.25217
10.241361
10.181457
10.278231
10.179261
10.853132
10.489029
10.898674
10.544006
10.830506
10.450047
10.510917
10.029573
10.001049
10.057888
10.027818
10.012202
10.00472
10.025483
10.00087
10.022501
10.020083
10.198891
10.29786
10.286849
10.190228
10.259531
10.172194
10.232395
10.235774
10.331526
10.400795
10.278556
10.221379
10.067467
10.153384
10.055164
10.04945
10.046445
10.103649
10.096254
10.727777
10.812767
10.742815
10.539089
10.517776
10.427513
10.421617
10.535685
10.433484
10.377596
10.530412
10.399189
10.656461
10.263209
10.211944
10.299768
10.194206
10.442895
10.53655
10.160004
10.24964
10.880786
10.9183
10.861316
10.843406
10.578698
10.58851
10.802501
10.56956
10.444791
10.903018
10.873123
10.512826
10.579677
10.854231
10.509879
10.821095
10.79312
10.618804
10.434962
10.434748
10.798358
10.6256
10.316812
10.18799
10.366199
10.292563
10.329407
10.314761
10.345362
10.38768
10.541383
10.180549
10.544041
10.158712
10.331388
10.349162
10.207714
10.172969
10.220489
10.155663
10.196393
10.175838
10.109304
10.277196
10.261916
10.294323
10.815554
10.828952
10.432027
10.868799
10.871949
10.458007
10.874967
10.816839
10.440582
10.444838
10.249307
10.3632
10.169287
10.382984
10.26246
10.282006
10.323579
10.314982
10.333431
10.258949
10.8813
10.781132
10.909951
10.909523
10.521474
10.549444
10.888872
10.547619
10.891169
10.12587
10.195558
10.037591
10.146879
10.197732
10.237085
10.21237
10.086499
10.082912
10.131055
10.334533
10.191878
10.360764
10.267906
10.238635
10.579007
10.386009
10.041716
10.332748
10.238418
10.122645
10.194803
10.31326
10.027039
10.079772
10.143315
10.266817
10.140282
10.187407
10.640162
10.450218
10.451662
10.891556
10.745288
10.908026
10.47904
10.619819
10.892852
10.744687
10.910909
10.620635
10.347351
10.559558
10.360522
10.23699
10.255892
10.918327
10.936858
10.912975
10.865586
10.565029
10.230699
10.249507
10.939471
10.589751
10.512493
10.651746
10.986244
10.578429
10.692007
10.835823
11.018244
11.0918
10.751734
10.995546
10.670568
10.371065
10.264706
10.405288
10.668267
10.697703
10.795487
10.442471
10.542232
10.39005
10.494338
10.977256
11.023256
10.726106
10.989597
10.876497
10.976382
10.503627
10.711378
11.043283
10.799656
10.93606
10.41116
10.711784
11.082083
10.852305
10.779567
10.831241
11.08853
10.768737
11.434978
10.981166
11.127433
11.197694
10.540091
10.72492
10.817045
10.537072
11.225631
10.893321
10.982263
11.383172
11.082159
10.89602
10.534692
10.928007
10.734716
11.180013
10.960433
10.878351
10.758808
10.869907
10.991011
10.531107
11.265617
11.797097
11.280567
11.1926
11.346812
10.791516
11.121103
10.493031
10.693042
10.527137
10.402026
10.407679
10.62396
10.598846
10.569744
10.540039
10.550252
10.842772
11.117765
10.984701
10.882601
10.889658
10.737467
10.447821
10.408284
10.604985
10.573375
10.451917
10.564967
10.52031
10.715884
10.738506
10.953804
10.338249
10.33287
10.329133
10.340648
10.406267
10.530799
10.558726
10.359578
10.188389
10.256878
10.172915
10.108531
10.113464
10.309731
10.377667
10.357404
10.337145
10.345853
10.392508
10.341038
10.364687
10.395884
10.362356
10.417204
10.373513
10.415247
10.434984
10.545655
10.40497
10.493946
10.608044
10.423644
10.397561
10.497285
10.615668
10.427846
10.441458
10.614127
10.674445
10.700105
10.621821
10.663205
10.762452
10.774907
11.084576
10.6523
10.931341
10.921661
10.366917
10.890223
11.115982
10.78523
10.869464
11.081736
10.851238
10.72528
10.971909
11.082453
11.117472
10.963456
10.715948
10.799872
11.308594
11.02778
11.235041
10.837891
11.366839
11.305426
11.218415
11.745663
11.011008
11.226921
11.403567
11.785234
11.796833
10.667872
10.886525
10.668834
10.728287
10.764914
10.484453
10.548595
10.599966
10.497181
10.55493
10.653771
10.89114
11.053791
10.891286
10.585616
10.600999
10.38608
10.599502
10.602716
10.425579
10.369663
10.276526
11.121623
10.892808
10.839333
11.022195
11.051235
10.822292
10.436272
10.54365
10.376174
10.360563
10.422739
10.524622
10.155134
10.212529
10.341415
10.206572
10.393023
10.442437
10.428959
10.216914
10.699533
10.414711
10.418384
10.470713
10.550364
10.781854
10.492568
10.880399
10.533569
10.159119
10.501147
10.488076
10.347007
10.334228
10.53957
10.367667
10.30513
10.247458
10.246794
10.226973
10.076442
10.150576
10.12696
10.074588
10.054468
10.100654
10.118674
10.057419
10.836857
10.77235
10.110658
10.36707
10.366853
10.474485
10.518529
10.367617
10.354741
10.362949
10.393062
10.352719
10.807464
10.67865
10.679573
10.715864
10.442648
10.485264
10.42562
10.468988
10.809944
10.764028
10.540627
10.750029
10.941981
10.531982
10.200724
10.141169
10.080669
10.095872
10.162017
10.038681
10.108255
10.272017
10.160603
10.061911
10.352226
10.371118
10.732662
10.465008
10.499213
10.497166
10.71263
10.600641
10.50529
10.418668
11.053566
10.84285
10.791344
10.920253
11.177704
11.572262
11.002106
11.50162
10.861337
11.264523
11.551736
10.449058
10.54814
10.895846
10.437645
10.407477
10.581847
10.72481
10.801505
10.630826
10.276662
10.368765
10.188536
10.456253
10.279249
10.670205
10.522395
10.646733
10.502498
10.75435
10.790235
10.960621
10.645281
10.47726
11.144137
10.760544
10.84594
10.545206
10.471893
10.423827
10.837969
10.346064
10.465081
10.517985
10.356921
10.31545
10.301602
10.319089
10.403727
10.472987
10.239723
10.235171
10.27416
10.334165
10.472445
10.472772
10.333812
10.462882
10.292581
10.588828
10.830694
10.428467
10.824486
10.337753
10.400426
10.464289
10.55194
10.538373
10.601928
10.718844
10.955491
10.410052
10.376676
10.862827
11.130763
11.700649
12.240424
10.348979
10.324848
10.369165
10.405711
10.968992
11.168401
11.262641
10.775714
11.139693
10.946942
10.693252
10.443357
10.737681
10.776744
10.438631
10.764345
10.597502
10.495467
10.598364
10.962337
10.087767
10.004159
9.9898181
9.9950176
9.9971662
10.34149
10.099214
10.654268
10.292221
10.576393
10.28521
10.236241
10.260137
10.305265
10.174295
10.391945
10.249292
10.157245
10.208101
10.198756
10.313678
10.252108
10.127056
10.181742
10.146148
10.079057
10.077477
10.068953
10.088178
10.001814
10.009942
10.026188
10.401073
10.551798
10.261449
10.603217
10.974238
10.162799
10.231293
10.258509
10.10187
10.489454
10.96476
10.898851
10.634421
10.85176
10.217895
10.289787
10.393968
10.406293
10.360378
10.228104
10.120057
10.082028
10.516663
10.222324
10.013786
10.080777
9.9994801
10.051907
10.000259
10.022715
10.021823
10.062688
10.882369
10.987533
10.21672
10.22212
10.099434
10.333552
10.72002
10.728644
10.550058
10.461663
10.313893
10.547746
10.857289
10.333783
10.34373
10.156756
10.138236
10.824786
10.771783
10.38583
10.943155
11.068256
11.127333
10.522077
10.856479
10.856419
10.854864
10.739577
10.797759
10.567707
10.580004
10.896144
10.972002
10.494885
10.285277
10.59248
10.350717
10.333729
10.157741
10.352779
10.160397
10.1481
10.893509
10.497384
10.822581
10.539226
10.384457
10.549805
10.227743
10.281459
10.131952
10.186406
10.552406
10.756412
10.537163
10.90508
11.05516
10.646841
10.978052
11.290086
11.011743
10.707756
11.11034
10.979841
11.409695
11.185902
10.938565
10.958179
10.829821
11.352574
10.902292
11.526552
10.612404
10.743099
10.723361
10.610356
10.896187
10.807863
10.546393
10.456079
10.565927
10.254663
10.460732
10.7482
10.561778
10.816944
10.503027
10.914332
10.892907
10.642073
10.92276
10.084182
10.131212
10.341149
10.181242
10.500031
10.330886
10.155094
10.233512
10.568173
10.303625
10.825035
10.452057
10.563883
10.992508
11.224409
11.300172
10.671322
11.546307
10.801143
11.4635
11.071464
11.266125
10.560412
10.220102
10.145936
10.201862
10.312842
10.247066
10.09971
10.015266
10.149149
10.05984
10.120428
10.108401
10.012349
10.466108
10.494708
10.311219
10.422623
10.4786
10.153833
10.24114
10.221999
10.370643
10.06367
10.11451
10.338196
10.683828
11.058347
10.75898
10.822769
10.576211
10.802142
10.894191
10.677495
11.138797
11.10124
11.130123
11.748486
11.191139
11.705499
11.015587
11.325978
10.548739
10.554753
10.876659
10.451579
10.915102
10.480302
10.294563
10.375177
10.446867
10.625649
10.382914
10.16961
10.276626
10.27452
10.340064
10.389876
10.59047
10.317356
10.43199
10.35433
10.421615
10.234185
10.20067
10.246987
10.830719
10.591363
10.923826
11.04258
10.518425
10.485623
10.477914
10.887935
10.625721
10.687632
10.355661
10.343379
10.597671
10.725815
11.140407
10.301875
10.308601
10.405582
10.360134
11.204932
11.222592
10.872734
10.984716
10.694236
10.954577
10.892699
10.605694
10.938177
10.655421
10.87077
10.574829
10.897627
10.533215
10.528264
10.740296
10.916331
11.017871
10.604694
11.353452
11.039025
10.99616
11.161215
11.396291
11.320737
10.980532
10.631634
10.854258
10.935574
10.888849
10.562623
10.341815
10.423917
10.321378
10.375124
10.521523
10.346203
10.531757
10.643557
10.442652
10.437293
10.529977
10.549166
10.74203
10.397881
10.581036
10.616255
11.153476
10.822018
10.959843
10.565541
10.609331
10.878919
10.576602
10.609825
10.466231
10.385873
10.438921
10.555971
10.394984
10.665357
10.383229
10.784079
11.025318
10.404336
10.291986
10.327584
10.284583
10.271111
10.236037
13.157743
12.823803
12.585868
12.68276
12.143736
12.193363
12.316323
12.040378
11.745649
10.819098
11.714581
11.624915
11.486226
10.811187
11.288885
11.310779
11.313293
11.609557
11.963544
11.56604
11.327819
11.918642
12.386105
12.1614
13.265298
13.268515
12.962926
12.818515
13.637865
13.350566
13.283776
12.950371
13.05924
13.021882
12.244994
12.411599
12.483628
11.921581
11.698066
11.634457
11.642989
11.512884
11.484238
11.525003
11.494154
11.436752
11.439959
11.412872
11.407383
11.394534
11.423621
11.387878
11.379574
11.417765
11.385113
11.410531
11.372581
11.323698
11.376696
11.377506
11.321057
11.375993
11.384697
11.358704
11.39002
11.368367
11.376804
11.371151
11.405981
11.403458
11.449669
11.452119
11.521834
11.51496
11.701993
11.633197
11.61962
11.652204
11.937724
12.094005
11.885622
12.476409
13.224852
13.304433
13.081731
12.95562
12.993782
13.298967
13.24743
12.946096
12.784836
12.023822
11.727197
11.720477
12.035186
11.678392
11.969654
11.720449
11.740563
11.832849
12.176089
11.358498
10.853964
11.679529
11.607985
11.700454
11.758778
10.811026
10.799385
11.761397
11.371599
11.190536
10.746359
11.356866
10.647188
11.301632
10.588527
11.067598
11.298433
10.563688
11.359445
10.542832
11.193734
11.405042
10.591825
11.528992
10.638986
11.386024
10.999208
10.723208
11.067672
10.778822
13.14096
12.859928
12.732106
12.418045
12.810023
13.465594
13.482884
13.27722
13.088366
13.433883
11.23167
11.28441
11.694312
11.273509
11.640611
11.31197
11.976348
13.457897
13.407028
13.091729
13.081962
12.931534
11.28773
11.113781
11.081279
11.267072
10.592078
10.814262
11.355409
10.775594
11.18015
11.390579
11.009739
11.53567
11.14794
11.367991
11.007531
11.121464
11.075982
10.980796
11.022185
11.297299
10.754889
10.75634
11.545718
11.039415
13.672034
13.291291
13.360311
12.959408
12.97357
13.091055
12.830612
13.521657
13.605757
13.313065
13.099656
12.978246
13.575353
13.550977
13.275539
13.68053
13.406396
13.479967
13.302938
13.066022
13.090067
13.716627
13.728316
13.509523
13.254981
13.273688
13.553062
13.545633
13.248662
12.870058
12.579626
12.307602
12.62379
12.390015
12.32575
12.391262
11.315842
11.023311
10.827877
11.537014
10.784676
13.48628
13.434142
13.216551
12.956949
13.164814
13.094733
12.717471
12.76264
11.152366
11.465127
11.239923
11.364061
11.307948
12.028708
11.690809
11.924572
12.231879
12.033566
12.045111
13.60731
13.61304
13.374247
13.366861
13.099472
13.518044
13.110031
13.176792
13.325317
13.310953
12.993415
12.975007
13.574454
13.547498
13.214857
13.161948
13.240229
13.280597
12.873539
13.216025
12.953425
12.987426
12.5875
12.709981
13.337931
13.326903
13.084162
13.080586
12.649156
12.709684
12.656108
13.263123
13.355522
12.931355
13.020209
12.713459
13.569522
13.581401
13.215012
13.307929
13.27394
12.700925
13.003793
13.060254
13.469065
13.536488
13.288263
13.110959
13.25683
13.277388
13.00193
12.906439
13.449879
13.404935
13.122598
11.669577
11.618139
11.599688
11.928933
12.052198
11.412754
10.803865
11.420548
11.749519
11.686802
11.692298
11.775338
10.761572
11.751352
12.229704
12.180909
12.227421
12.435468
10.607601
11.202015
11.314111
10.576546
11.182803
11.544427
10.534349
11.533047
10.548855
11.18029
10.60035
11.433451
10.662325
11.496906
12.58782
12.425455
12.485319
12.249145
12.229783
12.104149
11.703608
11.688532
11.897565
12.794358
12.610114
12.796588
11.142416
11.646097
11.078747
11.52734
11.18717
11.62508
10.695415
10.678826
11.106406
11.55955
11.088138
11.163786
11.080221
10.904187
11.37969
10.712007
11.161299
11.097338
11.481547
12.381542
12.346138
12.155673
12.111369
11.483739
10.916619
11.096876
13.31912
13.396366
12.96729
12.985124
11.734763
11.928989
11.833157
11.982775
12.171902
12.761122
12.429532
12.66087
11.325072
10.763384
11.333318
12.637387
12.35337
12.322007
12.50136
12.697069
12.530004
12.717001
12.257687
12.080159
11.98763
10.93998
11.605367
11.148572
10.713542
11.281287
10.848926
12.578039
12.601312
12.266223
12.420966
13.075019
12.832821
12.422719
12.753331
12.578599
12.8219
12.580305
12.508343
12.280201
12.52265
12.139693
12.534616
12.44724
12.281632
12.456748
12.167331
12.208479
11.953103
12.449508
12.49016
12.696314
12.749676
12.760227
12.780473
12.753073
12.552463
11.195364
11.339404
11.403592
11.21752
11.717671
11.196496
11.761429
11.646086
11.558509
11.445398
11.331834
11.716403
11.488642
12.06303
12.156864
12.140034
11.388974
11.421169
11.141343
11.706587
11.702242
11.447095
11.590957
11.381335
11.673746
11.25934
11.545095
11.15141
11.693961
11.463032
11.170394
11.661504
11.659715
11.549997
11.042228
11.459441
11.707081
11.296953
12.018036
12.245054
12.084028
12.193845
11.713283
11.799792
12.015069
11.820853
11.485299
11.373376
11.691954
11.294942
11.629158
11.635146
11.655976
11.650185
11.994654
11.934256
11.984069
11.454619
11.107591
11.183555
11.597384
12.401507
12.218695
12.504811
12.457039
11.766489
11.977262
12.03054
12.359263
12.265066
12.364295
12.271076
12.571458
12.444341
12.255902
12.506938
12.31364
12.616943
11.646192
11.575065
11.74433
11.849541
12.049047
11.403161
11.59525
11.667977
11.634829
11.469086
11.514799
11.188073
12.431374
12.164902
12.291534
12.040314
11.961588
12.209801
11.808597
12.017394
12.183622
12.250064
12.149762
11.611812
11.707223
11.968027
11.949689
12.164968
12.118345
12.260838
12.707962
12.465042
11.975145
12.108494
12.252937
12.500719
12.311764
12.118985
12.391878
12.564139
12.285832
12.309004
12.607993
12.560159
12.438645
12.464094
12.310759
11.623989
11.61843
11.727143
11.822753
11.975118
12.116381
11.722915
11.475973
11.792138
11.420022
11.371454
12.334331
11.974272
12.359246
12.160339
11.75749
11.545559
11.377073
12.224981
12.088336
12.455829
12.366224
12.213143
11.977874
11.613471
11.574551
11.729766
11.867211
12.220667
12.182627
12.192595
12.30194
11.677625
11.705229
11.70857
11.834998
11.454087
11.410184
11.792874
12.019644
11.847398
12.177265
12.001873
12.011275
12.136059
12.17579
12.137151
12.094574
11.75442
11.657307
11.720928
11.683731
11.914064
11.982702
12.047119
11.926273
12.074199
12.19861
11.531909
11.423505
11.6423
11.594701
11.898804
11.658054
11.981137
11.684354
11.815632
11.993647
12.252087
12.281512
12.144058
12.08798
12.449511
12.006882
12.113264
12.392888
12.181071
11.779012
11.521174
11.989461
12.060207
12.054196
12.100251
11.691447
11.389667
11.600267
11.743864
11.769556
11.882886
11.59943
11.99965
11.489236
11.470624
11.630414
11.885572
11.794682
11.566449
11.464891
11.874357
12.019194
11.760593
11.535416
11.653089
12.015471
12.025567
11.776697
11.606814
11.485853
12.178317
12.039875
12.018561
12.099952
11.842471
11.842734
12.050219
11.812078
11.998534
12.147294
11.987023
12.118984
12.123768
11.969983
11.99168
11.929062
11.761333
11.680999
11.729828
11.820745
12.012189
12.144262
12.047426
11.818503
12.053392
12.128343
11.821343
11.964291
11.671544
11.966879
11.974105
11.72571
12.014017
11.587656
11.435112
11.544367
11.711984
11.878478
12.016552
11.97198
11.941732
11.993761
11.603803
11.836794
12.023982
11.976211
11.992902
11.847842
11.633348
11.705683
11.877379
11.751905
11.926654
12.105997
11.796712
11.807895
11.894793
11.958212
11.574479
11.992111
11.731132
12.063235
12.245284
12.051922
12.089704
11.859618
12.01333
11.945534
11.923306
11.936921
11.927385
11.687294
11.908386
11.907761
11.683134
11.828957
11.883491
11.940447
11.841836
11.571316
11.798814
11.960416
11.999175
11.661268
11.732702
11.807698
11.751583
11.890695
11.913999
11.902576
12.005364
11.925062
11.618268
11.672992
11.730708
11.91848
11.336532
11.687265
11.58061
11.358567
11.557172
11.927086
11.383376
13.319589
13.253539
13.421942
13.077045
13.01572
13.490571
13.564354
13.123189
13.563462
13.605242
13.429145
13.286897
12.963511
12.993726
13.163914
13.233286
13.104197
12.93029
12.876637
12.740852
13.359482
13.018784
13.056481
13.555913
13.489389
13.548844
13.139676
13.225184
13.474758
13.616354
13.274594
13.245692
13.511266
13.575437
13.532921
13.152145
13.161968
13.324031
13.379299
13.073244
13.05602
13.363167
13.456334
13.306203
13.003134
12.973562
13.136762
13.508274
13.414031
13.079265
13.677383
13.438218
13.502069
13.60291
13.473041
13.534045
13.587507
13.546377
13.309766
13.188797
13.538127
13.599278
13.229293
13.363679
13.587034
13.393086
13.481441
13.280684
13.701013
13.64898
13.2429
13.652968
13.417391
13.509665
13.243635
13.100934
13.443111
13.388611
13.100581
12.681803
12.703222
12.854056
13.084924
12.772319
12.10088
12.236316
12.078218
12.254531
12.404414
11.999339
12.132538
12.282916
11.835438
11.784478
11.731667
11.649932
11.706381
11.843899
11.71406
11.687238
11.592447
11.586474
11.601949
11.498339
11.526644
11.569415
11.548635
11.513846
11.450627
11.463421
11.479503
11.461421
11.373175
11.46815
11.410149
11.421487
11.396024
11.324634
11.426417
11.42675
11.343986
11.410664
11.403584
11.382893
11.25066
11.301694
11.417297
11.415637
11.322658
11.403049
11.374053
11.370038
11.242009
11.215215
11.408462
11.414783
11.320746
11.37426
11.403376
11.372896
11.386567
11.218626
11.375191
11.372218
11.319211
11.377348
11.391082
11.367025
11.382737
11.379988
11.374556
11.361308
11.37693
11.383204
11.372592
11.19523
11.384471
11.361434
11.372969
11.458639
11.39168
11.40063
11.392185
11.214876
11.302541
11.386835
11.387393
11.423524
11.515116
11.449673
11.491899
11.352555
11.422395
11.494393
11.470815
11.445402
11.653104
11.608403
11.773288
11.607871
11.531445
11.587581
11.608357
11.56119
11.935133
12.049982
12.059917
12.005267
11.772696
11.813091
11.738491
11.922252
12.334195
12.075701
12.238881
12.274724
12.522639
12.489637
12.587233
12.741311
12.798724
12.717935
12.542101
12.627857
12.692552
12.59979
12.528622
12.969673
12.778085
12.647615
12.408278
12.522194
11.942356
12.039036
13.151495
12.708662
12.783666
11.690876
11.780334
11.6347
11.621037
11.804545
12.846226
12.862316
12.457785
12.47517
12.308584
12.394753
12.649207
12.860072
12.824842
12.680485
12.404474
12.296448
12.661526
12.18573
12.423118
11.505584
11.487526
11.547244
11.876371
11.763859
12.026647
11.475751
11.447108
11.371244
11.458199
11.62009
11.588474
11.5247
11.621114
11.783031
11.354114
11.353008
11.446331
11.487208
11.514272
11.353099
11.440114
11.393416
11.423956
11.446328
11.328177
11.368893
11.349052
11.396756
11.393304
11.418772
11.305677
11.345388
11.416421
11.219481
11.395686
11.392991
11.348357
11.432472
11.412127
11.391064
11.406622
11.368683
11.459158
11.459973
11.404822
11.391855
11.382897
11.478686
11.399348
11.505122
11.157533
11.384211
11.381126
11.356918
11.395061
11.416433
11.563978
11.658717
11.625673
11.575824
11.371214
11.411183
11.838008
11.386044
11.429701
11.412165
11.447311
12.273985
12.378269
11.455474
11.499308
11.527295
11.51636
11.576431
11.612675
11.687174
11.846575
11.959591
11.787356
13.030105
12.591361
12.749031
12.932123
12.958625
12.992431
12.676231
12.604338
12.451976
12.706446
12.640053
12.894634
12.974218
12.537689
11.549138
11.510811
11.614253
12.688176
12.629305
12.694372
12.539362
12.626363
12.699068
12.599538
12.217137
12.124674
12.18442
12.299305
12.608526
12.581987
12.091918
12.114453
12.206182
12.145952
12.205705
12.373337
12.362988
11.37401
11.428499
11.481028
11.402181
12.192952
12.326233
12.103725
11.495712
11.483042
11.477708
11.901227
12.003681
11.837562
11.468768
11.442844
11.494555
11.454405
11.371919
11.402324
11.821254
11.371818
11.401558
11.393967
11.536419
11.63717
11.605348
11.4075
11.458502
11.523658
11.46473
11.434471
11.478736
11.518112
11.408438
11.322741
11.426429
11.477971
11.406188
11.568344
11.533193
11.576561
11.588303
11.466732
11.39219
11.761609
11.685521
11.697346
11.765866
11.400272
11.402875
11.453025
11.385785
11.399105
11.402979
11.372081
11.408628
11.411608
11.377942
11.425194
11.432169
11.449362
11.461094
11.461851
11.620972
11.525519
11.537558
11.754737
11.809206
11.678488
12.093142
12.211315
12.195718
12.418851
12.454815
12.052542
12.107995
12.262263
12.086031
12.207114
12.164119
12.088301
12.179932
12.413198
12.279794
12.114016
11.538708
11.972254
11.946378
11.621501
11.667114
11.630231
12.312838
12.095729
12.332425
12.251152
12.069204
11.993533
12.204407
12.130281
12.243059
11.529114
11.598253
11.604779
11.63858
11.372258
11.473815
11.3831
11.345557
11.763851
11.747974
11.822874
11.916017
11.413309
11.342745
11.469567
11.501578
11.364611
11.321778
11.377349
11.454588
11.314151
11.343916
11.461787
11.545762
11.552047
11.631395
11.711763
11.645688
11.457493
11.557446
11.398335
11.379997
11.497945
11.443053
11.40773
11.360592
11.42001
11.460003
11.394455
11.392685
11.397359
11.397703
11.405356
11.397423
11.412435
11.404161
11.376247
11.421478
11.402177
11.395645
11.45404
11.423301
11.403616
11.441305
11.531251
11.472952
11.477942
11.545755
11.48718
11.386904
11.419978
11.495589
11.474039
11.401059
11.375667
11.305477
11.343844
12.277882
12.069769
12.24926
12.053445
12.055718
12.238505
12.135313
12.275209
11.453419
11.554029
11.506879
11.419082
11.632783
11.87182
11.904911
11.772384
12.088412
12.136111
11.956201
11.963846
11.989305
11.855961
11.885472
12.037338
11.706854
11.793076
11.711926
11.622564
11.625155
11.494273
11.590322
11.789606
11.871371
11.935246
11.923255
11.787425
11.855716
11.911307
11.786953
11.856089
11.897968
11.824583
11.879498
11.750709
11.603192
11.57602
11.442201
11.349537
11.494822
11.807188
11.687088
11.794636
11.310243
11.393804
11.333439
11.319573
11.497437
11.575579
11.641411
11.661095
11.307051
11.425673
11.397292
11.27519
11.486289
11.575206
11.528701
11.421943
11.407121
11.516899
11.383671
11.420816
11.406445
11.377363
11.362964
11.329407
11.362229
11.411088
11.372431
11.40749
11.335723
11.317344
11.501579
11.322584
11.432676
11.406653
11.357878
11.478928
11.409274
11.438631
11.392286
11.389143
11.395082
11.339572
11.315351
11.490932
11.880439
11.852731
11.422096
11.394919
11.404342
11.375652
11.313954
11.400755
11.320618
11.447588
11.393311
11.720141
11.627455
11.631615
11.412787
11.391389
11.423633
11.395205
11.276451
11.90461
11.847797
11.493863
11.513749
11.578874
11.439109
11.43505
11.352402
11.347019
11.559823
11.708786
11.613576
11.705482
11.652552
11.554119
11.538186
11.593519
11.466408
11.417725
11.396194
11.64364
11.57035
11.660775
11.494273
11.634822
11.743822
11.673321
11.656197
11.71914
11.70971
11.469984
11.70529
11.430396
11.379527
11.398787
11.320149
11.427027
11.382331
11.403577
11.43755
11.446311
11.413108
11.328789
11.434742
11.452426
11.386916
11.495779
11.328434
11.449845
11.517654
11.54105
11.565316
11.40729
11.363594
11.458801
11.570319
11.552723
11.55936
11.396153
11.445752
11.374479
11.432394
11.483162
11.4655
11.406212
11.42468
11.460963
11.466516
11.481677
11.480349
11.370894
11.365625
11.378826
11.393978
11.463645
11.392996
11.401144
11.391928
11.413034
11.389131
11.392169
11.343803
11.328695
11.477876
11.343473
11.42085
11.39991
11.383286
11.391107
11.38505
11.46796
11.281716
11.395046
11.38535
11.413541
11.444016
11.531006
10.214492
10.214628
10.1635
10.240453
10.054303
10.155199
10.222797
10.245359
10.18251
10.005828
10.017629
10.350039
10.413268
10.340916
10.113297
10.048981
10.063709
10.062415
9.9970716
9.9905304
10.320129
10.42381
10.395629
10.113882
10.397866
10.355144
10.31873
10.424087
10.046061
10.188592
10.245533
10.22631
10.156785
9.9916634
10.251301
10.26972
10.216797
9.980909
10.388868
10.440152
10.376711
10.013101
10.048002
10.060545
10.056545
9.9881962
10.103961
10.10752
10.157916
10.138027
10.137255
10.073812
10.112204
10.191421
10.082596
10.127144
10.29839
10.308115
10.30643
10.275461
10.283996
10.299135
10.09185
10.050504
9.9980884
10.066003
10.035815
10.039434
10.142843
10.094017
10.149323
10.131018
10.073768
11.397351
11.480525
11.376389
11.482849
11.575543
11.451463
11.44991
11.199524
11.283037
11.083803
11.229396
11.225217
11.03103
11.146953
11.079808
11.037112
11.056509
11.068018
11.052058
10.948312
10.730229
10.860002
10.974309
10.976518
10.843327
10.85326
10.964902
10.796896
10.824827
10.881906
10.809946
10.720745
11.086418
11.055687
11.09191
11.046041
11.065806
10.951206
10.946695
11.008001
10.784605
10.837034
10.798774
10.96724
10.94328
10.689381
10.772295
10.785981
10.625783
10.608942
10.337054
10.270356
10.361283
10.316889
10.423499
10.387915
10.465489
10.382926
10.508506
10.303294
10.847121
10.853715
10.852037
10.855375
10.730189
10.692274
10.745487
10.597557
10.705336
10.660567
10.572715
10.472574
10.718889
10.558756
10.752619
10.527991
10.570856
10.573775
10.556731
10.512467
10.306821
10.40774
10.20336
10.251719
10.189528
10.154045
10.257609
10.246306
10.31791
10.416269
10.651025
10.570717
10.71394
10.664365
10.600891
10.632537
10.595547
10.680029
10.693725
10.724773
10.560452
10.627607
12.402895
12.376042
12.452762
12.460385
12.456054
12.342117
12.309649
12.181535
12.190931
11.950596
12.19154
12.008075
12.170185
11.598231
11.591917
11.505801
11.545025
11.469712
11.556564
11.267638
11.552117
11.390162
11.397566
11.26294
11.377226
11.122881
11.553001
11.186228
11.173249
11.153356
11.115185
10.984811
11.067138
11.081004
10.967394
10.835663
10.932812
11.068591
10.9643
10.809236
10.834258
10.525826
10.332932
10.339229
10.543422
10.510573
10.544729
10.397754
10.551064
10.361611
10.41106
10.437983
10.425323
10.520065
10.55192
10.525211
10.403003
10.470745
10.587182
10.508891
10.441661
10.529021
10.538323
10.47581
10.449879
10.453501
10.417231
10.544488
12.415751
12.481468
12.479276
12.228683
12.311632
12.439744
12.412875
12.272274
12.159331
12.136039
12.164716
11.918978
11.916554
12.011306
11.878448
11.798793
12.17044
11.745665
11.799456
11.681154
11.77825
11.627637
11.590787
11.370906
11.187427
11.361169
11.293494
11.348894
11.254606
11.599094
11.849597
11.99129
11.969131
12.021342
11.763933
11.889886
11.746061
11.516422
11.756808
11.432867
11.463399
11.272616
11.410174
11.729946
11.216399
11.289416
11.24617
11.235349
11.315085
10.725782
11.100782
10.726645
10.777865
10.956201
10.882494
10.673859
10.802551
10.932066
10.672134
10.583579
10.727629
10.673046
10.775001
10.73617
10.583549
10.679344
10.742104
10.352886
10.433246
10.334874
10.470249
10.351191
10.516572
10.512618
10.457774
10.557221
10.460174
10.538544
10.428784
10.501944
10.381232
10.635969
10.639847
10.658886
10.623126
10.331998
10.262352
10.214907
10.344439
10.229712
10.345879
10.383738
10.435155
10.399813
10.461886
10.296938
10.589081
10.412052
10.36664
10.275512
10.357296
10.502249
10.50228
10.494113
10.511959
10.523786
10.422355
10.443835
10.410408
10.382049
12.220462
11.984512
12.125205
12.274957
12.26447
12.135425
12.129499
12.260951
12.079611
12.147855
11.795711
12.0362
11.737125
11.950082
11.646686
11.749295
11.798149
10.441645
10.322456
10.512778
10.510048
10.37267
10.367258
10.549068
10.507591
10.544438
10.456566
10.397785
10.435874
11.314112
11.278086
11.266486
11.228489
11.354765
10.641882
10.775992
10.807003
10.865586
11.030634
11.090054
10.805268
10.998075
11.124012
11.149403
11.178421
11.13013
11.160989
10.794764
11.09139
11.070531
10.928089
11.050069
10.923929
11.026561
10.967443
10.856566
10.92298
10.174743
10.278801
10.13727
10.341031
10.295125
10.257233
10.335697
10.349585
10.185712
10.273546
10.293268
10.242191
10.209355
10.192414
10.523739
10.381154
10.326534
10.467874
10.410717
10.394663
10.468968
10.539182
10.482194
10.395334
10.536528
10.45436
10.522393
10.50969
10.102874
10.192904
10.166815
10.184598
10.239419
10.097199
10.0875
10.130493
10.144767
10.141388
10.168831
10.163179
10.210979
10.21048
10.167602
10.20393
12.317548
12.027383
12.27091
12.192143
12.118759
12.270388
12.306381
11.933802
12.116325
12.002304
12.016843
11.771143
11.67875
11.81536
11.716354
11.598962
12.075986
12.509778
12.333772
12.184366
12.022172
12.32335
12.344944
11.995351
12.163635
12.215274
11.825611
12.06393
12.053401
11.721804
11.821175
11.706489
11.518593
11.592684
11.45299
11.520624
11.610866
11.500499
11.581523
11.291525
11.483006
11.335548
11.310741
11.214386
11.237284
11.304023
11.47278
11.558735
11.295736
11.270069
11.312627
11.15192
11.216496
11.113311
10.951477
11.160902
11.04119
11.043478
11.197907
11.250727
10.686873
10.470673
10.588231
10.600473
10.409874
10.571828
10.607996
10.50167
10.446892
10.480294
10.512712
10.881977
10.873387
10.768053
10.73485
10.774661
10.579517
10.802927
10.60946
10.714767
10.742473
10.667245
10.596289
11.606586
11.56112
11.488684
11.507901
11.412176
11.503243
11.416459
11.535616
11.509651
11.338184
11.369364
11.171771
11.192072
11.285217
11.11653
11.242445
10.226714
10.388195
10.356944
10.329181
10.4076
10.404279
10.301845
10.30152
10.268612
10.301936
10.112823
10.113181
10.07865
10.052079
10.075272
10.098008
10.117475
10.105807
10.097421
10.074216
10.051177
10.102667
10.098785
10.109936
10.07247
10.094654
11.079489
11.046263
10.867724
10.980913
10.964077
10.828456
10.611911
10.532034
10.936744
10.631107
10.517574
10.733843
10.743529
10.749712
10.884392
10.597247
10.901071
10.779405
10.516247
10.61931
10.805478
10.23358
10.387355
10.441479
10.332755
10.312441
10.319897
10.458579
10.312768
11.637864
11.634294
11.560727
11.583171
11.511536
11.162711
11.510756
11.46948
11.340147
11.28381
11.339261
11.487386
10.480541
10.499872
10.341747
10.57576
10.533964
10.506606
10.559216
10.585456
10.40563
10.40659
10.35966
10.462187
10.371614
10.450241
10.414834
10.367226
10.40303
10.435738
10.413558
10.464128
10.435935
10.125431
10.282752
10.183876
10.082577
10.133869
10.10581
10.202665
10.197554
10.309029
10.110001
10.161484
10.086998
11.07125
11.0387
11.013972
11.080564
11.053112
11.028739
10.756424
10.900186
10.98803
10.966697
10.962536
10.848738
10.744276
11.025889
10.959395
10.902614
10.65894
10.764429
10.853235
10.768818
12.231734
12.26908
12.158199
12.130403
12.019427
12.033402
11.799734
11.954498
11.812962
12.039509
11.79402
11.614281
11.492045
11.392436
11.324302
11.404339
11.304603
11.493509
11.368158
11.270118
10.993045
11.257613
10.911646
11.391423
11.21585
11.114534
11.197911
11.081078
11.039199
10.919606
11.012734
10.951864
10.994677
10.984432
10.759714
10.539305
10.735777
10.828575
10.511145
10.459645
10.626464
10.48947
10.642426
12.226441
12.26749
12.188112
12.052256
12.022765
12.222153
12.256045
12.082229
12.133479
11.970731
11.954498
11.513811
11.749568
11.930147
11.771776
11.805202
11.595003
11.865261
11.589968
11.671484
11.696318
11.619092
11.609629
11.545442
11.488346
11.500386
11.583225
11.570757
11.388193
11.387719
11.29432
12.528272
12.567455
12.501462
12.525834
12.389904
12.314203
12.549594
12.572471
12.523475
12.372775
12.394177
12.295019
12.235638
11.988468
12.198682
12.225251
12.04074
12.353515
12.241165
12.188732
12.12375
11.977479
12.043948
12.292723
12.173111
12.142611
12.077265
12.026072
11.949961
11.813016
12.073785
11.485581
11.899758
12.028589
11.708654
11.737328
11.64896
11.826168
10.98591
10.855025
10.983266
10.94348
10.937588
10.85976
10.64145
10.644506
10.550764
10.774218
10.727937
10.611891
10.704069
10.559971
10.725101
10.56519
10.579197
10.540255
10.664053
10.500227
11.873604
11.799017
11.759843
11.735464
11.683767
11.405707
11.567063
11.582161
11.653055
11.632227
11.317459
11.475294
11.219011
11.289844
11.342402
11.336257
11.601788
11.505021
11.424876
11.571386
11.58295
11.484164
11.489295
11.342829
11.464774
11.421304
11.528125
11.512667
11.128264
11.281607
11.235585
11.247782
11.250984
11.2812
11.06198
11.109419
10.514604
10.383713
10.265078
10.453299
10.48835
10.485371
10.425626
10.403907
10.318799
10.340427
10.429581
10.382374
10.322249
10.155925
10.230957
10.22321
10.251184
10.335599
10.280285
10.324017
10.286505
10.214788
10.287684
10.256364
10.164748
10.310585
10.283169
10.198333
10.187052
10.251692
10.090348
10.142068
10.117426
10.076712
10.088064
10.058068
10.055398
10.039048
10.110976
10.068338
10.084791
10.0798
10.773492
10.794664
10.753165
10.734273
10.350946
10.339743
10.422123
10.57582
10.376797
10.522438
10.650679
10.458683
10.369432
10.431742
10.578306
12.273549
12.098658
12.323792
12.272396
12.145251
12.067753
12.195996
12.037988
11.792715
12.077326
12.044636
11.642195
11.816346
11.805918
11.76757
11.683041
11.587775
11.525284
11.592452
11.484331
11.542426
11.441965
11.663575
11.44802
11.602694
11.491103
11.283657
11.279928
11.403176
11.302275
11.656023
11.196461
11.171848
11.162347
11.169305
11.158722
11.049484
11.043899
10.979513
11.008908
10.823014
10.868814
11.051343
10.568796
10.551454
10.252576
10.235568
10.337296
10.260814
10.295599
10.341912
10.30961
10.291025
10.341299
10.319608
10.416507
10.43461
10.252672
12.47897
12.481471
12.534606
12.472053
12.355013
12.246882
12.522599
12.35282
12.183564
11.965167
12.195815
12.006362
11.97339
12.32748
11.805101
11.754774
11.63079
11.713649
11.610186
11.830324
11.886106
11.7639
11.660331
11.587803
11.746768
11.421019
11.517805
11.397098
11.82125
11.466165
12.434658
12.387857
12.263017
12.262484
12.163524
12.043882
12.424277
12.292778
12.282285
12.133803
11.996896
12.178145
12.055945
12.091052
11.992389
11.814461
12.280894
11.763234
11.866081
11.053078
11.066451
11.055312
11.067501
11.082522
11.011698
10.963388
10.808989
10.901429
10.765973
10.82337
10.888485
10.908638
10.922596
10.718063
11.007198
11.006763
11.020294
11.019077
11.018344
10.848943
10.888882
10.845983
10.776218
10.681291
10.826957
10.766014
10.65613
12.401275
12.223349
12.40952
12.225716
12.278412
12.456274
12.317629
12.147351
12.302446
11.859158
11.901964
12.109836
11.891169
11.329195
11.303972
11.273626
11.22877
11.245167
11.20084
10.878305
10.974863
10.811266
11.152361
11.064718
10.693732
11.05851
10.78812
10.831321
10.66405
11.67968
11.734551
11.596856
11.592782
11.308467
11.167786
11.305507
11.506967
11.530234
11.267548
11.125743
11.19914
11.158971
11.230335
11.191385
11.078398
10.989739
11.043786
11.012565
10.985835
10.843585
10.884119
10.850834
10.350084
10.455465
10.459455
10.274747
10.455133
10.406952
10.419581
10.402215
10.440033
10.473766
10.466396
10.366367
10.282921
10.140574
10.244414
10.328483
10.155275
10.183295
10.008666
10.107138
10.075409
10.111485
10.108877
10.266815
10.302444
10.187232
10.145968
10.105948
10.110649
10.118857
10.079063
10.106941
10.074546
10.083601
10.185707
10.118792
11.066384
11.052676
11.040459
11.063233
11.049614
10.707038
10.929735
10.917264
10.932463
10.937615
10.898778
10.76492
10.891827
10.698037
10.869805
10.362125
10.210418
10.245921
10.430248
10.427834
10.334238
10.398302
10.39941
10.415684
10.349021
10.280098
10.292731
11.205564
11.167409
11.222717
11.181662
11.147837
11.04046
11.093724
10.80625
11.045951
10.980363
11.035622
10.882825
10.859035
11.173151
11.152464
11.135923
11.14036
11.122574
11.159586
11.032629
10.987653
10.957292
11.002242
11.087688
10.932743
10.920511
10.817284
10.809759
10.564229
10.56522
10.570569
10.579067
10.559049
10.497228
10.454443
10.414843
10.444919
10.463724
10.446987
10.524927
10.437293
10.271918
10.237084
10.280409
10.354038
10.223886
10.360917
10.326856
10.346515
10.31638
10.327903
10.307739
10.295897
10.239476
10.207092
10.209344
11.167459
11.167158
11.124206
11.172536
11.071444
11.11616
10.98409
11.003918
11.100605
11.031645
10.833231
10.844886
10.919119
10.925296
10.838451
11.109592
11.057588
11.10601
11.03329
10.70659
11.023535
10.951962
10.909734
10.959097
10.941499
10.885696
10.803293
10.758025
10.808763
11.739307
11.619052
11.679855
11.626445
11.543484
11.287259
11.075791
11.485063
11.36936
11.543329
11.250842
11.165133
11.06287
11.200052
10.432021
10.301549
10.258128
10.331668
10.29091
10.328125
10.333855
10.340955
10.32481
10.31687
10.347172
10.305713
10.32404
10.296577
10.288866
10.026652
10.076288
10.054913
10.057201
10.037014
10.040616
10.020247
10.0307
10.0195
10.075239
10.057609
10.079073
10.072109
10.072473
10.061611
11.063315
11.043952
11.064943
11.042985
11.027999
10.647807
10.916727
10.922941
10.941217
10.875422
10.737053
10.869515
10.768828
10.825414
10.749976
10.654053
10.41341
10.45934
10.557459
10.592816
10.599043
10.643556
10.553336
10.540182
10.48851
10.402957
10.504313
11.095358
11.065351
11.041989
11.081308
11.05596
11.034781
10.885498
10.952277
10.834883
10.878317
11.006891
10.975744
10.930002
10.754357
10.68967
10.676946
10.336235
10.355517
10.372134
10.35235
10.162775
10.135752
10.138876
10.193825
10.113546
10.173821
10.100984
10.117109
10.188029
10.250076
10.195529
10.162296
10.185899
10.143144
10.131137
11.55306
11.397585
11.38572
11.222756
11.392459
11.262179
11.167197
11.173078
11.001694
11.036642
11.205977
11.192774
10.97142
10.958052
11.169569
11.132265
11.101185
11.156128
11.12165
11.093994
10.975678
10.778437
10.970945
11.005789
10.983457
10.959363
10.886426
10.705304
10.745564
10.583415
10.751101
10.541528
10.648785
10.743509
10.680265
10.679477
10.592769
10.554066
10.467645
11.425205
11.413929
11.355673
11.396922
11.453424
11.343214
11.337379
11.397344
11.232918
11.186272
11.115534
11.07967
11.034538
11.182664
11.133231
11.305986
11.006089
11.00221
10.99664
11.015105
11.009869
10.617449
10.844601
10.872267
10.852144
10.716379
10.886415
10.770745
10.677145
10.820389
10.452294
10.404125
10.575214
10.549952
10.578828
10.556975
10.469485
10.483306
10.529331
10.355505
10.416311
10.248211
10.219827
10.185431
10.136412
10.223019
10.281829
10.155717
10.152959
10.241781
10.256819
10.2216
10.179992
10.122467
9.9775811
9.9775394
9.9856468
9.9784368
9.9744859
9.9788734
9.9731804
9.9703874
9.9712269
9.9693362
9.9712867
9.9713812
9.9795087
9.9804282
9.9857755
9.9779449
9.9813542
9.973657
9.9702445
9.9701323
9.9684299
9.9675417
9.9670718
9.9703625
9.9760157
9.981163
9.9836778
9.9864552
9.9861037
9.9813036
9.9871439
9.974414
9.9826607
9.9859546
9.9805191
9.9832717
9.9816521
9.9733554
9.9815496
10.071584
10.12927
10.079095
10.086403
10.12392
10.072284
10.047882
10.036399
10.15707
10.123378
10.125909
10.110621
10.110464
10.113941
11.059606
11.058256
11.054712
11.058417
11.056973
11.053249
10.917152
10.899381
10.720506
10.918813
10.937312
10.70885
10.842798
10.872777
10.505944
10.505783
10.512849
10.368186
10.368132
10.368945
10.957123
10.954776
10.954888
10.957711
10.957175
10.957824
10.773738
10.721019
10.853334
10.859979
10.839518
10.820501
10.677916
10.717852
10.831299
10.649912
10.78475
10.607472
10.81774
10.620023
11.002403
11.003419
11.004446
11.005545
10.8633
10.889765
10.687686
10.84334
10.794271
10.835946
10.641859
10.888622
10.710598
10.534401
10.413813
10.50755
10.521619
10.513718
10.438003
10.524944
10.501382
10.379424
10.413439
10.525587
10.427506
10.517261
10.445677
10.38993
10.422298
11.02377
11.019722
11.020982
11.039777
11.001451
11.004883
11.002461
10.867074
10.919902
10.902716
10.721495
10.82591
10.855202
10.670042
10.797269
10.671202
10.587218
10.709452
11.220044
11.24542
11.180947
11.203344
11.232923
11.227341
11.252231
11.064346
11.097981
11.123616
11.075175
11.099985
10.899204
10.901676
11.046861
10.929095
10.910893
11.091202
10.784099
10.768499
10.530248
10.571889
10.633705
10.664154
10.656942
10.699651
10.555
10.499938
10.703904
10.618914
10.656466
10.475849
10.708153
10.460033
10.510128
10.427926
10.861706
10.83326
10.881363
10.889636
10.560465
10.442296
10.467575
10.410751
10.480033
10.375657
10.59172
10.673538
10.347655
10.246011
10.206138
10.167712
10.240562
10.136114
10.16568
10.125994
10.167089
10.223214
10.161365
10.308913
10.358832
10.295003
10.379134
10.237292
10.347415
10.404731
10.389606
10.258534
10.24534
10.384025
10.345073
10.307116
10.312174
10.28923
10.352714
10.308591
10.234173
10.942041
10.940228
10.928257
10.927142
10.924469
10.709491
10.594272
10.60533
10.762725
10.736699
10.835723
10.712771
10.799412
10.785624
10.609857
10.618963
11.172384
11.154977
11.18027
11.134095
10.812415
10.692885
10.672603
10.67456
10.679357
10.705681
10.830119
10.736211
11.05548
10.996437
11.051961
11.039796
10.753284
10.650093
10.61933
10.603593
10.608328
10.705787
10.766172
10.642511
10.574534
10.548383
10.655974
10.665468
10.719389
10.587568
10.59024
10.617115
10.63045
10.307384
10.252796
10.263159
10.438995
10.446593
10.304412
10.345344
10.289351
10.345548
10.3549
10.300545
10.340144
10.434887
10.259361
10.257914
10.034311
10.045419
10.036996
10.029657
10.029169
10.01898
10.062778
10.041986
10.062097
10.040433
10.047141
10.039765
10.044528
10.981537
10.983153
10.982459
10.989802
10.990282
10.62554
10.832457
10.850541
10.815193
10.744406
10.638769
10.813854
10.86167
10.666074
11.052935
11.055369
11.052182
11.051004
11.048019
10.713204
10.935593
10.883648
10.853173
10.844594
10.91257
10.882975
10.932133
10.737339
10.538233
10.506304
10.556797
10.423942
10.319947
10.309388
10.259343
10.34513
10.359123
10.378378
10.394291
10.400322
10.42248
10.419526
10.37236
10.372604
10.458767
10.464892
10.288559
10.325072
10.951075
10.946964
10.940406
10.937561
10.930371
10.847799
10.820649
10.717523
10.605303
10.766024
10.744072
10.84072
10.764036
10.660932
10.656624
10.728644
10.61746
10.731386
10.728323
10.44481
10.624234
10.466308
10.622739
10.624865
10.630011
10.511967
10.582704
10.54065
10.480349
10.394635
10.310471
10.296907
10.408737
10.198524
10.410691
10.327781
10.409865
10.338393
10.243389
10.232176
10.414791
10.381138
10.197206
10.381112
10.410266
10.296897
10.266918
10.287421
10.067574
10.037345
10.032901
10.04342
10.036485
10.055318
10.046839
10.033528
10.070454
10.018337
10.02022
10.064942
10.053781
10.001899
10.005562
10.003356
10.002796
9.9886896
10.003525
10.003005
9.9998269
9.9988939
10.00382
10.132165
10.130109
10.103208
10.015397
10.060269
10.036048
10.017214
10.033938
9.9910462
10.020122
10.005079
10.015352
10.050799
10.032584
10.050861
10.068184
10.031199
10.049059
10.144607
10.148748
10.109885
10.150609
10.135619
10.041976
10.046266
10.009752
10.049779
9.9797573
10.022405
10.01869
10.00795
10.018169
10.978753
10.981752
10.982413
10.976178
10.979407
10.980215
10.699558
10.846094
10.783106
10.844436
10.833412
10.659759
10.804217
10.837325
10.597559
10.615567
10.860985
10.860433
10.860659
10.858906
10.740106
10.580071
10.4354
10.732524
10.74168
10.76957
10.56918
10.716832
10.572004
10.738553
10.576142
10.534733
10.467612
10.37637
10.490256
10.464371
10.420903
10.391103
10.479295
10.442407
10.379683
10.416882
10.432546
11.107513
11.104563
11.100658
11.093661
11.099396
10.973339
10.80958
10.936391
10.937476
10.935755
11.014917
10.930997
10.812532
10.986486
10.855794
11.203113
11.207926
11.199429
11.204279
11.208108
11.001363
11.077904
11.057836
10.902516
11.039344
10.203927
10.191191
10.21334
10.160446
10.247337
10.162516
10.24968
10.225996
10.207102
10.22329
10.207899
10.186558
10.227469
10.184173
10.990052
10.976466
10.986433
10.978935
10.980216
10.849572
10.849794
10.746625
10.843879
10.642211
10.857967
10.668849
10.835474
10.60981
10.650851
10.017135
10.012973
10.016376
10.002297
10.019745
10.015381
10.006485
10.005066
10.014865
10.002821
10.012818
10.012077
10.49379
10.519675
10.51073
10.537575
10.320525
10.238731
10.284624
10.269086
10.220192
10.256213
10.212535
10.241857
10.236621
10.305819
10.336824
10.274484
10.331677
10.35189
10.310747
10.341184
10.360256
10.108296
10.194064
10.119832
10.166441
10.17336
10.079136
10.133247
10.080254
10.085078
10.069325
10.10953
10.10664
10.833785
10.825318
10.833114
10.508238
10.713708
10.626595
10.72535
10.704347
10.741847
10.698276
10.582489
10.58734
10.52583
10.888794
10.880887
10.872795
10.890933
10.883804
10.598029
10.774673
10.591697
10.777903
10.759557
10.76985
10.748925
10.622633
10.729938
10.512369
10.620404
10.552725
10.520223
10.848338
10.839233
10.527535
10.756958
10.545266
10.722794
10.733416
10.713659
10.644361
10.595908
10.680129
10.681746
10.421356
10.586237
10.431711
10.450358
10.576486
10.58011
10.515104
10.455669
10.57607
10.366896
10.325932
10.273499
10.374735
10.183623
10.218567
10.371038
10.339568
10.279518
10.174878
10.363241
10.338003
10.288681
10.233444
10.704606
10.746574
10.646963
10.738707
10.716954
10.385536
10.317434
10.402029
10.244083
10.440856
10.484974
10.257047
10.324728
11.004404
11.006486
11.004869
11.010565
11.011743
10.715205
10.600126
10.884824
10.876787
10.899865
10.862901
10.844834
10.709261
10.711121
10.979995
10.981366
10.980645
10.984443
10.985809
10.707065
10.662952
10.843135
10.847169
10.810085
10.862028
10.81328
10.688411
10.610519
11.007496
11.0108
11.011912
11.011836
11.011969
11.012658
10.75316
10.738875
10.87122
10.682064
10.845052
10.878271
10.894131
10.86655
10.659876
10.702821
10.941908
10.946316
10.94726
10.952216
10.956275
10.596126
10.789991
10.813002
10.827305
10.633541
10.810375
10.786539
10.70051
10.584403
10.590262
10.985789
10.98891
10.988791
10.995911
10.995784
10.641904
10.765745
10.649464
10.82067
10.864877
10.742284
10.881777
10.856328
10.815529
10.723181
10.530662
10.549643
10.524287
10.316609
10.307214
10.262234
10.397239
10.285463
10.302815
10.240669
10.305977
10.272602
10.310428
10.310909
10.329525
10.341404
10.41581
10.23455
10.40815
10.671158
10.668228
10.653831
10.692034
10.670947
10.277626
10.366467
10.225321
10.351662
10.251264
10.346111
10.361025
10.280201
10.263667
10.089283
10.122411
10.16746
10.11691
10.088104
10.146441
10.079826
10.147531
10.116869
10.15485
10.129518
10.141491
10.140984
10.110742
10.31299
10.206336
10.240678
10.413521
10.412049
10.392236
10.310144
10.405718
10.298821
10.289288
10.315547
10.954181
10.96297
10.945923
10.955731
10.965663
10.650032
10.69266
10.685545
10.789691
10.812749
10.80909
10.815762
10.590098
10.827045
10.838323
10.605315
10.945191
10.949886
10.952568
10.944378
10.948142
10.95227
10.678273
10.694723
10.579838
10.819605
10.792463
10.806692
10.83774
10.795457
10.595044
10.590301
10.293006
10.231111
10.226407
10.288192
10.206403
10.29735
10.249263
10.266717
10.287106
10.274164
10.277305
10.254597
10.991448
10.99139
11.001031
11.002876
10.717785
10.866165
10.817186
10.872968
10.871578
10.664919
10.679577
10.869692
10.682408
10.865016
10.110616
10.174774
10.125532
10.156551
10.067136
10.135935
10.156595
10.173129
10.162871
10.102661
10.100895
10.122404
10.614141
10.617122
10.356896
10.330198
10.290551
10.354133
10.261267
10.355057
10.304787
10.28148
10.469682
10.382349
10.155322
10.117164
10.174142
10.085794
10.124798
10.073459
10.20868
10.173968
10.105521
10.151603
10.198433
10.056115
10.096869
10.132846
10.183274
10.130871
10.153465
10.96595
10.977053
10.990663
10.980675
10.99514
10.694857
10.801393
10.826613
10.728611
10.609794
10.61688
10.848169
10.78
10.864329
10.626299
10.93749
10.945337
10.923874
10.93115
10.941097
10.814788
10.630379
10.69334
10.606168
10.781212
10.510581
10.695632
10.842595
10.763692
10.843977
10.685269
10.641321
10.648591
10.405227
10.430725
10.4297
10.540257
10.540834
10.363149
10.321863
10.552202
10.542686
10.408905
10.511655
10.410977
10.274643
10.237321
10.190085
10.161711
10.321297
10.192093
10.255831
10.32814
10.288604
10.239189
10.2452
11.02968
11.03546
11.044227
11.033663
11.04011
11.047858
10.743086
10.626099
10.891073
10.910656
10.921506
10.898347
10.877364
10.703753
10.251161
10.172443
10.258586
10.178202
10.156465
10.174744
10.261582
10.108853
10.307519
10.311606
10.237948
10.309762
10.319234
10.229376
10.226231
10.234659
11.047094
11.05553
11.021712
11.024982
11.034235
11.060788
11.057327
10.788184
10.858056
10.862919
10.877496
10.906342
10.909473
10.718662
10.653297
10.751065
10.932376
10.714674
10.774539
11.151041
11.187081
11.139221
11.182222
11.056134
10.831234
11.050595
10.943459
10.920553
11.01939
11.05411
10.87042
11.004954
10.812518
10.717688
10.705715
10.724678
10.739963
10.661716
10.714093
10.308242
10.50945
10.405021
10.302363
10.373407
10.362869
10.293506
10.391785
10.328709
10.410813
10.540781
10.564905
10.829028
10.848169
10.631132
10.758144
10.587751
10.709302
10.714157
10.613805
10.754005
10.728257
10.547936
10.5975
10.70849
10.705459
10.692229
10.697728
10.650655
10.688106
10.271319
10.3764
10.524224
10.302832
10.154486
10.208481
10.383936
10.395055
10.457037
10.692627
10.752714
10.766534
10.774472
10.777543
10.7703
10.607703
10.693502
10.453048
10.121858
10.283196
10.464295
10.42171
11.101134
11.125963
11.155275
11.121142
11.148525
10.78355
10.810968
10.916543
10.942696
11.001304
10.987224
10.988061
10.836867
10.99261
11.036573
11.05487
11.031111
11.04617
11.065608
10.754053
10.657011
10.888014
10.846693
10.910346
10.942557
10.873248
10.944394
10.673366
11.018638
11.050449
10.968739
10.596494
10.618624
10.58497
10.61861
10.696128
10.858958
10.757706
10.833517
10.543954
11.129561
11.149857
11.169241
11.135794
11.154476
11.028966
11.034048
10.964498
10.970129
10.838907
11.04872
10.911067
10.88867
11.282567
11.361685
11.265659
11.34005
11.41621
11.210535
10.918221
11.322633
11.124053
11.078777
10.98432
11.131667
10.92107
11.301929
11.051647
11.129377
11.141828
10.722026
10.533449
10.523034
10.416616
10.653381
10.639074
10.695609
10.542969
10.649425
10.679783
10.555736
11.056279
11.10498
11.159568
11.086504
11.143868
10.880509
10.803512
10.710923
10.969392
10.898645
10.791195
11.025408
11.06826
10.909145
10.967162
11.16696
11.024625
10.889574
10.716043
11.108774
11.189827
11.072884
10.962978
10.811922
11.187193
11.195799
11.100347
10.988519
10.882468
10.966314
10.863938
11.087848
10.959373
10.906196
10.891713
10.889056
10.517923
10.520347
10.67659
10.432496
10.545705
10.673134
10.565655
10.681451
10.731638
10.787593
10.561607
11.942216
11.866616
11.723011
11.814203
12.037901
11.973817
11.697103
11.818871
11.825091
11.662084
11.788212
11.306798
11.555935
11.423884
11.458236
11.746307
11.445995
11.170026
11.289825
11.228202
10.753769
10.741023
11.123331
10.862828
10.945676
10.818167
10.90532
10.848271
11.095343
11.062387
11.600239
11.474028
11.545617
11.191009
11.369305
11.134556
11.400606
11.157818
10.997056
11.034395
11.282704
10.986521
11.169219
11.836569
11.732877
11.863119
11.655439
11.758335
11.647787
11.798783
11.564355
11.343386
11.321484
11.231321
11.341436
11.421624
10.567519
10.427027
10.572509
10.441487
10.591392
10.607798
10.524225
10.502533
10.580756
10.515966
10.447781
10.447865
10.566373
10.530677
10.524953
10.481511
10.391669
10.404567
10.367407
10.540864
10.392341
10.565319
10.530554
10.529223
10.474763
10.49514
10.48198
10.47602
10.475298
11.386889
11.33938
11.336932
11.271896
11.112352
11.132927
10.953474
11.023897
10.853627
10.942636
11.098152
11.02937
10.965954
10.952466
10.628398
10.521911
10.640815
10.603353
10.606053
10.536838
10.631196
10.499258
10.46052
10.568744
10.559732
10.490466
10.557574
10.498209
11.137147
11.130045
11.141671
11.151229
11.034048
11.007618
11.009771
11.006713
11.01646
10.861209
10.835518
10.858244
10.986316
10.295378
10.37508
10.325887
10.322555
10.397135
10.27646
10.402633
10.365723
10.3925
10.333491
10.334099
10.371246
10.363133
10.433262
10.359453
10.3861
10.383419
10.354633
10.348288
10.357354
10.395635
10.446633
10.45109
10.368781
10.680292
10.682839
10.69353
10.682446
10.598137
10.257652
10.361403
10.383735
10.226399
10.365536
10.277904
10.326614
10.265751
10.151827
10.146489
10.088597
10.164767
10.103572
10.08362
10.191337
10.172523
10.098311
10.186224
10.159477
10.116955
10.121461
10.367454
10.326669
10.399343
10.288042
10.406615
10.333059
10.325958
10.316707
10.35733
10.35123
10.300927
10.405204
10.396009
10.331587
10.324883
10.33476
10.317221
10.328706
10.339633
10.365847
10.338079
10.443786
10.426058
10.484251
10.411095
10.484803
10.489851
10.397642
10.366457
10.382957
10.398091
10.372498
10.419666
10.392192
10.371522
10.337856
10.426065
10.361431
10.358562
10.362857
10.39698
10.399272
10.444321
10.390306
10.653372
10.623197
10.431228
10.442952
10.488878
10.446706
10.411506
10.431278
10.466107
10.513977
10.429123
10.415383
10.462984
10.516668
10.437246
10.439714
10.629682
10.541453
10.655219
10.525211
10.457008
10.57554
10.585581
10.618687
10.48655
10.52489
10.559406
10.610034
10.626853
10.596238
10.582934
11.155059
11.074105
11.187551
11.178803
11.152268
10.831344
10.69821
10.69237
10.732899
10.724716
10.802788
10.811592
10.969647
10.74456
10.907938
10.912732
10.319884
10.319034
10.238295
10.222816
10.366807
10.318452
10.268912
10.251922
10.355523
10.320408
11.220931
11.241373
11.244301
11.215744
11.231291
11.0767
11.128566
10.992693
11.041297
11.09882
10.973962
11.10246
10.92115
10.837511
10.73848
10.937643
10.881959
10.88505
10.751111
10.774651
10.860948
10.946794
10.826493
10.645315
10.467074
10.562225
10.488006
10.38007
10.572245
10.436107
10.512472
10.520838
10.615467
10.517021
10.635609
10.428376
10.604701
10.987679
10.955659
10.886781
10.830572
10.774257
10.786354
10.847922
10.86522
10.89862
10.949152
10.967977
10.903526
10.776757
10.803415
11.285988
11.323606
11.288735
11.326598
11.111919
11.201443
11.138475
11.06373
11.232871
11.074867
11.211449
10.989195
11.754251
11.729521
11.730172
11.680566
11.647621
11.613342
11.583091
11.547945
11.332189
11.29728
11.246818
11.251955
11.25153
11.384183
11.388492
11.337044
11.583283
11.299607
11.401978
11.356366
11.246542
11.037835
11.032189
10.824764
11.251016
11.228624
10.840535
10.998377
11.087098
10.878937
11.033945
11.710269
11.706682
11.557426
11.624314
11.658069
11.57489
11.522921
11.418287
11.295208
11.397831
11.40983
11.347295
11.463062
11.627972
11.645028
10.781504
10.816947
10.75737
10.677081
10.771069
10.655982
10.698562
10.798217
10.673889
12.772631
12.666954
12.752073
12.514903
12.783828
12.753612
12.624321
12.453228
12.539177
12.661197
12.203203
12.480282
12.279718
12.504862
10.605406
10.638229
10.711333
10.672196
10.584164
10.635982
10.633391
10.652833
10.660054
10.533566
10.563804
10.577153
10.545797
10.542942
11.031762
11.058885
11.091211
11.054601
10.745582
10.894357
11.006385
10.993465
10.813624
10.774402
10.875874
10.969608
10.907046
10.724751
10.4219
10.441551
10.535028
10.544274
10.513342
10.41398
10.517949
10.516268
10.437649
10.407682
10.348525
11.433557
11.376288
11.365491
11.291734
11.279024
10.997046
11.211738
11.28623
11.076827
11.127413
10.99485
10.917732
10.970338
11.099577
10.993355
10.95126
11.513361
11.403896
11.477634
11.336348
11.440892
11.374619
11.331077
11.394175
11.012302
11.461004
11.318893
11.155423
11.188053
11.145956
11.160308
11.201451
11.036347
11.209779
11.161587
11.162772
11.154613
11.130996
10.774849
10.941158
10.69195
10.799838
10.79729
10.959881
10.718827
10.688047
10.938982
10.841275
10.407085
10.439362
10.428116
10.415003
10.44737
10.415553
10.470098
10.394885
10.385082
10.422482
10.458899
10.638053
10.730473
10.673566
10.695945
10.738734
10.313846
10.321125
10.261618
10.306451
10.366325
10.307638
10.409808
10.437712
10.419925
10.296108
10.638627
10.555407
10.593943
10.644254
10.643272
10.563653
10.637332
10.545873
10.482264
10.623901
10.474189
10.480374
10.511098
10.991917
10.992356
10.998311
10.999719
11.00453
10.852791
10.851615
10.885327
10.914459
10.902638
10.70963
10.773334
10.684546
10.810495
10.64118
10.872927
10.662251
10.339377
10.433611
10.286495
10.362367
10.436409
10.235048
10.414136
10.408312
10.350929
10.338218
10.430466
10.35603
10.324109
10.27035
10.292394
10.273598
10.071325
10.098503
10.048839
10.099749
10.107758
10.072043
10.0969
10.09262
10.071304
10.054948
10.082873
10.093863
10.062537
11.06245
11.065031
11.068477
11.034164
10.717218
10.652605
10.822042
10.613864
10.641645
10.705888
10.66799
10.823039
10.64733
10.808516
10.779545
11.177339
11.180565
11.119422
11.195087
10.720939
10.839309
10.706707
10.68432
10.878572
10.711969
10.845516
10.871011
10.126081
10.101202
10.151141
10.13246
10.150466
10.088548
10.136573
10.108054
10.112892
10.239539
10.348089
10.383477
10.311464
10.293738
10.368192
10.35364
10.288131
10.324855
10.097255
10.115285
10.085165
10.007052
10.096103
10.060367
10.170597
10.199881
10.688592
10.516399
10.486163
10.419924
10.387938
10.424034
10.429367
10.393166
10.398494
10.464243
10.44939
10.453231
10.47254
10.409303
10.392025
10.369311
10.451586
10.380734
10.37426
10.383144
10.394535
10.352821
10.832735
10.828153
10.831154
10.833925
10.682936
10.71309
10.469408
10.48406
10.590901
10.740074
10.664437
10.667463
10.697636
10.53829
10.571178
10.526758
10.550879
11.017258
11.02141
11.020331
11.01967
11.021179
10.755255
10.880014
10.851099
10.84508
10.812749
10.68745
10.803209
10.905638
10.682923
10.280908
10.289856
10.105744
10.123326
10.139742
10.152258
10.090243
10.147368
10.115525
10.092091
10.094916
10.12379
10.067298
10.104554
10.180497
10.131916
10.079509
10.368239
10.390233
10.372317
10.355685
10.358108
10.34741
10.361095
10.363495
10.374668
10.352924
10.358875
10.356059
10.353285
10.894276
10.89206
10.888363
10.892923
10.777273
10.779026
10.499487
10.752482
10.603808
10.696363
10.735285
10.580672
10.604287
10.124769
10.1326
10.141764
10.145708
10.083266
10.145126
10.14266
10.125224
10.110714
10.125061
10.110023
10.11169
10.887583
10.880917
10.8752
10.869358
10.879192
10.746215
10.587727
10.735459
10.517435
10.692666
10.762366
10.598118
10.716736
10.649777
10.598185
10.543292
11.37037
11.397539
11.262187
11.278846
10.934429
10.884982
11.177514
11.023151
11.032165
11.205988
11.141682
11.044668
10.9605
10.920205
10.981914
11.117303
11.312307
11.030078
11.272019
11.340773
11.405245
11.362211
11.312077
11.373141
11.122007
11.166393
11.238533
11.323708
11.114386
11.026543
11.24532
11.361584
10.654947
10.642012
10.581635
10.766642
10.731477
10.729735
10.51446
10.578775
10.746913
10.52451
10.503967
10.605113
10.652408
10.708978
10.613899
10.672873
10.653055
10.680802
10.61601
10.296632
10.406611
10.28306
10.416913
10.321023
10.383328
10.264725
10.425451
10.327731
10.528018
10.452873
10.673709
10.60366
10.612724
10.637693
10.686275
10.547589
10.628378
10.611728
10.685209
10.662644
10.715122
10.693139
10.600948
10.559416
11.290364
11.261781
11.330618
11.202009
11.291718
11.273422
10.784302
11.132675
10.738284
10.84823
10.913743
10.802879
10.965215
10.913153
11.108367
11.002839
10.986476
10.981311
10.959868
10.953329
10.897487
10.640631
10.682756
10.844646
10.767704
10.852884
10.692391
10.905239
10.755322
10.788666
10.880411
10.704566
10.613174
11.190315
10.963818
11.107137
10.810826
11.020206
10.963031
10.800134
11.006773
10.82732
10.849271
10.702497
10.851737
10.848982
10.852424
10.709951
10.73189
10.577781
10.707475
10.717917
10.711523
10.565692
10.53677
10.756211
10.486709
10.563052
10.600323
10.389049
10.341142
10.292086
10.341368
10.366803
10.389488
10.336405
10.338819
10.371977
10.342123
10.380019
10.339987
10.319592
10.298037
10.302562
10.337318
10.271754
10.288656
10.330238
10.403109
10.421784
10.205653
10.40678
10.407107
10.392432
10.395084
10.28073
10.278125
10.294153
10.334341
10.972679
10.977694
10.986186
10.980075
10.989279
10.647366
10.874345
10.820968
10.773452
10.843106
10.704186
10.860386
10.668966
10.800228
10.625212
10.633945
10.425455
10.469389
10.448917
10.479312
10.413088
10.417292
10.434227
10.448216
10.381815
10.378079
10.35004
10.40698
10.348978
10.838229
10.84973
10.843402
10.755775
10.715871
10.620832
10.703253
10.694356
10.56257
10.625955
10.75078
10.531967
10.741625
10.476748
10.514325
10.558771
10.614419
11.182853
11.171841
11.183989
11.167888
11.091206
10.748884
10.746738
10.921618
10.838252
10.899362
10.752496
10.692274
10.728871
10.813164
10.932482
10.619243
10.608807
10.506679
10.560865
10.533608
10.55671
10.47121
10.447605
11.529213
11.521714
11.469189
11.452481
11.378088
11.158287
11.35048
11.23523
11.465252
11.274756
11.249816
11.283207
11.080512
11.07309
11.211135
11.498839
12.489139
12.421015
12.304946
12.193342
12.496855
12.517589
12.340369
12.340239
12.184469
12.215621
12.189288
11.952974
11.952523
11.976388
11.872275
12.237509
10.282965
10.298105
10.339656
10.354738
10.313581
10.330068
10.30158
10.471739
10.409144
10.439006
10.360938
10.415353
10.394105
10.417548
10.437684
10.448637
10.444564
10.371906
10.366357
10.383554
11.787618
11.724911
11.762454
11.707032
11.582662
11.478709
11.312033
11.210559
11.324026
11.378857
11.29295
11.25881
11.266455
11.215485
11.161401
11.194596
10.954185
11.037251
10.913656
11.131463
11.019378
10.761408
10.530964
10.792409
10.565419
10.621981
10.695829
10.780117
10.685692
10.644408
10.529568
10.681363
10.686228
10.527759
10.690283
11.269505
11.218076
11.20328
11.23392
11.207868
10.737332
10.851276
10.878265
11.041346
10.789866
10.750802
10.679373
10.742722
10.940052
9.9922581
10.018707
10.065097
10.094335
10.08532
10.045899
10.006225
10.004961
10.077438
10.089325
10.064192
10.026284
10.038596
10.000329
10.09098
10.101408
10.062285
9.9925758
10.027615
9.9996482
10.019077
10.001308
10.030462
9.999615
9.9885943
9.9943365
9.996925
10.655805
10.651247
10.527204
10.636591
10.680386
10.637349
10.234664
10.358724
10.286839
10.159294
10.476758
10.195894
10.347614
10.181864
10.505389
10.329235
10.462068
10.29827
10.230789
10.301208
10.388148
10.352473
10.338118
10.380627
10.41813
10.372669
10.379112
10.27716
10.271985
10.280515
10.310055
10.705046
10.587516
10.70131
10.72
10.710373
10.259434
10.363534
10.457985
10.361301
10.254092
10.497476
10.366804
10.337004
10.271281
10.402576
10.323785
10.271792
10.181657
10.355129
10.361192
10.282672
10.181115
10.331778
10.352237
10.204064
10.231971
10.225367
10.287315
10.256584
10.078342
10.049925
10.080911
10.118767
10.106745
10.12721
10.113593
10.084685
10.083176
10.077789
10.171693
10.267561
10.234222
10.209749
10.242219
10.261046
10.053364
10.03362
10.134258
10.065952
10.079013
10.026301
10.077568
10.11863
10.068817
10.01591
10.030736
10.044041
10.654294
10.651519
10.408669
10.479867
10.303216
10.390508
10.28712
10.335883
10.351974
10.394125
10.391987
10.471504
10.320253
11.156877
11.155513
11.113357
11.113466
11.115343
11.138063
11.137803
10.960944
10.991458
10.940592
10.946849
10.915414
10.774189
10.991731
10.176768
10.205213
10.12888
10.120028
10.242794
10.202513
10.186986
10.14834
10.165188
10.197991
10.210685
10.132873
10.708175
10.745003
10.734132
10.752316
10.529288
10.35969
10.382073
10.455891
10.457033
10.481441
10.397008
10.41455
10.377925
10.524195
10.384801
10.408003
10.430984
10.479022
11.12164
11.090791
11.106309
11.112912
10.966294
10.950361
10.792225
10.898785
10.956644
10.940212
10.776407
10.904537
10.225896
10.394026
10.315947
10.242019
10.363093
10.270572
10.352079
10.352365
10.25399
10.295615
10.342618
10.328666
10.327326
10.259551
10.577172
10.646816
10.635336
10.639489
10.626325
10.557636
10.259464
10.277334
10.438448
10.238638
10.364332
10.169703
10.214133
10.182578
10.433595
10.278517
10.192702
10.18176
10.200233
10.15829
10.176266
10.173931
10.192521
10.12191
10.052886
10.036938
10.102582
10.180303
10.192392
10.114828
10.152736
10.019805
10.083924
10.053548
10.047297
10.011187
10.007289
10.054088
10.069771
9.993626
10.010039
10.066215
10.02314
10.050192
10.009259
10.026394
10.031908
10.006079
10.022337
10.023484
10.022445
9.9980334
10.005748
10.034371
10.009807
10.023899
10.003662
10.015049
10.015569
10.032271
11.160945
11.121801
11.126482
11.146278
10.817272
10.948748
10.970212
10.908227
10.97581
10.943514
10.995284
10.136774
10.215699
10.156377
10.128031
10.160412
10.197542
10.237108
10.16273
10.188769
10.190727
10.189744
10.129175
10.833047
10.844725
10.812977
10.494064
10.425663
10.475617
10.395929
10.500055
10.633785
10.463985
10.515644
10.420059
10.624218
10.313649
10.265061
10.206028
10.330049
10.331721
10.260555
10.266323
10.320997
10.319062
10.28243
10.244241
10.28794
10.581367
10.605715
10.559046
10.555495
10.680897
10.454136
10.617534
10.516876
10.488077
10.405065
10.537881
11.284513
11.262361
11.249218
11.31123
10.811179
11.066703
10.99983
10.84747
10.835187
10.985648
10.851922
10.931787
10.340116
10.403498
10.248401
10.408317
10.380268
10.325309
10.380851
10.268559
10.262018
10.321609
10.331189
10.226761
10.20948
11.321197
11.077237
10.944621
11.242997
11.123376
11.150884
10.978598
10.906455
11.068115
10.863848
10.907606
10.892002
11.03369
11.070417
11.015253
11.058482
10.970224
10.493041
10.888972
10.771169
10.675894
10.619725
10.543849
10.620957
10.627794
10.796963
10.773989
10.541881
11.300315
11.262489
11.275246
11.232109
11.239742
10.916372
11.177944
10.893478
11.195637
10.959691
11.131868
11.015191
11.085303
11.125558
10.982577
10.8131
10.990935
10.729617
11.073019
11.070439
10.983585
10.978688
10.744789
10.894671
10.799647
10.893163
10.674289
10.836875
11.034682
10.962635
11.036334
11.039079
10.698897
10.713756
10.627695
10.778629
10.622555
10.764332
10.537129
10.577672
10.645975
10.203466
10.157438
10.264973
10.181499
10.226413
10.185841
10.200347
10.150962
10.239983
10.209694
10.205713
10.185603
10.221375
11.015072
11.009494
11.012707
11.014917
11.008819
11.010315
10.737889
10.904874
10.8694
10.854869
10.800079
10.823324
10.697462
10.707439
10.884435
10.920166
10.644717
10.458594
10.464703
10.439955
10.441845
10.433638
10.335962
10.255616
10.464797
10.307576
10.344204
10.317122
10.464427
10.353355
10.345274
10.240536
10.357555
10.241694
10.232188
10.948836
10.938163
10.929041
10.921514
10.971046
10.657384
10.836476
10.781377
10.74725
10.805137
10.818712
10.826544
10.621175
10.807326
10.639416
10.543291
10.652086
10.26064
10.173326
10.300346
10.328867
10.34022
10.246917
10.245511
10.187093
10.258693
10.225251
10.261445
10.180547
10.210203
11.045259
11.046536
11.043279
11.025473
11.023943
10.831711
10.868592
10.890794
10.933859
10.732265
10.698866
10.82179
10.688489
10.891382
11.211375
11.192993
11.173498
11.213328
11.161012
11.191915
11.20431
10.843932
11.074903
10.94232
11.054997
10.966377
11.049103
10.823273
11.291216
11.338925
11.244086
11.284438
11.336685
11.287277
11.329421
10.97479
11.079868
11.223047
11.078181
10.902326
11.145871
11.028371
11.273686
11.184609
11.453714
11.435571
11.375176
11.300192
11.389125
11.307521
11.358237
11.28475
11.180302
11.060627
11.079157
11.006075
11.288449
11.003005
11.346318
10.948812
10.919716
10.941079
10.954435
10.922024
10.533248
10.730009
10.845409
10.511008
10.834244
10.838891
10.69458
10.749155
10.73468
10.675477
10.840071
10.790772
10.64359
10.590676
10.535131
10.531135
10.424474
10.32002
10.321189
10.486816
10.51956
10.394494
10.442126
10.519517
10.49117
10.322493
10.437373
12.374196
12.42416
12.311142
12.126244
12.205713
12.458013
12.437766
12.338518
12.294596
12.305055
12.176082
12.166604
12.039908
12.171488
11.923181
11.959623
11.787566
11.806783
11.912425
12.205059
11.012084
11.015092
11.016844
11.016794
11.01885
11.014023
10.840396
10.856563
10.808485
10.69337
10.838013
10.657058
10.896402
10.88437
10.74638
10.912847
10.551518
10.5688
10.555215
10.575437
10.585694
10.494147
10.555573
10.293765
10.260771
10.208327
10.32192
10.185713
10.157366
10.12849
10.167594
10.192955
10.322147
10.227694
10.420124
10.367714
10.432233
10.27096
10.255092
10.344796
10.344947
10.433141
10.410426
10.334519
10.23196
10.284004
10.439208
10.322752
10.935838
10.922532
10.905757
10.90131
10.733691
10.665007
10.485497
10.793452
10.810074
10.737362
10.647969
10.606479
10.777026
10.582922
11.366807
11.300959
11.330395
11.340781
10.820305
11.137611
11.160799
10.906504
11.006632
10.84104
10.781311
11.018726
11.282166
11.241435
11.199682
11.246076
11.213278
10.911249
11.163777
10.90032
11.065118
11.113085
11.066248
11.154154
11.176544
10.852114
11.682174
11.740423
11.516329
11.531505
11.662853
11.682693
11.571393
11.478201
11.397482
11.493366
11.410839
11.229572
11.206746
11.302556
11.473458
11.067546
11.43818
11.192733
11.319153
10.214853
10.38636
10.298707
10.322769
10.24082
10.322827
10.364989
10.282228
10.301793
10.401447
10.251972
10.410659
10.414328
10.259177
12.023149
11.93991
11.835211
11.719048
11.910125
11.787741
11.813893
11.69779
11.354746
11.601721
11.742376
11.462275
11.611416
11.344965
11.333833
11.287844
11.243794
11.269525
10.909753
10.68816
11.150221
11.093187
10.868991
10.754081
10.916954
10.991676
10.757121
10.331524
10.400321
10.365671
10.232245
10.396739
10.320108
10.392294
10.296813
10.213334
10.244912
10.309265
10.277052
10.067393
10.053173
10.076441
10.041712
10.05317
10.071893
10.100857
10.093503
10.098012
10.079971
10.029789
10.098419
10.060586
10.089781
10.084486
10.135631
10.241445
10.212259
10.133072
10.219775
10.161935
10.169643
10.188602
10.174699
10.126396
10.113869
10.093907
10.117265
10.102656
10.119283
10.013924
10.003593
10.02812
10.017172
10.00366
10.003157
10.00257
10.040153
10.011568
10.010406
10.786455
10.786764
10.628284
10.677089
10.676674
10.685592
10.682312
10.542343
10.555753
10.4392
10.508668
10.541305
10.392833
10.411928
10.339115
10.415909
10.325818
10.316336
10.221246
10.390926
10.225367
10.277554
10.267417
10.35072
10.038769
10.049844
10.073071
10.068621
10.070853
10.038091
10.1024
10.10288
10.100452
10.060976
10.026903
10.100956
10.064716
10.08835
10.058267
10.033649
10.068153
10.055629
10.05594
10.061482
10.028683
10.076256
10.034167
10.07531
10.089073
10.091812
10.060314
10.166188
10.191827
10.297556
10.153728
10.161588
10.206138
10.195555
10.113801
10.245761
10.274778
10.214792
10.257969
10.87475
10.920651
10.607101
10.866248
10.849509
10.728412
10.730961
10.89697
10.737435
10.783646
10.657839
10.746256
10.824692
10.48587
10.421402
10.71223
10.62326
10.740341
10.600281
10.388888
10.555214
10.662465
10.682378
10.570345
10.501196
10.439472
10.623626
10.603305
10.816597
11.566176
11.648792
11.625657
11.452347
11.725406
11.626785
11.636447
11.549688
11.544188
11.553493
11.477724
11.362215
11.402836
11.241766
11.254146
11.24204
11.599088
11.298487
11.595018
11.162135
11.314691
11.169939
11.224164
11.148417
11.272185
10.742471
10.724106
11.056698
10.916977
10.888574
10.827579
10.78928
11.000173
10.976203
11.106177
10.931244
10.925168
10.933085
10.924973
10.786638
10.67728
10.776447
10.80609
10.644763
10.654843
10.827555
10.550837
10.842363
10.59963
10.472092
10.443886
10.514549
10.395177
10.354274
10.341226
10.468393
10.515828
10.533261
10.592137
10.477202
10.358759
10.394067
10.432464
10.509151
10.406802
10.241307
10.274765
10.196891
10.171018
10.184753
10.1277
10.271953
10.218313
10.155252
10.212622
10.239964
10.179696
10.231955
10.410453
10.301993
10.465033
10.460575
10.436371
10.333759
10.360349
10.389865
10.478266
10.334147
10.408881
10.368966
10.413227
10.225063
10.156972
10.111757
10.161526
10.149768
10.119306
10.19048
10.134315
10.220953
10.185771
10.139061
10.163032
10.214415
10.195148
10.177157
10.197956
11.041737
11.061867
11.069412
11.048823
10.808727
10.72897
10.953947
10.918404
10.867676
10.863802
10.721838
10.917781
10.999773
10.946421
10.956599
10.943902
10.937039
10.948142
10.7723
10.647437
10.80508
10.798596
10.803572
10.623597
10.616716
10.621096
10.844808
10.706461
10.649088
10.42971
10.515822
10.443924
10.397142
10.565301
10.484051
10.385229
10.512187
10.509087
10.467088
10.555377
10.397808
10.396161
10.519438
10.582351
11.344494
11.4076
11.397489
11.300201
10.876141
10.92696
11.09433
11.064121
10.872605
11.131849
10.373268
10.339551
10.256952
10.271336
10.390726
10.356819
10.324719
10.274815
10.386694
10.330611
10.311886
10.302744
10.360713
12.237434
12.337328
12.063533
12.189437
12.324257
12.359864
12.190364
12.247207
12.195077
12.076952
12.054266
12.090561
11.864684
11.931994
11.754671
11.543346
11.893059
11.628129
11.108329
11.08982
11.06879
11.073109
10.882867
10.796828
10.911878
10.965348
10.917213
10.729064
10.875853
10.255509
10.328807
10.238441
10.225028
10.35045
10.186845
10.282799
10.34656
10.230431
10.360965
10.30219
10.287295
10.471908
10.284243
10.471475
10.459066
10.425091
10.380937
10.463012
10.372538
10.327187
10.38699
10.308379
10.372182
11.710102
11.46673
11.518978
11.719551
11.717204
11.607306
11.521153
11.609455
11.519365
11.444376
11.659421
11.564483
11.483944
11.294083
11.265954
11.347756
11.462324
11.303031
11.289482
11.10782
11.240927
11.212291
11.255191
11.22742
11.203679
11.06557
11.071509
11.135953
11.034603
10.846922
11.063492
11.053027
11.058696
11.050501
10.910202
10.929992
10.753102
10.869517
10.903916
10.941502
10.929631
10.902994
10.717202
11.044924
11.052963
11.06204
11.042044
11.049392
11.055729
11.06516
10.77102
10.717918
10.930098
10.915829
10.919003
10.906864
10.921935
10.770346
10.888364
10.716243
11.111878
11.115793
11.139722
11.089964
11.140063
11.08892
10.714149
10.658774
10.708848
10.709787
10.858175
10.664799
10.661182
10.788575
10.883588
11.092186
11.114224
11.140413
11.096117
11.119114
11.144061
10.853211
10.813003
10.70854
10.932923
10.980617
10.981087
11.04816
11.02745
10.949997
10.984645
10.758675
11.427279
11.386179
11.283658
11.42785
11.362046
11.337708
10.935007
10.99655
11.010853
10.985357
11.130066
10.902406
11.139646
10.98357
11.214342
11.053828
11.045179
11.151163
12.086245
12.043086
12.150802
11.926589
11.842657
12.116567
11.948022
11.795951
12.047003
11.987912
11.839371
11.716004
11.90329
11.778047
11.585408
11.80781
11.575512
11.764234
11.542098
11.572601
11.508575
11.246703
11.307036
11.21135
11.265832
10.975435
10.957808
11.112874
11.162984
11.062955
11.068348
11.247882
11.010861
11.021324
11.021063
11.017147
11.016916
11.015577
10.710958
10.906258
10.889102
10.886248
10.72136
10.737586
10.861348
10.899606
10.885397
10.696463
10.635775
10.651283
10.638462
10.359845
10.371812
10.364488
10.394928
10.341596
10.342047
10.450902
10.352194
10.399844
10.349435
10.380251
10.454336
10.363365
10.466476
10.446182
10.552241
10.455143
10.548183
10.445731
10.558366
10.545619
10.381794
10.555989
10.460866
10.458747
11.009199
10.979103
10.981806
11.003138
10.736822
10.850288
10.849409
10.892874
10.851213
10.843898
10.737341
10.654681
10.672591
10.843611
10.833545
10.837881
10.780258
10.513548
10.473239
10.582739
10.479273
10.459117
10.489869
10.480578
10.643661
10.467752
10.570975
10.58635
11.311598
11.326183
11.284245
11.285536
11.212888
10.940666
10.841754
10.887034
11.020552
10.797225
10.870597
11.091346
10.92547
11.154174
11.150364
11.145213
11.147239
11.144378
10.802268
11.004076
10.974122
10.98321
10.973677
10.995183
10.375291
10.301475
10.397375
10.396921
10.36217
10.346669
10.350466
10.321237
10.35896
11.016148
11.012122
11.007803
11.002279
11.000236
10.60845
10.726727
10.901603
10.793281
10.844274
10.875326
10.876546
10.910381
10.695684
10.72977
11.536725
11.553094
11.475955
11.466602
11.027164
11.245886
11.250723
11.221109
11.216097
11.058169
10.71451
10.860568
10.838877
10.800832
10.617557
10.475355
10.60458
10.702471
10.520607
10.54583
10.712551
10.61908
10.570851
10.596015
10.719499
10.733581
10.570505
10.62051
10.53875
10.456401
10.459597
10.41443
10.376181
10.408198
10.431439
10.47071
10.476719
10.451227
10.493463
10.389574
10.426859
10.452258
10.397062
10.400143
10.453972
11.00637
10.9611
11.003684
11.026141
10.56167
10.536051
10.613616
10.666684
10.63339
10.521408
10.688272
10.42153
10.350185
10.39226
10.470254
10.412662
10.461093
10.3553
10.413749
10.456104
10.462482
10.383323
10.351787
10.348156
10.914486
10.968793
10.942615
10.976814
10.511501
10.496918
10.52877
10.709406
10.607143
10.53652
10.667638
10.496883
10.724745
11.271052
11.270344
11.259786
11.194415
10.811399
10.84637
10.77138
10.953545
10.981049
10.735499
10.875552
11.001155
11.422671
11.446026
11.35725
11.394092
11.39135
11.294602
10.977741
10.84608
11.042266
10.979362
11.181878
11.156326
11.204753
11.028375
11.075534
10.87374
10.75933
10.821875
10.826362
10.668413
10.82842
10.620887
10.57557
10.462574
10.403042
10.531579
10.369245
10.663399
10.524994
10.4384
10.588421
10.470735
10.397814
10.394444
10.382972
10.348499
10.258053
10.484519
10.453181
10.459466
10.482743
10.470855
10.49581
10.353107
10.336221
10.434424
10.307105
10.400936
10.262472
10.364076
10.359343
10.396541
10.360295
10.319591
10.30343
10.235571
10.156787
10.218584
10.157986
10.165848
10.227635
10.274971
10.231765
10.239902
10.237752
10.280721
10.243003
10.161386
10.180752
10.267186
10.239272
10.113262
10.322996
10.305029
10.151713
10.319624
10.261989
10.319673
10.229909
10.228162
10.307196
10.252448
10.295013
10.291111
10.163253
10.232334
10.350784
10.343674
10.26323
10.375639
10.326925
10.391923
10.251888
13.66317
13.387825
13.675442
13.754211
13.435564
13.459239
13.515617
13.752832
13.517957
11.490826
11.490666
11.423643
11.275361
11.369203
11.493967
11.494048
11.51027
11.427111
10.797987
11.390321
10.690717
10.781429
13.721303
13.72342
13.478198
13.480753
13.678866
13.443393
13.39101
13.805327
13.826484
13.604541
13.691773
13.511935
13.519001
13.452722
13.544404
13.514899
13.579355
11.297258
11.293707
11.2416
11.349605
11.23768
11.191545
11.400158
11.309806
11.275867
11.33224
11.307582
10.568293
10.489217
10.574171
11.331256
10.523383
10.679197
13.767828
13.800051
13.553054
13.856561
13.850622
13.630062
13.703739
13.696301
13.55691
13.647661
13.87643
13.647166
13.637111
13.7928
13.723695
13.818446
13.562757
13.495758
13.590722
13.727519
13.539473
13.476251
12.410542
12.519662
12.283652
12.40035
13.419347
13.700999
13.210313
13.069956
12.812565
13.443797
13.285681
13.222952
13.039851
12.853359
12.871376
12.723561
13.257771
12.872877
12.912532
12.757689
12.750751
12.525451
12.367135
12.972529
12.66718
12.459307
12.573306
12.60358
12.477117
12.254682
12.33685
12.709004
12.51898
12.539958
12.408215
12.178683
11.976578
12.041629
12.135108
11.901721
11.993114
11.987513
11.77112
11.669182
12.440522
12.097082
12.370298
12.257415
12.128811
11.840834
11.917649
11.74776
12.091005
12.058638
12.100596
12.057262
12.059148
12.078631
12.258443
12.019345
12.212793
12.189542
12.252089
12.105499
12.243932
12.320822
12.345791
12.372408
11.733327
11.830265
12.037365
11.64577
11.622079
11.598396
11.742901
11.727723
11.348435
11.42378
11.891468
11.777792
11.854838
11.39892
11.474843
11.548894
12.251159
11.919209
12.023918
11.563841
11.634839
11.74522
11.734778
12.033363
11.737843
12.030017
11.727361
12.011676
11.741816
11.987254
11.731785
11.712394
11.697351
11.666063
11.72664
11.725684
11.710042
11.36564
11.589233
11.332184
11.563588
11.054875
11.723545
11.142548
11.638515
11.106809
11.32551
11.122119
11.069989
11.098198
10.868218
10.818839
10.817398
10.822627
11.679057
10.831116
11.645942
11.715829
11.663855
11.70709
11.711952
10.809134
10.805925
10.807329
10.809819
11.650884
11.708602
10.803423
11.697644
10.492072
10.426466
10.806347
10.123709
10.770991
10.130631
10.11209
10.112294
10.430148
10.053799
10.024005
11.063799
10.466291
11.064483
11.099008
10.278036
10.232651
10.661275
11.066622
11.092076
11.091808
10.216307
10.652462
10.802071
10.80267
10.805512
10.800371
11.414766
10.810611
11.356839
10.814712
11.47857
10.796024
10.805836
11.496144
10.787468
10.371165
10.704071
10.7953
10.350664
10.146051
10.760647
10.105352
10.111316
10.331878
10.121682
10.107274
10.02365
11.472275
11.426434
11.52061
11.529667
11.302738
11.489976
10.740798
10.839319
11.337584
11.247385
11.354682
11.217823
11.29367
11.217904
11.318959
10.674958
11.232705
10.536192
10.52239
10.568058
11.358134
11.355493
11.339195
11.27586
11.318675
11.202499
10.621534
10.589047
11.257204
11.274919
11.17828
11.255124
11.128224
11.119556
11.276066
10.541165
10.456589
11.227946
10.454756
10.559219
11.356037
11.328074
11.371904
11.269706
11.364155
11.276324
10.619452
10.641887
11.333049
11.341577
11.276955
11.352264
11.209168
11.231004
11.380142
10.612907
10.558248
11.35591
10.565794
10.697336
11.493976
11.45127
11.529213
11.409482
11.527673
11.450913
10.786973
10.843904
11.50945
11.517571
11.464827
11.389631
11.426715
11.312678
10.821004
10.763257
11.289329
11.035097
11.333379
11.016553
11.052624
10.958367
11.05681
10.641857
10.98481
10.416675
10.291271
10.314206
11.055611
11.054988
11.238291
11.045598
10.980659
11.274157
11.031465
10.586698
10.39905
10.316946
10.317346
13.701773
13.395482
13.869002
13.89998
13.536504
13.663313
13.681673
13.468038
13.631279
13.948823
13.667927
13.683493
13.978736
13.714467
14.0412
14.060195
13.784212
13.815258
13.821745
13.72379
13.789798
14.105392
13.823072
13.819856
14.039169
13.988883
13.740515
13.688152
14.115447
13.852683
13.805529
13.787586
13.845113
14.00146
13.759936
13.693744
13.886834
13.654042
13.981063
13.694848
13.804722
13.72266
13.580734
13.446598
13.379205
13.688004
13.527659
13.857295
13.504584
13.539619
13.465891
13.385138
13.75643
13.513599
13.721968
13.521595
13.465728
13.815018
13.61655
13.496628
13.545876
13.431105
13.508107
11.323235
11.323025
11.286489
11.287625
11.259615
11.302562
11.29386
11.23008
11.280925
11.257149
11.182502
11.255705
11.301995
11.30172
11.326043
11.298624
10.569815
10.492618
10.508651
10.582079
10.2061
11.302854
10.570962
10.518536
11.237475
10.53301
10.534911
10.559843
10.550772
10.202305
11.329306
11.331373
11.287222
11.260635
11.303292
11.292068
11.301636
11.305292
11.285117
11.31285
11.291125
11.310818
11.317282
10.581636
11.218179
10.508021
10.531552
10.532087
10.553032
12.019802
12.080937
11.599731
11.303148
11.642291
11.285736
11.606384
11.313612
11.925993
11.617492
11.307582
11.943925
11.987472
11.607029
12.036976
12.007299
11.64978
11.992432
11.963813
11.944243
12.013499
12.00704
11.232525
10.922414
10.758123
11.208034
10.96919
10.73858
10.726586
10.501744
10.39877
10.72364
11.217609
11.502122
12.044537
11.611198
11.559181
11.55664
11.527849
10.939222
10.685134
10.938028
11.174186
10.744634
11.599445
10.992282
11.235816
10.997261
10.50521
10.370703
10.727893
10.400035
10.731128
10.545851
10.564095
10.284509
10.278635
11.197081
11.469342
11.528578
10.914088
10.918949
11.154686
12.493887
12.634761
12.483537
12.599917
12.103674
12.057971
12.330087
12.115227
12.277488
12.070788
12.421461
12.19297
12.542527
12.455206
12.222523
11.875013
12.620151
12.217757
12.390146
12.197561
12.01142
11.802577
12.124965
11.632449
12.100205
11.615317
11.622147
11.898175
11.705631
11.448026
13.236546
12.939377
12.798849
13.194592
12.904669
12.769965
13.325535
13.016722
12.864358
13.372716
13.06045
12.902287
12.702647
12.733732
12.589922
13.275118
12.952889
13.220494
12.914855
13.303928
12.989957
12.953739
13.328714
13.305083
12.995052
12.989503
12.505018
12.630826
12.477543
13.006539
12.710018
12.684128
12.68271
12.23529
12.355337
12.546246
12.413646
12.264102
12.099934
11.331004
11.202692
11.305103
11.35401
11.254368
11.356806
10.580559
10.617666
11.22895
11.182394
11.25656
11.139183
11.257201
11.229979
11.276365
10.519712
10.436917
11.226935
10.454647
10.541268
11.346357
11.320353
11.352623
11.245485
11.348651
11.356842
10.597705
10.614152
11.298486
11.324762
11.234898
11.339038
11.329028
11.200933
11.368273
11.28169
10.574735
10.504554
10.526444
10.669142
11.476569
11.441387
11.508346
11.418549
11.518759
11.505089
10.75353
10.813898
11.493624
11.51196
11.440051
11.266903
11.40307
11.482416
10.793617
10.726198
11.256121
11.038282
11.307574
11.019639
11.061518
10.988263
11.066424
10.596234
10.394822
11.054981
10.296167
10.323237
11.058737
11.065447
11.049714
11.262645
11.266703
11.037136
11.289654
11.064513
10.313553
10.316016
10.416032
10.604864
11.434158
11.379032
11.493141
11.409302
11.513241
11.471603
10.704856
10.809322
11.518467
11.525571
11.496867
11.482895
11.522333
10.816295
10.800509
13.528316
13.39425
13.287864
13.181623
13.191915
13.159695
12.970521
12.865505
13.802445
13.397326
13.026201
13.546829
13.179784
13.427026
13.856646
13.566259
13.169637
13.232943
13.186909
12.839937
12.65471
12.818159
12.850351
14.017051
13.751637
13.885101
13.959025
13.580368
13.654547
13.607492
14.057209
13.714022
13.771864
13.69492
13.744495
14.061022
13.772499
13.954169
13.948346
13.71273
13.607724
13.594189
14.115233
13.711893
13.833258
13.795529
13.70528
14.095208
13.718435
13.694374
13.855693
14.059115
13.860222
14.036998
13.998293
13.790587
13.758907
13.81861
14.033314
13.81285
13.807594
13.801456
13.752719
13.875935
13.825429
13.655524
13.605052
13.976664
13.825682
13.740553
13.68719
13.767777
13.647882
13.592894
13.822509
13.584367
13.916623
13.978727
13.712293
13.75025
13.795844
13.614687
13.476078
13.51613
13.529977
13.579519
13.516474
13.562673
13.702955
13.5986
14.009423
14.066194
13.758319
13.8317
13.865905
13.509371
13.977667
13.989587
13.644027
13.749758
13.82199
13.666167
13.860876
13.574387
13.633336
13.719428
14.110997
14.084426
13.829115
13.96741
13.956605
13.745348
13.621816
13.608554
13.717659
13.721985
13.846437
13.698921
14.033237
14.003854
13.787911
13.761957
14.067765
14.028368
13.86719
13.808914
13.792493
13.82402
13.757004
13.819143
13.807234
13.565064
13.978641
13.831161
13.892339
13.718275
13.60507
13.471202
13.678866
13.495899
13.756964
13.775236
13.714541
13.54569
13.386235
13.745809
13.499137
13.854184
13.498478
13.588404
13.944539
14.006212
13.749937
13.617587
13.679767
13.691098
13.765525
14.049723
14.040743
13.805858
13.807284
13.869839
13.543452
13.993349
14.020773
13.721045
13.816626
13.818697
13.677221
13.802686
13.635653
13.615884
13.719612
14.162167
14.159582
13.928099
14.020024
14.07997
13.879759
13.7258
13.787671
13.736547
13.816197
13.922593
13.853526
14.123476
14.092622
13.917027
13.913297
13.870139
13.547503
13.977627
13.9366
13.7043
13.905027
13.90241
13.716976
13.858636
13.629802
13.628121
13.73362
13.893432
13.714508
13.878682
13.830048
13.666778
13.651902
13.605532
13.687142
13.650488
13.659538
13.598787
12.753621
12.825374
12.574243
12.646821
13.312874
13.244174
12.961892
13.011645
13.381718
13.266463
12.998762
13.0337
13.340926
12.901586
12.996
13.332285
13.345976
12.89681
12.984758
13.092521
13.425708
13.149579
12.838441
12.920468
12.652992
12.749715
12.802409
12.924625
13.156029
12.903725
12.842233
12.683568
12.654202
12.403396
12.468044
12.966675
12.62139
12.567248
12.653251
12.50972
12.358083
12.32981
13.073579
12.724578
13.01079
12.812324
12.585423
12.635629
12.427076
12.737197
12.512137
12.666802
12.697456
12.618392
12.372688
12.123393
12.015842
12.484408
12.573601
12.566108
12.662238
12.182789
12.340535
12.070912
12.135831
12.282209
12.194286
12.403548
12.49012
12.157899
12.336645
12.051197
12.115334
12.081389
11.792098
11.868111
11.87952
12.070143
11.737613
11.79363
12.298873
12.452016
12.334908
12.00973
12.180929
11.903042
11.958724
12.154228
12.438785
12.272778
11.998933
12.196593
11.836932
11.762638
11.971847
12.031088
11.981281
12.051474
11.882314
11.803655
11.853621
11.886063
11.950506
11.860348
11.807112
11.614358
11.964014
11.769107
11.778879
11.679099
11.683376
11.586356
11.597267
11.546375
11.558142
11.734761
11.659912
11.780231
11.692076
11.737743
11.66056
11.786362
11.684164
11.612365
11.569111
11.598352
11.611454
11.632185
11.58693
11.462491
11.473792
11.601328
11.512587
11.605593
11.331522
11.343232
11.418757
11.357455
11.375789
11.667375
11.441759
11.398312
11.257019
11.219806
11.569717
11.369256
11.520059
11.438207
11.392249
11.273754
11.271855
11.22233
11.464257
11.472797
11.448627
11.455053
11.532799
11.49908
11.559083
11.509516
11.534549
11.549183
11.474938
11.455218
11.46055
11.471748
11.504742
11.516769
11.464988
11.489788
11.292602
11.339768
11.294347
11.358447
11.318904
11.128753
11.180236
11.126021
11.291651
11.283921
11.454974
11.244488
11.263242
11.288025
11.098903
11.112538
11.090131
11.097047
11.35417
11.322778
11.136135
11.183333
11.123528
11.266893
11.247167
11.508401
11.280186
11.257266
11.094512
11.095587
11.424182
11.404701
11.414746
11.398297
11.438956
11.442528
11.441306
11.450312
11.425071
11.411819
11.404515
11.414889
11.414921
11.429438
11.436831
11.426044
11.252746
11.222071
11.418565
11.219519
11.248989
11.236692
11.083308
11.050581
11.212932
11.453501
11.238933
11.225094
11.217935
11.079693
11.030597
11.212826
11.188251
11.210293
11.057281
11.035187
11.018439
11.387808
11.420767
11.383182
11.418617
11.399414
11.408368
11.409761
11.422025
11.416153
11.422993
11.393695
11.388378
11.39685
11.418721
11.41905
11.416476
11.205934
11.21942
11.225981
11.04127
11.042723
11.221497
11.17824
11.217427
11.42878
11.205042
11.199389
11.028212
11.042588
11.416243
11.230075
11.231504
11.240291
11.23792
11.050185
11.05
11.062566
11.385491
11.415222
11.384412
11.412903
11.391531
11.384501
11.399022
11.392626
11.414455
11.414421
11.390113
11.388913
11.395407
11.412145
11.412001
11.409045
11.177603
11.218564
11.182556
11.216519
11.422902
11.20463
11.203041
11.001601
11.04321
11.214495
11.19825
11.194355
10.99817
11.039914
11.038351
11.409625
11.225938
11.235957
11.232576
11.060796
11.059571
11.373214
11.322012
11.374282
11.321437
11.388897
11.394974
11.407294
11.318637
11.406591
11.317849
11.38717
11.374303
11.375558
11.393301
11.379203
11.318306
11.317598
11.317028
11.215031
11.172122
11.137646
11.41931
11.20256
11.20102
11.189309
11.041527
10.997257
10.973228
11.145222
11.229926
11.058462
10.988924
10.985667
11.131493
11.163965
11.131445
11.178993
10.989253
10.962875
11.317569
11.071482
11.15142
11.07816
11.077083
10.968276
10.923694
10.921016
10.921022
11.375482
11.379015
11.375469
11.381074
11.377502
11.380938
11.373029
11.317036
11.371292
11.316398
11.377735
11.377411
11.382392
11.374896
11.372708
11.375406
11.180037
11.131871
11.164923
11.180518
11.40698
11.180542
11.181135
11.00453
10.963391
11.11694
11.376854
11.167147
11.170066
11.122174
11.172859
11.003045
10.937756
11.076578
10.961351
10.921285
10.898394
11.385489
11.360814
11.38737
11.363917
11.377893
11.358259
11.382719
11.360971
11.379266
11.377794
11.36116
11.364172
11.367331
11.38117
11.379029
11.381091
11.181778
11.148407
11.18103
11.162872
11.004764
10.967896
11.16575
11.382632
11.171131
11.175205
11.176879
11.004216
10.990396
10.990279
11.168223
11.136317
11.388695
11.146787
11.15029
10.953986
10.97642
11.384251
11.379636
11.393745
11.390091
11.368391
11.37122
11.384669
11.368581
11.382895
11.363506
11.371806
11.37792
11.387297
11.379435
11.38802
11.375657
11.370365
11.378575
11.17109
11.159657
11.178442
10.992652
10.969671
11.161143
11.144761
11.399179
11.154357
11.157792
11.16357
10.979519
10.973035
10.95072
11.16673
11.384303
11.158041
11.162626
11.150414
11.15818
10.982788
10.959838
10.97514
10.978207
10.981091
11.175495
11.160687
11.172607
10.957117
10.985024
11.415964
11.467841
11.432252
11.489423
11.399622
11.399189
11.395087
11.388785
11.412989
11.42792
11.428234
11.40647
11.459349
11.399896
11.412289
11.474008
11.186589
11.211801
11.167944
11.178392
10.990446
11.003862
11.226051
11.186216
11.242738
11.437368
11.183897
11.197783
10.995
11.031406
11.479881
11.282008
11.22784
11.284128
11.029657
11.049466
11.072671
11.553418
11.544357
11.590374
11.57901
11.446267
11.507417
11.445293
11.497548
11.504032
11.49739
11.54199
11.577253
11.570437
11.533067
11.524655
11.557106
11.257681
11.262815
11.212745
11.261554
11.035569
11.047803
11.329523
11.35621
11.361453
11.558181
11.32005
11.359744
11.088014
11.164293
11.565732
11.336625
11.308024
11.33657
11.10175
11.092722
11.156089
11.768991
11.719039
11.847687
11.796325
11.678492
11.618601
11.66272
11.610033
11.603957
11.631594
11.593452
11.617287
11.75906
11.837106
11.836223
11.694418
11.677609
11.747624
11.454954
11.504226
11.606713
11.577979
11.776014
11.521348
11.618833
11.309754
11.380449
11.398712
11.429936
11.450684
11.397451
11.240679
11.296995
11.198685
11.23014
11.398517
11.369375
11.188185
11.214459
11.178253
11.768288
11.518935
11.392657
11.436273
11.504721
11.341682
11.26
11.219765
12.207733
12.334955
11.927501
11.926723
11.853616
11.829678
12.161619
11.938597
11.912618
12.241445
12.001726
12.030844
12.21746
12.343541
12.141925
12.360579
11.854292
11.663596
12.055216
11.70643
11.794887
11.982171
11.639904
11.462529
11.795081
12.284084
12.145731
12.108112
11.870434
12.173205
11.80672
11.746037
11.585271
11.664031
11.599944
11.421892
11.539604
12.622667
12.782468
12.59085
12.723882
12.420255
12.37288
12.483572
12.629254
12.498821
12.745661
12.435097
12.56702
12.43107
12.244977
12.313356
13.239052
12.917023
13.236822
12.9112
12.733353
12.755919
12.606834
12.635747
12.914747
13.193248
12.889894
12.995156
13.016295
12.787939
12.804453
12.836194
12.644918
12.635433
12.644707
12.888561
12.57111
12.417943
12.587529
12.461478
12.489375
12.325082
12.445384
12.456545
12.67834
12.477488
12.343234
13.321419
13.384992
12.620745
12.493805
13.096048
12.820083
12.694721
13.152973
12.952266
12.696582
12.606099
12.869994
13.251256
12.98127
12.845291
12.403725
12.703632
12.441706
12.542414
12.075223
12.546043
12.157775
12.296403
12.20582
11.946052
11.706007
11.686028
11.692753
11.654193
12.078243
12.086289
12.164718
12.174334
11.715739
11.716759
11.724852
12.071484
12.112577
11.734875
12.013339
11.724713
11.748788
11.990793
11.32678
11.343912
11.606681
11.668423
11.669073
11.013031
11.043756
11.263596
11.089647
11.353173
11.117288
11.06908
11.098236
11.123454
10.834096
11.028604
10.661428
10.867565
11.0803
10.816343
10.853075
10.654917
12.146623
11.688596
12.022338
11.665699
11.316428
11.554708
11.275097
11.059163
11.708217
11.745118
11.702195
11.753326
12.225499
12.294586
11.669224
11.749089
11.672995
11.764535
11.697211
11.828022
12.171041
12.220228
11.717051
11.828667
12.169877
11.069429
11.102809
11.157772
11.651284
11.028607
11.074261
11.157552
10.62519
10.664533
10.694201
11.312551
11.401819
11.696615
11.015864
11.088551
11.34113
11.109022
11.196939
11.105019
11.106205
10.646489
10.703621
10.841905
10.670652
10.748166
11.743043
11.168866
11.086751
11.152903
10.649755
10.705567
10.687332
11.567723
11.274292
11.548756
10.778262
10.900628
10.977799
10.809401
11.109577
11.953864
11.863178
11.212591
11.48411
11.363544
10.837221
10.826163
11.346084
10.815162
10.811135
11.366595
10.801064
11.358845
11.701163
11.365986
11.386125
11.723729
10.3319
10.860784
10.811068
10.655199
10.310582
10.664653
10.089486
10.390587
10.354358
10.485267
10.139823
10.122851
10.004783
10.060449
11.054249
10.859293
11.108543
10.525832
10.475751
10.648855
10.154427
10.468555
10.270124
10.635686
11.763619
11.760938
11.765182
11.771502
11.756547
11.785109
11.754628
11.10662
10.666156
11.751665
11.185915
11.172407
11.147935
10.691765
10.787948
10.776949
10.820366
10.824534
10.798851
10.773617
10.795859
10.79396
10.096703
10.13318
10.110924
10.795467
10.791264
10.778556
11.735784
10.766642
11.735711
10.459986
10.75652
10.110675
10.088277
10.430003
10.025022
11.148055
10.244476
11.216079
10.691934
11.270557
10.663524
11.405785
10.740983
11.458403
10.755256
10.746124
10.704089
10.75292
10.717045
10.685188
10.706074
10.546476
10.311431
10.740892
10.227228
10.119757
10.22902
10.521921
10.201247
10.177524
10.042678
10.629969
10.048209
10.31247
10.081821
10.091253
10.070539
10.060306
10.010817
9.9893795
11.306054
10.609708
11.288135
10.589745
10.626727
10.614032
10.667901
10.686583
10.231566
10.566117
10.182619
10.051837
10.549085
10.005735
10.657382
10.021299
10.057552
9.9806798
11.193688
10.553409
11.115071
10.542796
10.59341
10.600384
10.571942
10.539408
10.566154
10.193121
10.455155
10.128805
10.038931
10.504333
9.987587
10.014159
10.001579
9.9730955
11.291686
10.527909
11.310422
10.523987
10.550759
10.554888
10.540672
10.495722
10.5336
10.462968
10.124372
10.140856
10.007708
10.175563
10.586781
10.148476
10.16868
10.024404
10.483209
9.9797859
9.9967574
9.9897312
10.005213
9.9663637
9.9641879
11.27436
10.532352
11.218026
10.546262
10.533566
10.530833
10.537526
10.484287
10.540485
10.180525
10.54288
10.139352
10.029929
10.498307
9.9843312
9.9866351
9.9897799
9.9632079
11.421689
10.581039
11.461912
10.598941
10.563641
10.551496
10.581374
10.518127
10.586763
10.581526
10.15779
10.207748
10.014285
10.231486
10.760613
10.224911
10.258844
10.07309
10.550557
10.006161
9.9973124
10.008448
10.026859
9.9648301
9.9735182
11.455405
10.642004
11.406979
10.668378
10.617179
10.604116
10.641602
10.576965
10.651118
10.284989
10.744825
10.245955
10.099946
10.619713
10.035819
10.018911
10.03759
9.9826031
10.991768
10.712882
11.014926
10.733866
10.690877
10.672587
10.723028
10.644762
10.735683
10.460887
10.277578
10.200032
10.083888
10.167619
10.274871
10.155795
10.101031
10.006963
10.693894
10.073566
10.055154
10.086712
10.026681
9.9887738
9.9849273
11.025584
10.777432
11.010697
10.79186
10.787675
10.794766
10.756631
10.748588
10.205608
10.293258
10.187245
10.019655
10.110617
10.771667
10.114179
10.09367
9.9942096
13.257426
12.916666
13.368542
13.011287
12.495814
12.232457
12.333813
12.116595
12.324566
12.673213
12.183268
12.245694
12.545843
12.869744
12.817506
13.29947
12.93145
12.939384
12.881777
12.447865
12.553097
12.646417
12.603226
12.209722
12.342575
12.036742
12.414713
12.10438
12.076414
12.182138
11.702736
12.052297
12.102077
11.860266
11.667086
11.725305
11.483053
11.766579
11.537732
12.732946
12.60006
11.986468
12.331705
12.544753
12.297658
12.147456
11.839032
13.550856
13.337904
13.59437
13.370668
12.804945
12.592975
13.083997
12.934145
12.692915
12.911099
12.790398
13.452462
13.038735
13.433034
13.021403
13.269123
13.056387
13.531373
13.326653
13.455619
13.301118
13.065991
12.888067
13.115033
13.129537
12.8399
12.68726
13.124315
12.759763
12.404749
12.52968
13.026478
12.660603
12.905294
12.683479
12.545997
13.327572
13.211938
13.18921
13.099325
12.987575
13.185999
13.033855
11.254939
11.264586
11.164522
11.098193
11.244735
11.075397
11.246678
11.187271
11.183798
11.134726
10.517601
11.049366
10.388869
10.518108
10.422665
11.299234
11.307324
11.21979
11.153274
11.297581
11.301373
11.244719
11.160785
11.210494
11.261707
10.55626
11.224299
10.435251
10.556879
10.480732
11.683867
11.682394
11.689009
11.669142
11.689644
11.660052
11.200248
11.692801
11.645367
11.138857
10.75883
11.064668
11.058395
11.018185
10.420456
10.67429
10.43267
10.270405
11.981598
12.002334
11.632284
11.959994
11.624554
11.94711
11.590153
11.254575
11.54914
11.209977
10.760245
11.242492
11.532105
10.973304
10.911409
10.67333
10.403389
10.735234
10.489284
10.282678
11.987444
11.538289
11.209718
11.483687
10.93157
13.540544
13.16321
13.613482
13.233338
12.883548
12.751443
12.720395
12.60517
12.991955
13.05248
12.893432
13.427296
13.079517
13.547377
13.454606
13.102935
13.051821
13.037793
13.410119
13.04476
13.027532
12.747681
12.585462
12.736245
12.452369
12.278762
12.587881
13.154379
12.802696
12.804762
12.536616
12.626341
13.047572
12.740335
12.729067
12.705919
12.439412
12.283705
12.281395
12.409798
12.29223
12.136199
12.144401
11.140525
10.973927
11.19534
10.883378
11.284828
11.147262
11.310892
11.216336
11.131569
11.16046
11.037178
10.885127
10.983977
10.449546
10.480554
10.559554
10.496102
10.136549
10.181217
10.348714
10.458556
10.12075
10.102425
10.081426
10.289748
10.252561
10.449172
11.080138
10.426876
10.32173
10.154299
10.076165
11.276801
10.622397
11.301203
10.686007
10.612902
10.753239
10.621974
10.648125
10.705779
10.847869
10.732443
10.889693
10.218218
10.317006
10.568054
10.061471
10.094543
10.068218
10.219308
10.067177
10.068421
9.9983406
9.9981119
9.9759469
10.046213
10.139717
10.227175
10.045548
9.9877567
11.255548
10.83279
11.196505
10.907752
10.73987
10.712715
10.823072
10.836516
10.871912
10.293305
10.50544
10.078544
10.274336
10.191161
10.800456
10.115571
10.185959
10.019038
11.420297
11.038328
11.46527
11.085129
11.039528
11.018283
11.067405
10.97702
10.939117
10.946756
10.543458
10.327498
10.167716
10.070716
10.493405
10.733653
10.219508
10.115383
10.229418
10.496712
10.316339
10.324079
10.261107
10.042838
10.130069
11.451757
11.126424
11.395764
11.118158
11.128725
11.111732
11.152783
11.076508
11.160448
10.593759
10.714553
10.273709
10.513747
10.360395
11.154047
10.369488
10.40118
10.167255
10.998768
11.054185
11.020682
11.006462
11.139272
11.154251
11.110552
10.987744
11.09755
10.435699
10.526386
10.164801
10.232356
10.332501
10.283404
10.081179
10.110712
10.056376
10.278192
10.297753
11.142463
10.386232
10.361649
10.149315
10.068112
11.030218
10.883614
11.010017
10.808144
11.010102
11.046575
10.950647
10.804456
10.925028
10.29473
10.297869
10.0506
10.218769
10.173177
11.000174
10.293526
10.241608
10.045301
11.361759
10.822963
11.440824
10.919879
10.797692
10.848488
10.738717
10.783538
10.784732
10.722096
10.814214
10.446757
10.209385
10.191901
10.098781
10.031372
10.016873
10.352681
10.703236
10.175887
10.063537
10.173038
10.103623
10.790529
10.161152
10.121795
10.102934
10.014983
9.9885409
10.395726
10.209931
10.189842
9.9950778
10.014438
10.081736
9.995822
11.489845
11.100475
11.463879
11.16581
11.067522
11.081756
10.965562
10.959023
10.899344
10.542128
10.777577
10.256574
10.542024
10.402283
10.368929
10.256756
10.159244
13.64608
13.280283
13.6034
13.254313
13.096737
13.087616
12.933112
13.217446
13.573339
13.169816
13.19732
12.856854
12.68077
12.806646
13.431453
13.152846
13.49683
13.206001
13.327366
12.947738
13.286659
12.914054
12.970992
12.731776
12.85683
12.638863
12.753162
12.635528
12.729519
12.583672
12.483762
12.934598
12.9386
13.067202
13.421061
13.129927
13.295965
12.947654
12.936962
13.080883
12.574914
12.683732
12.425479
12.571589
12.688094
12.236194
12.333677
12.080493
12.443557
12.897171
12.544127
12.364198
12.570194
12.559628
12.233182
12.094123
12.103701
12.540893
13.008113
12.849387
12.663609
12.429763
12.800347
12.432834
12.279321
12.568142
12.226619
12.250484
12.150634
12.179191
11.961922
11.979921
12.061248
13.450689
13.032039
13.369317
12.955731
13.473961
13.19676
12.893419
13.343821
13.075668
12.803053
12.869654
12.759475
12.695206
12.684623
12.585219
13.577802
13.295249
13.055694
13.411818
12.976051
13.569723
13.317768
13.047466
13.365103
13.45339
13.627508
13.392523
13.426942
12.877201
12.755519
13.194613
12.949978
13.137819
12.882611
13.188946
12.72581
12.602106
12.563493
12.815274
12.586053
12.436255
12.346356
12.634687
12.486397
12.193421
12.63929
12.369691
12.253309
12.394437
12.289932
12.112303
13.614368
13.659028
13.52975
13.24997
13.443371
13.181121
13.397872
13.141979
13.426209
13.234202
12.989062
12.923564
12.815032
12.655999
13.54931
13.284285
13.480711
13.226379
13.58229
13.334511
13.263505
13.581017
13.334535
13.559093
13.322776
13.29346
12.898694
12.984753
13.094694
12.869449
12.611308
13.087166
13.068283
13.636572
13.566417
13.444565
13.395005
13.244152
13.575573
13.363057
13.041187
12.996464
12.868288
12.893409
12.834929
12.70855
12.732714
13.345057
12.982466
12.810107
13.205726
12.868921
13.337069
13.10043
13.315779
12.945774
13.382918
13.137265
12.93524
13.228516
12.984727
12.829934
12.709855
12.634618
12.488933
12.361972
12.516803
12.540033
12.607074
12.756091
12.607076
12.392049
13.68704
13.246906
13.625274
13.191941
13.575063
13.140502
13.424124
13.022705
13.059914
13.075822
12.966465
12.897177
12.91374
13.704286
13.490961
13.225695
13.64756
13.187239
13.695623
13.506688
13.213869
13.49254
13.197999
13.497131
13.679057
13.512218
13.479166
13.151799
13.016011
13.047176
13.323147
13.047891
13.310052
12.833587
12.885686
12.822995
13.046324
12.665233
12.596571
12.9856
12.720326
12.570846
12.627693
12.410494
13.053261
12.789864
12.630706
12.636718
12.795148
12.645003
12.439064
13.513582
13.220534
13.466102
13.1782
13.051826
12.888519
13.493599
13.188943
13.433854
13.154322
13.173837
13.434281
13.130531
13.429549
13.12376
13.028458
12.853954
12.703664
13.116829
12.853679
12.832803
12.526762
12.26226
12.430614
12.204533
12.746601
12.588848
12.869998
12.3524
12.10765
12.163247
11.900493
11.843448
11.790358
11.393001
11.350796
12.148827
12.070204
12.233754
11.965606
12.507792
12.180693
11.957585
11.864129
11.866887
11.930422
11.706426
11.454961
11.741009
11.66512
11.48323
11.750054
11.403137
11.368346
11.606017
11.433467
12.314445
12.239767
12.439523
12.483278
12.324134
11.940289
12.094518
10.425298
10.326554
10.15737
10.118639
10.216138
10.083479
10.050133
10.023864
10.021686
10.001299
10.772873
10.765115
10.378679
10.155126
10.094926
10.023704
13.362012
12.909644
13.269478
12.843274
13.555708
13.293932
13.02776
13.599209
13.345761
13.075875
12.792032
12.82344
12.637166
12.700007
12.585584
12.508091
13.462453
13.241134
13.558784
13.529845
13.321596
13.197005
12.902364
13.297372
12.833076
13.485797
13.242812
12.911207
12.715864
13.314278
13.084146
13.280517
13.098255
13.063721
12.742763
12.575774
12.661986
12.431845
12.791947
12.544401
12.30988
12.21471
12.464242
12.309619
13.008817
12.660422
12.916551
12.588254
12.520452
12.365358
12.593638
12.614666
12.471051
12.479635
13.12515
12.707143
12.743935
13.221835
12.781324
12.812809
12.641889
12.933567
12.550353
13.16032
12.656813
12.348646
12.472824
12.225716
12.406125
12.075244
12.152587
12.181746
12.702813
12.332782
12.271528
12.014607
12.182269
12.391671
12.39751
12.04935
10.551846
10.490311
10.159267
10.168301
10.619899
10.225454
10.274761
10.186163
10.175176
10.210879
10.59158
10.219377
10.205624
12.070684
11.958136
12.140864
12.01301
11.685739
11.903348
11.687897
11.895027
11.95027
11.97637
11.973775
11.28256
11.490886
11.647859
10.963622
11.14672
11.230699
11.041351
11.196791
10.768048
10.747293
11.534927
11.454172
11.886481
11.372763
11.441355
10.907827
11.077133
10.879393
12.004658
11.964172
12.085604
11.974052
12.132097
11.755812
11.75006
11.557221
11.538675
11.571799
11.38305
11.35868
11.205335
11.497698
11.632842
11.361001
11.201972
13.13439
12.9315
13.071117
12.845174
12.895533
12.82967
12.650387
13.588579
13.353296
13.580742
13.363101
13.357699
13.349668
13.593922
13.384662
13.376484
13.151091
12.868354
12.866598
12.79058
13.369502
13.171977
13.181451
13.193752
12.989277
12.718541
12.839056
13.166745
12.983943
12.653862
12.560314
12.339227
12.675673
12.427672
12.3812
13.481649
13.141628
13.415484
13.079344
13.505025
13.088291
13.461717
13.039305
12.955061
12.997885
12.816423
12.845547
12.891489
12.85626
12.71374
13.067402
13.136528
13.456052
13.084539
13.497514
13.074841
13.150307
12.770752
13.04193
12.657859
12.758417
12.544989
12.476915
12.665261
12.751466
12.405472
12.954317
12.762569
12.598195
12.625066
12.797017
12.464392
13.408642
13.049029
13.49821
13.11301
12.901394
12.807526
12.791955
12.759529
12.724067
12.63106
12.589973
12.853508
12.653681
12.732636
13.369547
13.002439
13.49101
13.082609
12.998301
12.980153
13.464762
13.068303
13.485905
13.085189
13.06571
12.686742
12.579217
12.462633
13.077773
12.728635
12.732896
12.739867
12.442824
12.904911
12.71445
12.446628
12.408792
12.506176
12.699193
12.426917
13.067881
13.043302
12.925857
12.918547
12.941727
12.762635
13.558145
13.145822
13.591497
13.171353
13.163709
13.123225
13.562888
13.144788
13.125048
12.81839
12.676306
12.674407
12.794719
12.488698
12.845194
12.651571
12.541806
13.137107
12.775061
12.792601
12.754981
12.472094
12.750373
12.636661
12.706333
12.59503
12.567807
13.287196
12.852342
13.329488
12.883955
12.889831
13.366468
12.925136
12.955786
12.371983
12.339775
12.513056
12.548158
13.279841
13.049392
12.652469
13.321445
13.082502
12.693938
12.634733
12.543122
12.42029
12.519586
12.286458
12.367835
12.441795
12.482287
12.319046
13.031996
13.061675
13.349604
13.197802
13.224273
12.838254
12.402511
12.525592
12.978893
12.80466
12.338171
12.459414
12.431453
13.121365
12.90701
13.013855
13.028015
12.827745
12.371237
12.386867
12.183359
12.489143
12.137617
12.295666
11.9072
11.918357
11.976611
12.084438
12.00124
11.775364
12.456622
12.193552
11.990278
12.073249
12.181793
11.862019
12.864051
12.494948
12.646151
12.345319
12.4266
12.414597
12.323565
12.272443
12.240499
12.503499
12.462832
12.275571
12.342632
12.306057
13.377246
13.134702
13.500055
13.269553
13.129722
13.122546
13.491181
13.281599
13.258456
13.240058
12.920043
12.512754
12.475272
13.056453
13.053433
12.85834
12.425592
12.409404
12.405431
12.475902
12.594778
13.059279
13.02372
12.846287
12.422538
12.260279
12.407253
12.080758
12.185275
11.88978
11.839699
11.846435
11.938485
11.602981
12.155687
11.955906
11.942473
12.052858
11.756523
11.84855
11.856126
11.913186
12.059784
12.029274
12.031899
11.65841
11.748281
13.443302
13.100188
13.517127
13.16617
12.814428
12.693753
12.720391
12.530327
12.555661
12.393614
12.912009
12.624674
12.970371
12.805056
12.541473
13.062838
13.507984
13.135738
12.66979
12.371482
12.628342
12.453142
12.373471
12.191116
12.354863
12.069576
12.444138
13.133174
12.806416
12.6143
12.786547
12.424171
12.136205
12.198581
12.46284
12.035298
12.341894
12.103009
11.888606
11.952061
13.480639
13.150878
13.227816
13.377725
13.080214
13.144188
13.007344
12.957803
12.841812
13.582973
13.189013
13.295522
13.595334
13.192885
13.311899
13.292111
13.435994
13.592302
13.309889
13.287033
12.950349
12.794447
12.870073
12.664734
12.840636
12.623205
13.172473
12.935363
12.943902
13.033319
13.016061
12.705808
13.361612
13.147142
13.42841
13.214577
12.610725
12.948152
13.016594
12.526321
12.844531
12.91067
12.808736
12.51009
12.797045
12.444564
12.364593
12.630643
13.058088
13.3864
13.125196
12.448742
12.497987
12.096286
12.387574
11.997779
11.983979
12.033331
12.793141
12.724107
12.619098
12.239387
12.502408
12.220493
12.283581
12.550755
13.147878
12.931144
12.70879
12.883199
12.332123
12.61752
12.961732
13.063877
12.820991
12.89558
13.016257
12.900233
12.891673
12.813245
12.711569
13.525326
13.279198
13.209696
13.551211
13.324597
13.215858
13.336636
13.11814
13.608243
13.399002
13.429433
13.164489
12.903662
13.061091
13.173399
13.086366
13.222164
12.780248
12.952109
12.891164
12.760455
12.585807
12.614039
12.493469
12.963849
12.747796
12.56826
12.745305
12.565181
12.701158
12.774573
12.972963
12.854734
12.68871
13.346079
13.055413
13.404587
13.096716
12.869126
12.819722
12.857286
12.783766
12.885771
12.724685
12.667022
12.718277
12.620399
12.569906
13.018435
12.898125
13.390676
13.097272
12.961091
12.647893
13.075613
12.778198
12.571477
12.790156
12.690731
12.428226
12.681461
12.50223
12.502879
12.430628
12.351073
12.570735
12.339344
12.997421
12.871219
12.914831
12.803691
12.745462
13.423739
13.121792
13.460174
13.15965
13.078455
13.419481
13.122364
13.072323
12.674318
12.594011
12.830274
12.785524
11.979329
12.073646
12.056642
12.122347
11.580827
11.594343
11.548719
11.60266
12.079836
12.11618
11.603452
11.63774
11.627045
11.646155
11.609584
12.029182
11.58879
11.632855
11.631196
12.008258
11.001321
10.98048
11.237476
11.326067
11.0065
10.972396
10.587355
10.567655
10.760419
10.821139
10.928652
11.209813
10.92686
10.565803
10.529339
10.502172
10.720186
10.908067
10.964443
10.938196
10.974593
10.545612
10.499693
11.561199
11.542896
11.600834
10.731897
10.93392
10.91701
11.203112
12.113964
11.675048
12.059851
11.697477
11.281864
11.608853
10.990406
11.060147
11.268001
11.413817
11.418981
11.361682
10.767528
11.329623
10.750356
11.389896
11.335891
11.378739
10.333012
11.405273
10.706223
10.636999
10.287139
10.663521
10.099471
10.095151
10.007534
11.394987
11.378537
11.753059
11.75916
11.405143
11.701285
11.372106
11.398082
11.662854
10.905163
10.651601
10.677263
10.408017
11.716123
11.157661
10.850751
11.068136
10.544896
11.782892
11.776539
11.690681
11.704363
11.707753
11.72956
11.732171
11.685583
11.667172
11.709075
11.641583
11.653323
11.729329
11.059554
11.132978
11.069965
11.036413
10.622948
10.679416
11.136794
11.686376
11.095309
11.055447
11.123821
10.644095
10.672597
10.705315
11.704504
11.196294
11.077081
11.089036
10.729645
10.731595
10.728425
11.64625
10.708944
11.554474
11.725554
11.688095
10.44783
10.06531
10.358576
10.023757
11.544535
10.990295
11.101349
10.246288
12.297788
12.507963
12.365848
12.585115
12.171988
12.201917
12.113737
12.178853
11.738208
11.763772
12.005268
12.216373
11.901756
11.72911
11.705656
11.429589
11.436608
11.725171
11.721541
11.902663
11.330531
11.355764
11.30663
11.461708
11.745582
11.387833
11.350643
12.089717
12.290582
11.56646
11.890289
11.716494
10.576781
11.172065
10.564507
11.164045
10.619247
11.13387
10.650261
11.095092
11.208574
11.215287
11.192104
11.077124
11.184865
10.171642
9.9963476
10.137517
10.028822
9.9697554
11.13128
10.43585
10.144139
10.391979
11.217594
10.467187
10.457407
10.015056
11.36416
10.535119
11.441196
10.52473
11.280579
11.194628
11.240121
11.2089
11.372483
11.279227
11.431859
10.183871
10.528321
11.36761
10.726738
10.598565
10.493334
10.722964
10.045112
10.226104
10.152008
10.175742
9.9783623
9.9635963
10.016246
9.9662585
10.475472
10.166981
10.009561
11.509195
10.519661
11.505272
10.525473
11.556087
11.570083
11.521427
11.505642
10.230907
11.474188
10.824306
11.55858
10.876333
10.839658
10.078447
10.199149
9.9743898
9.9660367
10.548045
11.233202
10.567034
11.320291
11.5501
11.566098
11.491808
11.225367
11.447457
11.463982
11.280353
10.231528
10.61073
10.876769
10.811188
10.076316
10.277584
10.148445
9.9839884
10.162195
9.9658164
9.9634662
11.239492
10.58708
10.607805
10.568676
10.030752
10.214076
10.026049
10.606114
11.42324
10.628379
11.445358
11.394844
11.363434
11.450779
11.352613
11.473633
10.235595
10.010046
10.229282
9.9727327
11.403744
10.730192
10.682178
10.755796
10.069528
10.67749
11.408652
10.70748
11.357113
11.48895
11.490329
11.476897
11.419979
11.464442
10.277791
10.051547
10.246828
9.9804274
11.36452
10.679174
10.784376
10.770193
10.085225
12.65986
12.492219
12.730646
12.555218
12.354613
12.058131
12.413115
12.298074
12.0222
12.202257
12.265952
12.029456
12.454147
12.031473
12.106624
11.884593
11.883565
11.767511
12.266821
12.117689
11.968852
11.871186
11.722672
11.591317
11.486846
11.933349
11.932709
11.991145
11.662741
11.679226
11.717833
11.61173
11.473282
11.29462
11.207168
11.599033
11.777215
11.583724
11.451351
11.467659
11.490231
11.296546
11.195403
11.202633
11.703795
11.472326
11.335237
11.262171
11.126287
11.120217
11.68444
11.667961
11.913322
11.941814
11.685338
11.63419
11.675579
11.583336
11.708783
11.866715
11.854709
11.7147
11.841821
11.075947
11.22432
11.642842
11.032893
11.093278
11.198017
10.651672
10.754733
11.222224
11.589716
11.052386
10.984699
10.950903
10.640929
10.744959
10.746212
11.416707
11.338901
10.866988
10.869495
12.445368
12.333069
12.583508
12.744099
12.548683
12.683182
12.329445
12.536355
12.098869
12.329325
12.33355
12.414677
12.024549
12.144948
12.281449
11.929013
11.935717
12.447923
12.107808
12.330709
12.105568
11.172578
10.985069
11.223445
10.907602
11.171568
11.605381
11.21464
11.568375
10.645222
10.35283
11.162764
10.484017
10.482974
10.63365
10.208824
10.082706
10.654069
10.961365
10.339519
10.377933
10.307717
10.262544
10.168656
10.073153
10.215902
11.084995
11.605427
11.001498
11.597565
11.631896
11.588435
11.648055
10.652336
10.90428
10.349139
10.481173
10.653169
10.341539
10.234514
10.321942
10.208004
10.561358
10.943412
10.987361
10.499926
10.3327
10.744165
11.096152
10.818177
11.084703
10.730743
11.122756
10.820524
11.126433
11.140402
11.055743
11.14638
11.157671
11.090415
11.175395
10.038347
10.227105
10.135787
9.9682067
10.015852
10.220777
10.151516
10.223131
9.9672062
10.018327
10.212084
10.360414
11.09819
10.390095
10.408138
10.429767
9.9867927
10.051003
10.050531
11.104132
11.126868
11.510606
11.013689
11.486003
10.955576
11.518676
11.116803
11.076434
11.491303
11.139777
11.55695
11.460125
11.560512
10.572703
11.469078
10.792637
10.825636
10.566126
10.869573
10.265658
10.346813
10.475614
10.258386
10.387288
10.149465
11.123528
11.093695
11.160113
11.062436
11.154726
11.162149
11.104044
11.162039
10.337308
10.400623
10.405248
11.007275
10.944841
11.104486
11.127868
11.068075
10.934958
11.052682
10.243881
11.102799
10.359294
10.329177
10.816691
11.331713
10.750602
11.30219
10.946305
11.335073
10.990992
11.309479
11.370666
11.272138
11.375121
10.371765
10.13468
10.256625
10.382374
10.051664
10.29532
10.590201
11.358811
10.609808
10.651726
10.118376
11.169522
11.538761
11.18428
11.595628
11.131076
11.109055
11.097853
11.112928
11.143263
10.210659
10.169479
10.347639
9.9825377
9.9718809
10.011467
10.397985
10.641152
10.446754
10.667807
10.402002
10.031921
10.014682
10.103761
10.228618
10.383655
10.406415
10.004283
10.096347
10.982262
10.085787
10.184258
10.380647
12.510625
12.487615
12.698882
12.693066
12.070316
12.060055
12.011458
12.036853
12.443632
12.157136
12.509318
12.206382
12.102503
12.059449
12.094917
12.141796
11.928301
11.865201
12.602274
12.33633
12.239215
11.920808
12.029393
11.777233
11.691617
11.896556
12.334453
12.328548
12.027653
11.760621
11.743796
11.675446
11.602507
11.55263
11.494136
11.526437
11.318735
11.589307
11.599981
12.132877
11.695171
11.63781
11.452622
11.295029
11.443904
11.103323
11.410726
11.123481
11.507833
11.538371
10.470108
10.534338
11.502624
10.750312
10.83064
10.226184
10.231286
10.268402
10.107277
10.031613
10.511058
10.37904
10.102585
10.134421
10.047337
12.818497
12.686121
13.387494
12.924152
12.950358
13.416392
12.938431
12.971464
12.986335
13.480784
13.046126
12.625048
12.435712
12.979455
12.575039
12.624656
12.303403
12.61313
12.628193
12.322016
12.049542
12.254218
12.144324
12.366956
11.954256
12.013965
12.07733
11.985309
12.046884
11.69571
11.889335
11.921028
11.664855
11.865455
11.247545
11.174434
11.292365
11.032583
11.176653
10.762338
10.708564
10.794772
11.450817
11.438635
11.483507
11.3364
10.881455
11.047978
11.390714
11.552065
10.783048
10.866807
10.970445
11.103869
11.678376
11.599124
11.776485
11.553629
10.912859
10.962654
11.099336
11.065982
11.309725
11.977549
11.200279
11.356372
11.468146
12.734603
12.41594
12.692393
12.389708
12.26928
12.149502
12.277606
12.516403
12.587493
12.244141
12.274236
12.521496
12.175444
12.249099
11.951908
11.785776
11.934614
11.823747
12.143913
12.354407
12.005221
11.366909
11.409947
11.340019
11.311759
11.296819
11.35977
11.30014
10.294976
10.598977
10.653524
10.593641
10.086519
10.229349
10.272654
10.002315
10.068383
9.9900218
10.689072
10.631137
10.241636
10.07177
12.23938
12.25296
12.141258
12.191213
12.314777
12.468247
12.294685
12.420865
12.22152
12.181297
12.153754
12.196619
12.333809
12.223723
12.371744
11.84524
12.0547
11.776984
11.899717
12.042206
11.511758
11.759746
11.964844
11.748895
11.768392
12.208937
11.818562
11.728845
11.443544
11.619264
11.540284
11.938072
12.106682
12.138096
11.860885
11.7054
12.489566
12.647235
12.445585
12.575377
12.661019
12.510966
12.618318
12.481915
12.438672
12.421324
12.367475
12.247398
12.460781
12.371781
12.013142
12.251681
12.271617
12.400163
12.0766
12.214169
12.090203
12.022795
11.866966
12.05352
11.894868
12.211668
12.386801
12.291466
12.076907
12.044243
11.921486
12.026111
11.865048
12.326341
12.410516
12.234486
12.090431
12.291503
12.206794
12.097201
11.759293
11.690763
12.020657
11.885505
11.497207
11.44506
11.544724
12.006065
11.573059
11.737835
11.641053
11.367468
11.29708
11.195234
11.45261
11.352003
11.239213
11.120946
11.62908
11.65101
11.571739
11.143775
11.540969
11.160101
10.54179
10.294758
10.150331
10.049327
10.64048
11.614341
10.9924
10.909876
10.611502
10.295635
10.331004
10.419448
10.141295
10.05738
10.193441
11.289851
11.278329
11.326352
11.257789
11.355106
10.28012
10.110381
10.023099
9.9862102
10.332055
10.568435
10.609943
10.091224
10.098395
10.008939
9.999832
10.050494
12.668074
12.483472
12.724201
12.536135
12.529729
12.234867
12.47893
12.201254
12.345791
12.274579
12.179885
12.325268
12.136749
12.117544
12.252057
12.359627
12.00788
12.16621
12.263093
12.17639
11.801997
11.964947
12.188541
12.443275
12.243451
12.203919
12.010309
11.880273
11.95717
11.715049
11.682604
11.535553
11.663095
11.42965
12.364979
12.073739
12.266039
11.931931
11.798848
11.932788
11.988149
11.809292
11.83166
11.547998
12.705381
12.337926
12.576335
12.250204
12.255812
12.416914
12.130323
12.297726
12.913383
12.804258
13.081199
12.941228
12.262687
12.596763
12.491142
12.113344
12.872179
12.218112
12.561019
12.178685
12.001745
12.187753
11.791846
11.727547
11.842726
11.821293
11.728319
11.553605
12.295953
12.742168
12.59808
12.104488
12.420657
11.991829
11.796714
12.068247
11.978215
11.631589
11.886557
12.411405
12.207172
12.323218
12.140714
12.554948
12.451621
12.648647
12.519537
12.236248
11.986052
12.203367
12.380736
12.061172
11.783321
11.969831
11.928155
12.01674
12.287638
12.166905
11.972309
11.720827
11.654189
11.924436
11.825517
11.651105
11.504155
11.673665
11.461037
11.440412
11.863052
11.60958
12.096479
12.377169
12.056196
12.310437
12.52162
12.268347
12.493932
12.245688
12.016241
12.150725
11.987449
11.93749
12.060729
11.859639
11.789816
11.642591
11.493523
11.721989
11.427339
11.331843
11.281395
11.148174
12.175834
11.986576
12.228589
11.958583
11.652843
11.591565
11.983593
11.75702
11.993517
11.53007
11.911047
12.157573
11.745439
11.524834
11.646205
11.419192
11.235267
11.52461
12.132606
11.908967
12.086556
11.858941
12.210662
12.195182
11.86466
11.804019
11.816046
12.074535
11.869687
11.83741
11.981063
11.82484
11.98665
11.986298
12.011867
11.958753
11.727666
11.469337
11.65572
11.675261
11.657018
11.397555
11.134738
11.51972
12.040339
11.737031
11.559694
11.383916
11.634202
11.398813
11.191871
11.419943
11.267992
11.256557
11.235865
11.160265
10.967974
11.016063
12.383596
12.316922
12.46612
12.659262
12.43306
12.6148
12.321219
12.35748
12.344902
12.217559
12.254807
12.061647
12.291635
12.269605
11.938341
11.866176
11.904937
11.736178
11.932626
12.273273
12.333204
12.058425
12.222963
11.935373
11.777907
11.958346
12.023858
12.539908
12.38999
12.112405
12.386852
11.986362
12.209659
12.205712
12.261147
12.473817
12.718684
12.645201
12.587137
12.606711
12.445822
12.467681
12.657494
12.55182
12.480284
12.49859
12.243323
12.325382
12.235263
12.544689
12.407299
12.269365
12.283064
12.260753
12.712735
12.523797
12.663239
12.484805
12.496131
12.431796
12.42166
12.352034
12.324011
12.335193
12.480987
12.283302
12.164763
12.392181
12.108343
12.081152
12.026682
11.969078
11.277544
11.378411
11.401068
11.187816
11.42166
11.173472
11.26691
11.344731
11.724252
11.352983
11.366261
11.748223
11.415645
11.662572
11.387719
11.441537
11.610732
11.739702
11.59898
11.767916
10.563236
10.471254
11.26978
10.619357
10.620349
10.603994
10.244259
10.179544
10.649427
10.553659
10.86251
10.629351
10.858186
10.240639
10.261261
10.216628
10.389572
10.586962
10.876264
10.685341
10.543793
10.723035
10.283111
10.377307
10.254565
10.401295
10.428493
10.184265
10.144605
10.221314
10.179275
10.194084
11.724433
11.143978
10.831505
11.036935
11.178109
10.551758
10.533661
11.148079
11.691731
11.116463
11.634289
11.759102
11.752528
11.749701
11.678374
11.732776
10.757706
10.713121
10.379739
10.649551
10.250287
10.249284
11.100855
11.625992
11.031777
11.155187
11.140164
10.450887
10.704875
10.430167
10.430557
10.690244
11.52083
11.476673
11.533827
11.503846
11.554478
11.540347
11.577397
11.584032
11.56597
11.473648
11.568031
11.426764
10.775076
10.804356
11.549755
10.847925
11.58031
10.90114
10.882962
11.372484
11.42851
11.466796
11.494071
11.402521
11.350773
11.397824
11.373949
11.36714
10.624361
10.801876
10.729499
10.263115
11.363409
10.666442
10.623078
10.670857
10.233066
11.70708
11.469104
11.69957
11.455541
11.726003
11.730183
11.708039
11.713711
11.703588
11.659675
11.4504
11.603844
11.412938
10.941017
11.597686
11.058573
11.669063
11.118554
11.058367
11.004284
10.854288
10.565251
10.886566
10.732324
10.720415
10.460497
12.084296
12.064688
12.030097
12.016122
12.133876
12.038638
12.123173
11.672846
11.669033
11.363757
11.385773
11.736103
11.635314
11.351699
11.363866
11.401095
11.622605
11.610279
11.701792
11.362903
11.39855
11.425786
11.487012
11.422403
11.13667
11.436419
11.153035
11.407739
11.405323
11.367159
11.438424
11.386586
11.442967
11.375344
11.4641
10.674321
10.507149
10.725633
10.752815
10.293941
10.205439
10.556511
11.390231
10.698804
10.676853
10.698191
10.743655
10.2855
10.197507
10.238708
10.525875
10.382937
10.127243
10.162462
11.695792
11.388964
11.693296
11.33668
11.695204
11.697486
11.697295
11.6986
11.069156
10.889221
11.692266
11.059289
11.091245
11.068693
10.63418
10.512596
10.914504
11.100677
10.638339
10.552892
10.819169
10.648695
10.516051
10.411592
10.444016
11.688349
11.702783
11.63101
11.281385
11.689954
11.324466
11.621129
11.383682
11.638829
11.609349
11.655486
11.387146
11.615031
10.808444
10.750851
11.619143
11.018373
11.040419
10.825824
10.474814
10.456207
10.840168
10.600482
10.758597
10.669252
10.817749
10.360308
10.366407
10.246394
10.32171
10.981937
11.074432
11.015007
10.486969
10.604881
10.651302
10.760733
10.549847
10.331329
10.315412
10.22315
10.264578
10.223985
10.440849
10.408912
10.573399
10.321601
11.137659
11.663678
11.142638
11.65457
11.096856
11.596981
11.056115
11.515156
11.700882
11.715121
11.677597
11.51204
11.666928
10.683257
10.376918
10.642633
10.330006
10.201079
11.626635
11.01967
10.569427
10.917592
11.703868
11.083924
11.057925
10.380579
11.49296
11.52543
11.489834
11.654562
11.510911
11.650827
11.679589
11.70435
10.578206
10.890951
11.486037
10.789751
10.824556
10.895265
10.258198
10.436738
10.687017
10.159785
10.296787
10.207405
11.686158
11.044519
11.075004
10.513829
10.380919
11.661835
11.661248
11.603546
11.551535
11.636126
11.540694
11.614684
11.658034
11.011126
10.894734
10.971826
11.531031
11.506604
11.567419
11.57874
11.539605
11.530618
11.545175
10.81099
11.540803
10.885076
10.829208
11.643319
11.310534
11.586832
11.337916
11.723638
11.549929
11.727679
11.516122
11.707399
11.706226
11.585527
11.714202
10.535892
10.419367
10.145784
10.078536
10.957107
10.654424
10.91984
10.979746
10.292255
10.542709
10.322885
10.816877
10.97756
10.742734
11.129832
11.102782
10.600173
10.482835
10.584832
10.168794
10.132004
10.380115
10.245112
10.335528
12.292046
12.227589
12.330364
12.25497
11.931661
12.113569
11.881657
12.068871
12.162414
12.188639
12.13764
11.65867
11.521436
11.618542
11.368256
11.515935
11.201271
11.086264
11.170033
11.752264
11.811391
11.981731
11.419951
11.328935
11.542878
11.559075
11.276144
11.144759
11.376593
11.852538
11.800833
12.058548
11.673855
11.725781
11.295624
11.45837
11.804601
12.015467
11.811999
12.005116
11.67453
11.784449
11.814217
11.633875
11.775865
12.037828
12.065074
11.164648
11.34329
11.193972
11.010631
11.091025
10.718661
10.854573
10.749241
11.395327
11.242165
11.389149
11.185359
10.768096
10.9374
11.442857
12.045403
11.580197
11.624916
10.888674
11.049052
11.080852
11.146452
10.933924
10.842798
11.047836
11.475477
11.462445
11.51145
11.480452
11.54006
10.791644
10.839151
11.384154
11.691455
11.393686
11.684436
11.69418
11.696268
10.849818
10.589554
10.679936
10.852311
10.371515
10.226273
10.811735
11.703147
11.082002
11.058289
10.496519
10.486366
10.330302
10.228128
10.361585
11.947271
12.018706
11.957805
12.06136
11.957703
11.975612
11.628342
11.62626
11.921311
11.635998
11.603551
11.90659
10.996487
11.014971
11.27323
10.571039
10.613377
10.794868
11.012582
11.005184
11.229627
10.977362
10.957929
10.59527
10.593027
10.756601
11.019778
10.9461
10.566654
10.585087
10.587565
10.588549
11.280254
11.232161
11.278562
10.627519
10.797763
10.586739
10.60429
10.605199
10.8077
10.766082
10.818933
11.581786
11.02386
11.022123
11.294717
11.503156
11.97442
11.471807
11.894225
11.491729
11.174987
11.402878
10.744054
10.924414
10.920171
10.952715
11.129387
11.520961
11.622214
11.026121
11.029426
11.290708
11.181443
11.469561
11.475132
11.447194
11.624948
11.436601
11.66637
10.539509
10.595983
10.842962
11.471686
10.764511
10.736704
10.851105
10.231363
10.265431
10.39829
10.396426
10.635206
10.149305
10.280604
10.092936
10.202004
10.156809
10.191525
10.102773
11.046207
10.487932
10.375413
12.252832
12.519058
12.285642
12.574991
12.376254
12.345483
12.304972
12.123589
12.293564
12.232216
12.05365
12.147613
12.060438
12.088064
11.898087
12.15332
12.005829
11.923122
11.623576
11.84617
11.999163
11.956179
12.175385
11.767957
11.777445
11.627702
11.659304
11.503938
11.735029
11.604093
11.564796
12.271779
12.000286
11.880034
12.194648
12.00531
12.303204
11.855163
11.813702
12.172737
11.715241
11.669654
11.74301
12.005802
11.669968
11.721887
11.980766
12.043992
11.974116
12.063803
11.3361
11.377569
11.068383
11.127385
10.866612
10.895863
11.56123
11.031468
11.23003
11.326159
11.545709
11.624801
11.041047
11.069961
11.235931
12.206688
12.152931
12.20078
12.151862
12.165871
12.191952
12.136378
12.099611
12.136445
12.047251
11.884847
11.852835
11.61671
11.900551
11.823333
11.73591
11.691688
11.519723
11.453207
11.896952
11.862492
11.63728
11.657591
11.640638
12.11547
11.748893
11.718736
11.734797
11.49511
11.530402
11.458003
11.51272
12.399416
12.354665
12.345328
12.175222
12.273299
12.122061
12.173169
11.976019
11.963065
11.757275
11.896571
12.294785
12.004982
11.958195
11.812682
11.83303
11.591995
11.674973
11.662824
11.502625
11.456111
12.36411
12.184286
12.256194
12.097177
11.955155
12.233897
11.954305
11.803147
11.643572
11.895524
12.053796
11.663009
11.516396
11.609262
11.750198
12.037971
11.876767
12.067865
12.090833
11.552379
11.72755
11.540443
11.716652
11.585502
12.022443
12.031387
11.593889
11.998776
11.068911
11.175829
10.621275
10.723227
11.038199
11.110227
11.248384
11.511134
10.859254
10.93177
11.22237
10.587932
10.64271
10.73495
11.230998
10.969698
11.094468
10.660538
10.657161
10.703005
10.784251
11.492109
10.73343
10.840019
10.784756
10.888817
10.858751
11.088854
11.685934
11.598652
11.002146
11.218345
11.596917
11.656099
11.601065
11.679082
11.588509
11.69448
11.582884
11.712107
11.677675
11.687134
10.856692
10.847012
10.37964
10.383993
11.002004
10.975654
11.600381
10.948378
10.927578
10.999403
10.556067
10.545629
11.01787
11.64181
11.088861
11.030326
10.496622
10.473243
10.601674
10.600894
10.989726
11.071489
10.503938
10.563527
10.590129
10.600407
11.443714
11.541386
11.429176
11.56868
11.464229
11.471376
10.782086
10.583458
11.464578
10.736776
10.756418
10.351564
10.246496
10.615167
10.784736
10.909435
10.397868
10.257261
10.306786
10.170496
10.188686
12.348899
12.407683
12.133751
12.102675
12.104193
12.23623
12.286708
12.047286
12.188442
12.093329
12.007208
12.04589
11.923659
12.053891
11.747173
11.890182
11.802911
12.069231
11.653904
11.608035
11.719262
11.631157
11.499755
11.394211
11.981444
11.845458
11.611126
11.740415
11.500117
11.910123
11.784825
11.867693
11.781802
11.955379
12.211007
11.941602
12.205592
11.926707
11.897512
11.902937
11.499
11.72665
11.373623
11.175192
11.394883
11.078439
11.632898
11.309635
11.894563
11.353865
11.404007
11.613156
11.394425
11.076526
10.986062
11.175793
10.925234
11.85697
11.261338
11.485031
11.369013
11.258874
11.198826
10.916727
10.86165
12.204366
12.167763
12.216775
12.18353
11.97232
11.927091
11.94585
12.102125
12.125838
11.888273
12.072399
11.620989
11.672335
11.561883
11.918765
11.410199
11.37068
11.489163
11.195619
11.23096
11.121582
11.846116
11.697228
11.797326
11.356266
11.250834
11.5849
11.380069
11.404343
11.452241
11.652661
11.713886
11.696968
11.632189
11.205825
11.314758
11.988503
12.033694
11.59001
11.932238
11.57905
11.897171
11.979937
11.980348
11.994091
12.011681
11.972461
11.892238
11.972393
11.016162
11.214376
11.200491
10.918288
10.568597
10.71176
10.699747
11.309171
10.622462
10.860296
11.510546
11.14975
11.426506
11.988558
11.526459
11.51079
10.912413
10.906675
11.161255
12.002434
11.558022
11.535755
11.56097
10.760159
10.913522
11.025474
11.177759
12.149429
12.286232
12.172875
12.299368
12.211593
12.167847
12.054198
12.186849
11.97614
12.134467
11.705047
11.791593
11.56925
11.407202
11.438408
11.752827
11.736254
11.78074
11.434707
11.429552
12.226529
11.88574
12.127134
11.799399
11.669063
11.780528
11.434005
11.486527
11.455894
12.637257
12.414883
12.566485
12.362732
12.318534
12.276178
12.217877
12.262852
12.410577
12.098746
12.1838
11.983377
11.901066
11.8756
11.965213
11.971077
11.978019
12.090994
11.938455
11.9831
12.074073
11.554587
11.466801
11.494851
11.145813
11.5507
11.666378
11.225079
12.216973
12.114694
12.176631
12.106138
12.248745
12.069468
12.195145
12.023382
12.055444
12.063586
12.017107
12.082979
11.897766
11.701866
11.804003
11.784726
11.595345
11.394646
12.120997
12.003825
12.010493
11.745679
11.866108
11.687273
11.792377
11.606995
11.805487
11.441421
11.671913
11.601712
12.028445
11.559456
11.542098
11.415995
11.270816
11.2992
12.496547
12.262229
12.425139
12.213681
12.316944
12.232607
12.243401
12.183296
12.211819
12.22839
12.198531
12.15808
12.168645
12.166685
11.874187
11.908791
11.914523
11.8013
11.895324
11.579529
11.628683
12.040701
12.225255
12.031955
11.743348
11.857751
11.810817
12.165183
11.736032
11.718252
11.735802
11.458326
11.412269
11.970188
11.774004
11.744089
11.494982
11.518085
11.61704
11.429215
12.366911
12.397313
12.303836
12.335305
12.53245
12.45008
12.494848
12.426004
12.362167
12.292514
12.292123
12.370288
12.238557
12.25874
12.106241
12.198198
12.193176
12.256884
12.154976
12.194709
12.01975
11.980872
12.078638
11.994168
12.066165
11.922289
11.890539
11.865795
11.751087
12.00539
12.037029
12.333168
12.07845
12.00817
11.866712
11.759406
12.284034
12.253387
12.266188
12.22093
12.244641
12.222921
12.189179
11.936354
12.187963
11.902694
11.873893
11.631303
11.709399
11.650781
11.702445
11.872105
11.930608
11.859206
11.979303
11.878848
11.907894
11.983704
11.638203
11.957214
11.661988
11.932079
11.993207
11.955827
12.003429
11.603639
11.6669
11.858129
11.588894
11.607834
11.892866
10.967127
11.039928
11.136885
11.240077
10.935492
10.960588
10.541878
10.586189
10.681254
10.736639
11.055714
11.237327
11.57515
10.977246
10.999011
11.201128
10.549113
10.585814
10.616526
10.738226
11.018073
11.066142
11.009241
10.629446
10.65259
11.413116
11.823899
11.388924
11.4045
11.128178
11.373666
10.835212
10.865639
11.039491
11.438085
11.527494
11.953113
11.461614
11.552643
10.719091
10.940146
10.934095
11.08673
12.114818
12.108705
12.061751
12.065986
12.015025
11.712949
11.616203
11.763326
11.505118
11.818392
11.54503
11.785865
11.397156
11.775545
11.437258
11.748123
11.809224
11.742696
11.787424
11.821951
11.819789
11.804852
11.835602
10.978733
11.194892
10.928057
11.22796
11.004143
11.240417
10.672007
10.810312
10.635141
10.76131
10.697125
10.821276
10.5277
10.37896
10.318438
10.969971
10.938327
11.757436
11.194551
11.220754
11.271353
11.276652
10.811843
10.618189
10.649464
10.624535
10.683298
10.489486
10.466007
10.355997
10.306178
10.479358
10.3043
10.907685
10.689248
10.286292
10.438823
10.440906
10.292795
12.377021
11.990222
12.41722
12.00076
11.93476
11.916404
11.901026
12.1568
12.14402
11.919146
12.092384
11.900173
11.88166
12.04339
11.692707
12.116378
11.88191
12.146699
11.531031
12.00886
11.731092
11.567187
11.719817
11.410568
11.369218
11.344246
11.210428
11.368556
11.113009
11.899615
12.03173
11.760652
12.074125
11.713037
11.483772
11.629139
11.751787
11.530572
11.245773
11.542658
11.71181
11.595316
11.678614
11.657727
11.732738
11.710469
11.758217
11.664464
11.759696
11.007055
10.88281
11.704469
11.065272
11.104629
11.165163
10.622593
10.534833
10.761029
10.989437
10.986627
10.576521
10.453355
10.424915
10.379278
10.322264
12.195718
12.074881
12.169255
12.06017
11.772232
11.850213
11.735678
11.521361
11.627587
11.402087
12.327
12.173165
12.28802
12.129351
12.13178
12.056914
12.119705
11.997363
12.060907
12.1025
11.937203
11.915858
11.727673
11.861261
11.96229
11.804644
11.81628
11.572399
12.085466
11.675191
11.62003
11.656673
11.641898
11.503498
11.438901
11.625816
11.709991
11.647111
11.702156
11.975657
11.900075
11.969479
11.933721
11.994981
11.998991
11.960167
11.630315
11.660146
11.944891
11.656053
11.232241
11.200022
11.440964
11.988416
11.509823
11.961393
11.546732
11.476997
11.209636
10.92734
10.900447
11.09543
10.933064
11.043319
11.000357
11.033995
10.999478
10.736021
10.529472
10.602608
11.016375
11.14123
10.688218
10.686556
10.508892
10.561428
10.559914
10.672209
11.092814
10.636246
10.615444
11.447842
11.438146
10.855169
11.06174
10.853436
12.131943
12.087408
12.131543
12.222443
12.088288
12.166934
11.788483
11.724547
11.830359
11.542199
11.393573
11.503384
11.797644
11.539395
11.489883
11.465529
11.803805
12.066561
11.656277
11.647665
11.723841
11.329594
11.403234
11.798802
11.420578
11.508632
11.479072
11.480061
11.676385
11.680934
11.059906
11.067962
11.051466
10.617131
10.628363
11.071032
10.635566
10.623758
10.635084
10.65009
10.638482
11.798017
11.803907
11.845994
11.488193
11.865381
11.529167
11.02211
10.961998
11.25778
11.317907
10.717607
10.655871
10.882246
10.711712
11.0375
10.812382
10.536596
10.468505
10.331148
10.933868
10.445409
10.619567
10.298614
10.433636
11.221652
10.841721
10.606742
12.006256
11.996221
12.019028
12.021546
11.966676
12.032953
12.021231
12.018842
12.167888
12.015703
12.156471
11.99246
11.996921
11.996263
11.97544
11.984355
11.415537
11.679702
11.559862
11.554517
11.668474
11.510152
11.076348
11.280289
11.195889
11.562408
11.436084
11.412811
11.008942
11.19599
11.155155
11.074873
11.012305
11.709327
11.835293
11.420944
11.363376
11.503563
11.5367
11.581758
11.543594
11.269056
11.166327
11.386711
11.194664
11.959756
11.531608
11.551532
11.517424
11.518544
11.083528
11.19551
11.100794
11.078957
11.171506
12.139371
12.132555
12.057293
12.024352
12.081233
12.039722
12.089228
12.041569
11.999696
11.791055
11.703657
11.651809
11.569673
11.42769
11.35704
11.73561
11.605414
11.45963
11.483961
11.654928
11.69155
11.613544
11.363875
11.313189
11.389896
11.302881
12.002879
11.564511
11.574649
11.533283
11.256569
11.258582
11.781981
11.725583
11.821421
11.736147
11.677241
11.672021
11.875356
11.713139
11.670264
11.843279
11.780087
11.912107
11.813961
11.914615
11.719811
11.732807
11.72161
11.916933
11.821357
11.920345
11.160449
11.106144
11.294689
11.780811
11.234837
11.249618
11.310935
10.787619
10.732647
10.883794
11.052666
11.056256
11.078342
10.622251
10.652521
11.088199
11.162983
11.105195
11.091405
10.739135
10.695357
10.633078
10.670211
11.233755
11.048187
11.034229
10.668837
10.794936
10.63274
10.646672
10.655354
10.762394
11.170942
11.329134
11.925381
11.409727
11.421566
10.943143
10.888692
11.952534
11.924232
11.984113
12.049002
11.985821
12.051081
12.048706
12.043009
11.952676
12.003817
11.930084
11.926882
11.968121
11.570013
11.452034
11.501814
11.557076
11.44721
11.185687
12.044642
11.609845
12.003554
11.619975
11.488405
11.530819
11.229057
12.049897
12.029531
11.898853
12.020271
11.973231
11.888806
11.982065
11.495147
11.61204
11.372978
11.44935
11.055771
11.160219
11.738589
11.59847
11.56486
11.148487
11.36269
11.245641
11.358629
11.469593
11.54055
11.425613
11.566199
11.447186
11.902608
11.671823
11.904903
11.679775
11.545476
11.655942
11.549651
11.575742
11.658619
10.80048
10.939724
10.956908
10.870649
10.788846
10.893658
10.430873
10.508525
10.531185
10.863704
10.805062
10.71454
10.380659
10.405622
10.355729
10.997374
11.218944
11.039744
10.452015
10.551234
10.499004
10.45797
10.596661
10.752614
10.623793
10.422376
10.57403
11.206464
11.432949
11.212266
10.908673
10.879705
11.660305
11.058381
10.949972
11.020704
10.561186
10.578884
10.739391
10.627576
10.73283
11.702466
11.800926
11.722552
11.787059
11.987363
12.019857
11.996112
12.054329
11.987275
11.982985
11.941878
11.70629
11.951907
11.904872
11.731788
11.277185
11.391153
11.54478
11.509035
11.545634
11.530107
11.439694
10.960387
11.057064
11.191614
11.163103
11.683248
11.110796
11.241313
11.10858
10.806915
10.864636
10.734455
11.390452
11.153405
11.22118
10.946504
11.060006
10.779407
10.940705
11.589556
11.216122
11.072519
12.09496
12.056108
12.051184
12.036276
12.100708
12.019033
12.075137
12.268709
12.126445
12.098405
12.256076
12.107316
11.94878
11.815624
11.775201
11.679668
11.547123
11.5252
11.845939
11.944226
11.806312
11.692621
11.592602
11.667087
11.653715
11.615332
11.679475
11.680809
11.561461
11.444601
11.473858
11.312562
11.60761
11.405014
11.392801
11.286912
11.93513
12.105255
11.894889
12.054526
12.331286
12.127599
12.281161
12.086735
11.750753
11.877432
12.125953
11.5746
11.721694
11.932903
11.489151
11.538466
11.350431
11.468829
11.228859
11.030258
11.061221
11.808907
11.614588
11.320896
11.436542
11.098768
11.108286
11.351212
11.176739
11.853933
11.997963
11.621492
11.836805
11.542454
11.357473
11.568863
12.075861
11.605508
11.802319
11.638953
11.154852
11.206036
11.404324
11.780173
11.791524
11.750697
11.540042
11.733128
11.561293
11.745227
11.461934
11.752473
11.716034
11.405596
10.992064
11.763921
11.201222
11.149977
10.981511
11.132932
10.617655
10.86658
10.9155
10.749393
10.510083
12.043094
12.05155
12.034869
12.010329
11.550889
11.568541
11.154525
11.183574
11.612993
11.679854
11.217425
11.276568
11.364949
11.647294
11.602237
11.205489
11.227685
11.255389
11.301033
11.282687
11.595205
11.620334
11.381831
11.32224
11.709137
11.733989
11.732212
11.728356
11.753764
11.757361
10.858104
11.125922
11.128237
11.09988
11.104047
10.512832
10.705003
10.690486
10.812511
10.92268
10.380616
10.533632
10.363456
10.424258
11.093767
10.468465
10.526461
10.668058
11.175889
11.723895
11.115821
11.167356
10.72092
10.749948
10.715814
10.729725
10.599314
10.734965
10.772943
11.569003
12.00308
11.546574
12.010891
11.87912
11.864609
11.111992
11.451776
11.323219
10.763031
11.049866
11.18938
10.8582
10.594672
10.818062
10.643223
11.158935
11.558325
11.134981
10.894186
11.446236
11.811312
11.429994
11.83818
11.669455
11.627016
11.721627
11.708512
11.871629
11.821088
11.827486
11.850087
11.853266
11.669359
11.887515
11.710293
11.886992
11.904548
11.81266
11.914028
10.793682
10.902727
11.073531
11.008697
10.790465
10.407182
10.483237
10.574906
10.536221
10.41483
10.997345
10.836196
10.775564
10.716352
10.388228
10.520168
10.505493
10.405549
10.375881
11.193707
11.016131
10.915075
11.653542
11.075232
11.098302
11.20493
10.577244
10.492566
10.762522
10.702569
10.611116
11.31858
11.325755
11.292686
11.905418
11.373683
11.410751
10.645061
10.765848
10.860405
10.950582
10.957418
11.266353
11.291024
10.716968
10.693899
10.682292
10.919413
10.873192
11.060616
11.04806
10.49725
10.685023
10.588818
10.565809
10.394555
10.415964
10.437083
10.395409
10.517928
10.488918
12.033141
12.045046
11.870849
11.865211
12.004976
11.742728
11.978747
11.998011
11.734414
11.449424
11.235019
11.324656
11.02162
10.847192
11.334604
11.573746
11.563476
11.112017
10.915985
10.999941
11.321202
11.139067
10.773407
10.836721
11.669844
12.025648
11.696117
12.041533
10.907794
11.182239
10.448472
10.631942
11.299773
11.279601
11.048334
10.512491
10.670979
10.814483
10.775114
11.594792
11.302461
11.603527
11.033747
10.993891
11.263693
10.901701
10.980462
11.254168
11.785292
11.591664
11.808182
11.57805
11.607038
11.542709
11.61037
11.05704
10.960947
11.236467
10.68715
10.613393
10.860712
11.052757
10.915892
10.950644
10.585813
10.522007
10.461494
10.460525
10.408055
11.718477
11.73614
11.499706
11.470611
11.549245
11.625578
11.384782
11.363687
11.203384
11.268529
11.60503
11.172411
11.223246
11.219776
11.367529
11.280559
11.262308
12.063169
12.063693
11.831756
12.013023
12.030468
11.833533
11.982505
11.263571
11.457089
10.872315
11.052369
11.445677
11.266866
11.396092
10.844643
10.993589
11.63232
11.548214
10.985427
11.157191
11.128068
11.98711
11.988858
11.784409
12.003477
11.753618
12.008175
11.764209
11.951665
11.962725
11.725442
11.936491
11.366945
11.491556
11.359865
11.170935
11.144999
11.292076
10.899797
10.997553
10.898801
11.675521
11.3373
11.555226
11.04127
11.136011
11.320358
11.638725
11.24516
11.113111
11.426827
11.375773
11.498363
11.462625
11.020889
11.246497
12.075351
11.954491
12.041122
11.946783
12.076881
11.955209
12.039085
11.948198
11.695567
11.550613
11.621246
11.515037
11.355864
11.218037
11.553629
11.631103
11.366229
11.227046
11.23014
11.934369
11.437923
11.517707
11.440969
11.126537
11.129123
11.993027
11.98478
11.970797
11.950048
11.511757
11.504629
11.899328
11.732754
11.871265
11.741478
11.932304
11.852558
11.931978
11.916963
11.848567
11.917817
11.910404
11.883633
11.242349
11.27508
11.361183
11.373077
11.239747
11.443822
11.407723
10.902199
10.922376
10.997966
11.109257
11.150982
10.694353
10.728641
11.083712
11.179252
10.768437
10.775706
10.665447
10.649678
10.739394
11.135026
10.816725
10.68137
10.727579
10.676449
11.360641
11.346497
10.859903
10.966805
10.842441
11.990492
11.976487
11.655041
11.572853
11.510168
11.265339
11.195029
11.712734
11.398109
11.310491
11.474997
11.227297
11.370872
12.124498
11.813776
12.113387
11.805124
11.805842
12.019657
11.801284
11.98736
11.804228
11.783336
11.78329
11.801811
11.761123
11.419925
11.245919
11.77222
11.229946
11.22481
11.204309
10.959592
10.840798
11.696761
11.435268
11.377675
11.562275
11.106979
10.973095
11.352963
11.137618
11.485546
11.754982
11.416271
11.185351
11.231201
11.4757
11.240378
11.190066
10.847261
10.994567
11.027679
11.966868
11.652423
11.936767
11.978486
11.640056
11.902558
11.25225
11.478203
11.508112
10.936022
11.103086
11.259343
11.267743
11.232838
11.011757
10.770153
10.919835
10.784417
10.791602
11.518013
11.102054
10.949868
11.164704
11.208982
11.444435
10.959406
10.963089
11.1704
11.992372
11.576684
11.971165
11.570575
11.339336
11.002179
10.873496
10.614806
11.213586
11.528912
11.170527
11.035927
10.917224
10.884126
10.743424
10.52582
10.666628
11.553352
11.858376
11.57284
11.842882
11.885069
11.824171
11.890504
10.782538
10.88949
11.013199
10.361192
10.414306
10.500286
10.999796
11.093198
10.904777
10.408956
10.529276
10.559037
10.605974
10.462437
10.531195
10.631764
11.082396
11.323793
11.371417
10.702642
10.757667
11.949697
11.95039
11.920848
11.993179
11.922553
11.90767
11.997341
11.545819
11.501998
11.535362
11.232441
11.176311
11.186848
11.496651
11.193349
11.116442
11.492862
11.453005
11.402978
11.108227
11.131484
11.100448
11.463495
11.52892
11.151891
11.160222
11.125279
11.139627
11.851606
12.000446
11.870712
11.968171
11.103409
11.253372
11.219863
10.630372
10.742375
10.730892
11.440289
11.321056
11.404935
10.755886
11.013316
11.572077
11.531227
10.848503
10.977079
11.120059
11.246208
10.961008
10.971703
11.255818
11.969236
11.873382
11.948368
11.901238
11.427305
11.249672
11.310123
11.488798
11.082576
10.942757
10.988768
11.209653
11.248983
11.410646
11.375303
11.022087
10.909118
10.864351
10.894384
11.046141
11.186974
11.0811
10.757912
10.631267
10.742907
10.652159
11.137401
10.783966
10.825022
10.762661
10.653009
10.675334
10.713426
11.257948
10.897165
10.920768
10.789592
10.814986
10.770732
10.695491
10.73494
10.812723
11.77483
11.760005
11.601039
11.327955
11.345029
11.293173
11.052201
11.061429
11.459522
11.373222
11.213989
11.229989
11.184326
11.12762
10.926346
11.006975
10.840515
10.934054
10.931828
10.836148
11.428027
11.107209
11.022386
10.756722
11.17528
11.094937
10.80756
10.886631
10.58912
10.648254
12.007832
12.067153
12.029362
12.075432
11.984355
11.700846
11.986195
11.675906
11.3131
11.592211
11.976046
11.571404
11.515062
11.262301
10.990941
11.221643
11.369248
11.049749
10.817985
10.85834
11.604002
11.661869
11.021132
11.264501
11.073613
12.024645
12.007201
11.76325
11.807885
11.519627
11.571615
11.628209
11.561523
11.363694
11.247466
11.395225
11.449733
11.282294
11.922123
11.916084
11.907949
11.91666
11.451546
11.354118
11.046968
10.941621
11.502471
11.473745
11.165588
11.184531
11.148283
11.435815
11.402549
11.400824
11.110847
11.058272
11.400693
11.042442
10.973489
11.088783
11.066975
11.047692
11.917088
11.932646
11.911148
11.966993
11.43691
11.241207
11.070098
10.915606
11.245021
11.426547
11.404472
11.425907
11.044372
10.900727
11.048717
11.224546
10.891574
10.752163
10.759309
10.890083
10.743966
11.478902
11.070521
10.903905
11.670356
11.851662
11.665571
11.881298
11.216664
11.393909
11.466603
10.883992
11.031816
11.12012
11.180101
11.215317
11.0334
10.741487
10.861849
10.731717
10.749642
11.330572
11.172662
11.341071
10.834035
10.833082
10.940257
11.418428
10.996598
11.058423
10.859572
10.946108
11.01506
11.15509
11.085667
11.805864
11.807721
11.576038
11.768927
11.782885
11.591183
11.74477
11.082804
11.268231
11.3997
10.721574
10.870074
10.975883
11.065204
10.909963
11.02646
10.597193
10.599574
11.363084
11.242771
11.16789
10.713247
10.852397
10.706925
10.928582
10.951484
11.083254
11.053663
11.280356
11.314688
10.9792
10.987005
11.056009
10.790274
10.781963
10.614052
10.824714
10.636679
11.775771
11.889082
11.74929
11.899424
11.207343
11.29695
11.178882
11.262518
10.821442
10.868389
11.242875
10.809563
10.836487
10.808779
11.375175
10.922555
10.875365
11.381733
11.471303
11.403595
10.988429
11.063053
11.008097
11.478792
11.414167
10.987133
10.99767
11.082536
11.034931
11.048539
11.115932
11.136497
11.00817
11.036536
10.998978
11.049711
10.560305
10.600472
11.07549
11.217409
10.593865
10.64192
10.740001
11.2732
10.616905
10.681713
10.688627
10.765603
10.838717
10.867597
10.919751
10.844202
10.769883
10.628085
10.757117
10.650165
10.365915
10.322022
10.243509
10.313915
10.254972
11.017326
10.885566
11.292833
10.523986
10.456316
10.639589
10.569871
10.850902
10.948864
11.189919
10.420916
10.415375
10.57819
10.549063
10.698158
10.628995
10.378884
10.281546
10.447107
10.257064
10.827312
10.425311
10.348132
10.56615
10.497367
10.752913
10.982486
10.88873
10.237391
10.282267
10.24718
10.406952
13.040071
13.076133
13.061406
13.060207
12.861028
12.904208
12.718298
12.904466
12.855916
12.722345
12.74771
12.711854
12.716796
12.912736
12.761157
12.598261
12.568708
12.434454
12.692473
12.509372
12.51224
12.387719
12.926043
12.747872
12.971019
12.832341
12.782475
12.542149
12.593857
12.881866
12.806351
12.703189
12.757753
12.653426
12.473852
12.554717
12.832006
12.637381
12.680407
12.529178
12.407082
12.233075
12.113694
12.315777
12.325633
12.376885
12.144054
12.6782
12.55284
12.496625
12.386362
12.567253
12.40621
12.411572
12.468946
12.369135
12.202897
12.29196
12.159804
12.170437
12.10486
13.056049
13.096947
12.844978
12.655936
12.844829
12.898609
12.898247
12.68582
12.756258
12.660406
12.660023
12.450293
12.314241
12.695224
12.483808
12.5102
12.537922
12.340163
13.246835
13.263322
13.051665
13.084431
12.889785
12.920307
13.031177
12.888966
12.720668
12.85416
12.785693
12.485507
12.599349
12.40326
12.866597
12.673019
12.667519
12.469269
13.219295
13.191092
13.081642
13.086704
12.902891
12.938079
13.056918
13.045858
12.881123
12.880537
12.690422
12.723917
12.542912
12.815706
12.904338
12.694016
12.654273
12.524274
13.109206
13.076919
13.005416
12.857488
12.960086
12.990573
12.939314
12.785749
12.834544
12.797655
12.75275
12.598614
12.468261
12.837365
12.633486
12.636547
12.635527
12.47003
12.932695
12.900295
12.804413
12.757775
12.902676
12.74739
12.745143
12.762249
12.627995
12.59542
12.457386
12.611071
12.571885
12.441671
12.997498
13.033126
13.108293
13.096467
12.855968
12.81135
12.72153
12.663014
12.831757
12.950268
12.942847
12.677327
12.780002
12.602549
12.733537
12.685664
12.492134
12.467799
12.569001
12.263522
12.368028
12.850236
12.613188
12.465023
12.424433
12.245913
12.825241
12.661816
12.46094
12.876212
12.692884
12.922958
12.749372
12.779732
12.458102
12.506695
13.039812
12.901396
12.990279
12.814421
12.851226
12.670292
12.63671
13.336672
13.308754
13.040315
13.179398
12.865177
13.009435
12.967342
12.67145
12.624247
13.147973
13.0439
12.792037
12.893748
12.714885
13.127522
12.984557
13.046598
12.941683
12.836644
13.160641
12.948412
13.045352
12.879515
12.778859
12.905309
13.079295
12.927393
13.061017
12.895525
12.908367
12.660648
12.642515
13.187096
13.138858
12.959915
12.828685
13.045001
12.918767
12.801713
12.862772
12.752884
12.798503
13.007708
12.853459
12.70928
12.625101
12.505494
12.537818
12.50347
12.409518
12.926774
12.768793
12.953619
12.819352
12.782697
12.638694
12.662689
12.520233
12.539214
12.689549
12.37236
12.389811
12.540159
12.782122
12.625557
12.713758
12.478168
12.264023
12.265576
12.628973
12.314605
12.33889
12.317859
12.457012
12.463309
12.569811
12.664659
12.55066
12.592515
12.428901
12.73262
12.695059
12.557701
12.353336
12.516757
12.002236
11.967378
11.913449
11.870352
12.02636
11.923387
11.981864
12.142955
12.477185
12.092527
12.220504
12.558381
11.958769
11.853629
11.997515
11.732854
11.699639
11.631971
11.753503
12.164664
11.854108
12.103243
11.99043
12.091915
11.752958
11.69774
11.763159
11.883224
11.631739
11.786957
11.772904
11.843386
12.311987
11.913137
11.953165
12.1516
11.970121
12.287762
12.174714
12.505305
12.058236
12.130037
12.381425
11.888237
12.023902
11.790694
11.927718
12.088318
12.396932
12.187706
12.524711
11.950019
12.041521
11.908969
11.782794
11.916554
11.844432
11.563341
11.767804
12.039107
11.633632
11.493576
11.623728
12.015636
11.680113
11.748966
11.5593
11.706427
11.755382
12.342134
11.870671
11.940455
11.678318
11.590762
11.63188
11.539858
11.829937
11.882957
11.746678
11.636589
11.579183
11.7149
11.62729
11.663683
11.549961
11.512453
11.538509
11.381462
11.375663
11.470262
11.818844
11.660931
11.568781
11.4557
11.531145
11.344378
11.418628
11.420649
11.298026
11.281643
11.204559
11.367313
11.295096
11.353339
11.382585
11.248754
11.220309
11.161472
11.657946
11.633138
11.610072
11.587477
11.753356
11.810269
11.670077
11.661078
11.722422
11.642006
11.639394
11.590203
11.455233
11.418769
11.535321
11.444076
11.396536
11.257399
11.220762
11.554086
11.464273
11.392766
11.442589
11.403158
11.396087
11.345031
11.234398
11.305479
11.22536
11.610374
11.36245
11.40116
11.395983
11.21397
11.178025
11.206944
11.557415
11.496256
11.533481
11.471395
11.605115
11.530495
11.615173
11.572129
11.56882
11.56658
11.543072
11.556841
11.535823
11.32373
11.329187
11.160621
11.147617
11.373354
11.29778
11.341549
11.3458
11.317392
11.365552
11.167998
11.11743
11.165898
11.328915
11.599343
11.382582
11.353294
11.343004
11.165348
11.135389
11.158065
11.257741
11.359151
11.300276
11.11341
11.077126
11.096797
11.118516
11.047426
11.252324
11.104723
11.106025
11.128085
11.051938
11.534666
11.51502
11.504996
11.486256
11.568656
11.593213
11.53236
11.554558
11.520869
11.356462
11.327679
11.323382
11.185551
11.501908
11.29242
11.355212
11.319585
11.168734
11.495655
11.434262
11.480737
11.42068
11.501101
11.483973
11.492547
11.520502
11.509855
11.532165
11.297138
11.308297
11.280643
11.32415
11.343543
11.145497
11.215458
11.107393
11.448396
11.360267
11.43629
11.350364
11.475494
11.492949
11.453123
11.368143
11.468604
11.447895
11.36693
11.270656
11.272975
11.19368
11.238104
11.181481
11.082805
11.097541
11.025488
11.295258
11.110295
11.119987
11.152527
11.180793
11.289864
11.265232
11.108912
11.032455
11.136756
11.01877
11.356636
11.097332
11.183805
11.114553
10.965804
10.948778
11.415558
11.390591
11.315329
11.409666
11.385999
11.308469
11.470642
11.476905
11.458366
11.383408
11.378579
11.451346
11.374844
11.266987
11.22392
11.177906
11.490729
11.307453
11.292667
11.220323
11.129444
11.068031
11.041592
11.206155
11.130918
11.091874
11.017165
11.023141
10.965869
11.142474
11.202322
11.019439
10.969466
10.973031
11.11861
11.154935
11.11217
11.155296
11.006773
10.930416
11.135359
11.051882
10.98355
10.944628
10.905931
10.915697
10.894883
11.422535
11.334608
11.419213
11.328021
11.347545
11.356264
11.340059
11.347458
11.340984
11.227913
11.17216
11.048832
11.014201
11.169082
11.228965
11.163643
11.052647
11.012697
11.332861
11.081528
11.104897
11.098001
11.012157
10.956205
10.951045
11.408291
11.378146
11.247162
11.40573
11.374129
11.244358
11.374235
11.369931
11.369324
11.364999
11.359328
11.201988
11.081197
11.20494
11.015734
10.922019
11.076325
11.129501
11.012274
10.915444
10.967141
11.068392
11.107267
11.146203
11.065038
11.390954
11.150567
11.145294
10.896742
10.92533
11.001649
11.078573
10.955779
10.918082
10.82452
10.821501
10.864233
10.822279
10.766395
10.908846
10.855232
10.888559
10.802455
11.413871
11.415128
11.41114
11.414579
11.414055
11.326855
11.415033
11.3345
11.412642
11.41284
11.411399
11.243786
11.159671
11.223686
11.241753
11.083847
11.00919
11.146597
11.411374
11.224616
11.231482
11.158282
11.230272
11.082383
10.987115
11.090929
11.011105
10.945824
10.927059
11.403325
11.373718
11.216255
11.403427
11.373569
11.216964
11.363413
11.360974
11.356781
11.355181
11.363485
11.363259
11.356266
11.076681
11.057663
11.202519
10.920128
10.906623
11.142654
11.061004
11.034991
11.144864
11.034796
11.383828
11.142994
11.142269
10.939091
10.890313
10.865154
11.062374
11.140448
11.140639
10.938799
10.890651
10.892923
10.932699
10.822164
10.816324
10.795781
10.819211
10.7119
11.057201
10.913288
10.806897
10.791524
10.775844
10.695925
11.32022
11.375226
11.319797
11.37597
11.411326
11.410447
11.408024
11.375355
11.408035
11.40496
11.37824
11.240247
11.143675
11.081392
10.98474
11.164285
11.19354
11.230531
11.227349
11.08167
11.014651
11.017447
11.028934
11.132186
11.069847
11.13138
10.920728
10.95063
10.921374
11.375423
11.164253
11.200645
11.175066
10.98981
11.004347
10.962524
11.388795
11.377485
11.390152
11.379617
11.362704
11.355833
11.361819
11.37857
11.380477
11.353714
11.38463
11.189883
11.057001
11.008382
10.905547
11.035204
11.158381
11.382338
11.141635
11.140686
11.16499
10.864776
10.959395
11.046527
11.193252
11.178616
10.999194
10.896889
10.887892
11.020777
11.035875
10.791215
10.776027
10.872999
10.783603
10.775998
11.194592
11.168303
11.184329
10.97487
10.896498
11.019001
10.87754
11.374093
11.375815
11.37627
11.375161
11.376056
11.378154
11.376156
11.377971
11.377812
11.113562
11.176759
11.16281
11.177344
10.935716
10.999954
11.131099
10.896596
10.959136
10.919722
11.375632
11.164303
11.17528
11.175674
11.001322
10.961759
11.370307
11.381867
11.373336
11.382434
11.38311
11.386703
11.383381
11.383639
11.387209
11.161307
11.196148
10.975528
11.021614
11.177737
11.146643
10.960995
11.006532
10.992114
11.179498
11.171064
11.41379
11.186699
11.186226
11.020606
11.006674
11.380611
11.364148
11.382245
11.367689
11.374512
11.357718
11.376752
11.356552
11.36089
11.360101
11.364053
11.178636
11.168091
11.166989
11.170105
11.001469
10.993238
11.150047
11.174701
11.001981
10.991534
10.968514
11.364548
11.140677
11.158554
11.143318
11.146722
10.981477
10.956416
11.380272
11.378845
11.200867
11.38525
11.385603
11.207189
11.385072
11.360968
11.388696
11.352574
11.366966
11.374032
11.365421
11.18218
11.013523
11.154465
10.995147
10.84786
11.156545
11.015747
11.186915
11.161337
11.008449
10.971896
10.858767
11.009796
11.146787
11.016362
11.38286
11.136002
11.141452
10.954394
10.842088
11.017851
10.883312
10.865823
10.7421
10.850124
10.74261
10.741597
11.368297
11.375652
11.376348
11.380722
11.36868
11.368234
11.373089
11.372478
11.377692
11.150976
11.173056
10.965912
10.995244
11.154254
11.143779
11.15985
10.954264
10.967878
11.377629
11.148775
11.15066
11.155129
10.980709
10.984523
10.96909
11.474098
11.415948
11.317342
11.492726
11.431595
11.334025
11.381677
11.373326
11.460645
11.391185
11.478998
11.467395
11.393256
11.212572
11.160392
11.298283
11.178179
11.290599
11.056148
11.032043
11.167346
11.023227
10.962123
10.851598
11.0362
11.110815
11.191844
10.970296
10.861114
10.873041
10.936354
11.024415
11.104793
11.405893
11.149438
11.220412
11.158664
10.997629
10.973687
10.850335
10.922265
10.959287
10.74709
10.759718
10.749081
10.811873
10.702441
11.125135
11.050929
10.932087
10.818536
10.884006
10.88199
10.762432
11.396398
11.437205
11.408358
11.452809
11.384015
11.416413
11.383698
11.412658
11.429534
11.425471
11.440056
11.167419
11.200726
11.163229
11.213057
10.975268
11.006156
11.182131
11.1602
10.974704
11.001609
10.974809
11.444709
11.231382
11.185983
11.217189
11.231048
11.03353
11.002541
11.539675
11.525192
11.570886
11.563169
11.500762
11.488652
11.525702
11.553288
11.542121
11.338499
11.199368
11.348385
11.369828
11.538838
11.313438
11.34279
11.187798
11.055067
11.250748
11.142023
11.035419
10.950779
11.185337
11.338546
11.183469
11.08284
10.991785
11.040808
11.065558
10.952928
10.90059
10.943307
11.520517
11.477349
11.551479
11.515407
11.46357
11.458228
11.484631
11.461907
11.47902
11.503223
11.485434
11.2319
11.227642
11.011563
11.018089
11.292359
11.279246
11.322132
11.311969
11.062869
11.130519
11.127714
11.229465
11.249338
11.269198
11.071199
11.048301
11.107719
11.098
11.039658
11.49854
11.26307
11.252636
11.252974
11.102281
11.039005
11.732929
11.839033
11.596765
11.825781
11.916455
11.677092
11.591136
11.732347
11.576458
11.693755
11.787675
11.855787
11.809616
11.430606
11.399582
11.587137
11.295061
11.299836
11.513843
11.407087
11.320776
11.372956
11.48564
11.286028
11.219995
11.132932
11.465139
11.72007
11.537596
11.775765
11.602433
11.668372
11.399489
11.385455
11.338368
11.230941
11.219866
11.166242
11.162936
11.481969
11.357115
11.223306
11.207388
11.253774
11.10892
11.245344
11.134279
11.667438
11.610432
11.7351
11.669505
11.541638
11.526825
11.593202
11.576215
11.635258
11.375254
11.35053
11.168753
11.161225
11.383668
11.481424
11.442769
11.206753
11.241593
11.650735
11.361362
11.297142
11.351141
11.191994
11.142579
11.187298
12.032105
12.185611
12.144796
12.327747
12.187709
12.22466
12.376878
12.350733
12.413194
11.945799
11.890132
12.097819
12.040607
12.238692
12.155367
12.07978
11.835137
11.579533
11.789901
11.630724
11.39708
11.992916
11.853739
11.681642
12.117497
12.173
12.027643
11.974908
11.772547
11.646585
11.698738
11.954864
12.142977
12.19364
11.800503
11.52754
11.996881
11.681535
11.624483
12.010481
11.740335
11.910295
11.840838
11.661497
11.533808
11.466123
11.296753
11.674876
11.400879
11.414165
11.328235
11.890702
12.017901
11.978131
12.12318
12.02026
12.136519
11.717071
11.893532
11.700025
11.868342
11.511412
11.6893
11.633952
11.780449
11.309047
11.482073
11.582374
11.410741
11.248207
11.404398
11.299753
12.125546
11.890452
12.014214
11.900932
11.56373
11.756512
11.599783
11.476699
12.245848
12.257307
11.941184
12.13153
11.827019
12.033845
11.88177
11.606907
11.7866
11.570773
12.024194
11.945604
11.703906
12.5276
12.574292
12.111706
12.088691
11.756418
11.745566
12.339228
11.947395
11.95931
12.183917
12.365224
11.940076
12.186606
12.623327
12.664358
12.575362
12.572798
12.468475
12.522091
12.360478
12.443601
12.346232
12.316383
12.43289
12.453304
12.384544
12.260085
12.237904
12.776147
12.74965
12.728692
12.711434
12.577349
12.430661
12.607539
12.64193
12.630139
12.485526
12.495793
12.572473
12.581867
12.527638
12.452149
12.361055
12.393919
12.430308
12.387284
12.540651
12.405737
12.388059
12.707539
12.698759
12.58893
12.470511
12.577671
12.583484
12.449362
12.504023
12.45327
12.366857
12.358603
12.424463
12.552602
12.316843
12.420841
12.369286
12.424083
12.185673
12.294571
12.169908
12.222749
12.203942
12.360508
12.300959
12.563115
12.602966
12.56747
12.547633
12.410506
12.30316
12.452862
12.391136
12.440762
12.321889
12.270212
12.336493
12.357193
12.235066
12.142982
12.455567
12.341022
12.276248
12.17169
12.203683
12.157619
12.116162
12.428373
12.445369
12.487398
12.384084
12.339721
12.25907
12.291856
12.407546
12.297857
12.186002
12.304515
12.295619
12.220851
12.070494
12.10389
12.318602
12.026295
11.894131
12.000671
11.756875
12.152137
12.066623
12.08879
11.995967
11.839576
11.847991
11.940979
11.764084
11.854873
12.051055
12.143466
12.172441
12.261762
12.087437
12.138961
11.991823
11.898673
11.946096
11.798054
11.611271
11.82385
11.910865
11.620243
11.698067
11.753087
12.201083
11.964156
12.059043
11.910151
11.812033
11.679613
12.777014
12.764684
12.669279
12.632884
12.603819
12.66681
12.673268
12.507847
12.556621
12.549403
12.465754
12.406779
12.491596
12.525398
12.391655
12.317825
12.384454
12.263014
12.2428
12.521543
12.407092
12.284709
11.584076
11.543399
11.816619
11.813975
11.857472
11.825081
11.625089
11.75527
11.579712
11.621553
11.708553
11.609475
11.439736
11.428702
11.516815
11.325127
11.316046
11.507191
11.643113
11.715915
11.67005
11.574981
11.434956
11.546633
11.379111
11.520131
11.33055
11.387384
11.391695
11.235323
11.288894
11.405071
11.174953
11.288504
11.232888
11.20511
11.152917
11.787983
11.621522
11.500845
11.564061
11.486877
11.378372
12.464149
12.447652
12.334334
12.207178
12.324925
12.371289
12.202393
12.278602
12.074341
11.915835
11.729251
12.33335
12.073948
12.239308
11.941367
11.976713
11.991631
11.744259
12.461024
12.744835
12.52648
12.839909
12.324483
12.257167
12.037848
12.24672
11.740681
11.921003
12.326502
12.405662
12.15955
12.02558
11.799256
12.000856
12.05208
12.423122
12.7013
12.21202
12.288559
12.138078
12.024888
12.272741
11.997904
11.885257
12.139975
12.30928
12.198684
12.153628
11.804541
11.717114
11.662001
11.732476
11.474706
12.001333
11.88436
11.58167
11.744882
11.437311
11.49183
12.166008
11.924164
11.946689
11.604307
11.493662
11.471543
11.483647
11.458497
11.503431
11.566591
11.523803
11.588511
11.500182
11.524443
11.489876
11.497161
11.502687
11.542144
11.518691
11.53952
11.330031
11.360586
11.319948
11.316494
11.337965
11.183624
11.192819
11.379868
11.285629
11.320415
11.398923
11.172165
11.226069
11.563895
11.405115
11.352769
11.36011
11.380438
11.220988
11.208662
11.253522
11.779316
11.672158
11.933607
11.694409
11.592205
11.852994
12.047532
12.069913
11.954217
11.97595
11.885845
11.537683
11.495634
11.442997
11.348209
11.624601
11.363922
11.533643
11.310276
11.364909
11.867325
11.723025
11.830164
11.73549
11.482636
11.363095
11.453833
11.357599
11.449836
11.480628
11.487226
11.470927
11.450583
11.446435
11.468616
11.445366
11.305271
11.230131
11.292893
11.504275
11.329009
11.31849
11.296897
11.171223
11.099218
11.142418
11.199577
11.157524
11.086724
11.054297
11.217698
11.127371
11.022749
11.085148
10.992653
11.012989
11.212391
11.271623
11.277472
11.124398
11.072
11.549305
11.579911
11.515809
11.544371
11.795156
11.808552
11.569133
11.730785
11.74219
11.551848
11.681807
11.360368
11.375086
11.251093
11.196569
11.269934
11.363662
11.473215
11.531692
11.286469
11.312669
11.439734
11.059236
11.141002
11.217197
11.310638
11.454636
11.213823
11.168681
11.080068
11.212171
11.119619
11.271263
11.328292
11.334823
11.16103
11.101419
11.161814
11.122573
11.656179
11.58395
11.358074
11.392309
11.353027
11.443546
11.352519
11.441466
11.439667
11.43686
11.433918
11.443344
11.437568
11.441922
11.121477
11.209015
11.121649
10.926763
11.007472
11.207998
10.927375
11.00779
11.20735
11.265087
11.269288
11.273481
11.007355
11.068329
11.067468
11.462299
11.487841
11.441273
11.46531
11.500729
11.517398
11.474223
11.488755
11.464542
11.297854
11.451587
11.233395
11.280969
11.254792
11.11045
11.272338
11.275719
11.129654
11.351281
11.393419
11.350227
11.394217
11.434208
11.393575
11.430921
11.396379
11.393451
11.394331
11.396363
11.206353
11.163831
11.11937
11.006121
10.967577
11.224379
11.266361
11.23292
11.066304
11.068848
11.163348
11.188129
11.421179
11.200047
11.200088
11.0304
10.995161
11.037654
11.318982
11.359639
11.311255
11.352
11.432243
11.443895
11.414826
11.323947
11.425545
11.410054
11.322211
11.250719
11.128244
11.177297
11.232638
11.213642
11.084991
10.963658
11.013351
11.174962
11.102984
11.014035
11.101231
11.315229
11.044066
11.131697
11.058737
10.895148
10.942903
10.880791
11.092544
11.101414
11.026496
10.962536
10.947262
10.900911
11.395991
11.394529
11.39608
11.394386
11.395763
11.397448
11.395557
11.39638
11.397231
11.164155
11.15351
10.967183
10.952577
11.210393
11.190941
11.210876
11.422389
11.201697
11.201366
10.996095
11.043186
11.183331
11.004588
10.976221
11.037622
11.415612
11.412598
11.413451
11.409344
11.307358
11.41055
11.313472
11.406989
11.406118
11.402043
11.397958
11.136932
11.156663
11.238967
11.221582
11.23563
10.985951
10.990648
11.077541
11.085693
11.118479
11.049489
10.90724
10.982784
10.872727
10.883387
10.937581
10.934524
10.89346
11.402391
11.20259
11.125344
11.206091
11.20163
11.064473
10.947538
11.353039
11.441959
11.359724
11.45055
11.396157
11.417971
11.398151
11.404292
11.423121
11.43162
11.414785
11.04119
11.055191
11.013669
11.070244
10.778025
10.795028
10.761348
10.801338
11.211285
11.216536
11.203054
11.214805
10.885772
10.909354
11.043754
11.027645
11.149721
10.902794
10.872916
11.038124
10.971875
11.201837
11.121354
10.841381
10.900803
10.947698
11.005493
11.209701
11.243548
11.434316
11.222368
11.226654
10.905477
10.923105
11.039611
11.050461
11.40916
11.390485
11.406787
11.390529
11.399263
11.394558
11.390979
11.395956
11.390872
11.394019
11.388848
11.214922
11.232821
11.217113
11.213265
11.055205
11.074526
11.192652
11.390415
11.184862
11.196555
11.196619
11.039258
11.007386
11.19802
11.195578
11.050695
11.06067
11.009909
11.375814
11.472757
11.386332
11.487624
11.439333
11.422308
11.447479
11.463239
11.478407
11.438984
11.469743
11.218646
11.216552
11.137446
11.014815
11.012643
11.269787
11.454617
11.235163
11.24243
11.271049
11.059503
11.081942
11.228389
11.299208
11.296806
11.070568
11.080582
11.106309
11.389338
11.382924
11.387278
11.382256
11.391095
11.394119
11.390708
11.393366
11.393264
11.212285
11.193025
11.053089
11.026774
11.195754
11.388972
11.184227
11.197375
11.197668
11.038685
11.036695
11.026744
11.195487
11.171136
11.005712
11.019332
11.503255
11.524741
11.531342
11.548128
11.495256
11.486271
11.512524
11.532502
11.521837
11.21442
11.31709
11.315954
11.058446
11.1584
11.242945
10.996175
11.02542
11.340732
11.336975
11.526117
11.315158
11.33222
11.087765
11.165595
11.096245
11.361912
11.400274
11.36659
11.405523
11.386776
11.400534
11.391867
11.385354
11.397267
11.401846
11.386246
11.401802
11.388331
10.989759
10.988971
10.973295
10.996964
11.01595
10.704876
10.704974
10.694287
10.712199
10.726847
11.19512
11.20394
11.196462
10.843334
10.862227
11.026848
11.019107
11.153649
10.852426
10.838829
11.019765
10.971878
11.186029
11.139247
11.190273
10.82679
10.814592
10.958118
11.00005
11.210911
11.402363
11.205098
11.212736
11.208387
10.847563
10.858688
11.02925
11.030793
11.201851
11.192224
11.193739
10.868701
10.87187
11.020269
11.023941
11.709263
11.768395
11.605348
11.560074
11.586164
11.546029
11.690273
11.643452
11.742188
11.725231
11.663289
11.441436
11.417377
11.368474
11.25326
11.232661
11.185751
11.493691
11.597106
11.589035
11.350116
11.312797
11.396907
11.402753
11.643974
11.43472
11.53233
11.47795
11.278288
11.230534
11.344903
11.247345
11.39052
11.352449
11.189172
11.205448
11.375438
11.415607
11.380389
11.421628
11.407566
11.406819
11.412541
11.412395
11.41724
11.194786
11.147795
11.199857
11.003988
11.418625
11.216653
11.217731
11.222301
11.034064
11.918284
12.013673
11.809938
11.784515
11.881237
11.959427
11.925215
11.751529
11.876388
11.649938
11.735104
11.423722
11.462072
11.438154
11.479127
11.425876
11.424388
11.43229
11.448159
11.431827
11.439224
11.452486
11.205944
11.176586
11.009188
10.9726
11.227183
11.238324
11.229523
11.235718
11.040445
11.02993
11.059551
11.055152
11.255633
11.21861
11.270915
10.998483
11.054769
11.087916
11.46442
11.274818
11.247301
11.265107
11.081613
11.07068
11.108564
12.108014
12.217861
11.966866
12.079383
12.434355
12.48947
12.281765
12.1337
12.190228
12.123919
11.858841
11.915923
11.963446
11.998309
12.357546
12.210061
12.055938
11.961302
11.47523
11.520742
11.498801
11.546191
11.483987
11.471334
11.504209
11.49029
11.513069
11.289056
11.254293
11.310402
11.10478
11.528495
11.319043
11.285415
11.306421
11.127688
11.564167
11.662072
11.620748
11.719744
11.557342
11.585619
11.540188
11.560736
11.630736
11.602792
11.652707
11.267164
11.335321
11.055211
11.125781
11.324905
11.370426
11.326501
11.42353
11.061275
11.123693
11.176917
11.374471
11.332976
11.117156
11.151022
11.144584
11.182769
11.164259
11.685817
11.468514
11.354638
11.388684
11.437843
11.232427
11.199294
12.004239
12.052196
11.908766
11.749063
11.857709
11.712847
11.534158
11.644928
11.486334
11.278315
11.38268
11.23546
11.824606
11.448783
11.756287
11.684354
11.971158
11.911728
11.801505
11.636844
11.550366
11.603248
11.80445
11.605166
11.497454
11.435338
11.292
11.443839
12.446028
12.59039
12.313523
12.450817
12.644626
12.503831
12.546306
12.361021
12.499799
12.075709
12.029898
12.130919
12.685401
12.218691
12.34267
12.394862
12.162285
12.304779
12.4678
12.390553
12.599958
12.608212
12.573977
12.325658
12.548187
12.211006
12.399725
12.333887
12.498463
12.481985
12.226645
12.364795
12.272956
12.242734
12.212809
11.95027
11.957429
12.119852
11.906519
11.895213
12.13938
12.311846
12.080773
12.302882
12.197456
12.004882
12.374318
12.229697
12.428634
12.288702
12.330347
12.083084
12.149473
11.588357
11.563649
11.543235
11.615655
11.590366
11.58066
11.620343
11.315069
11.421642
11.141481
11.245924
11.36984
11.345288
11.398762
11.128735
11.177928
11.404482
11.431261
11.208065
11.275629
11.22067
12.648776
12.622258
12.513338
12.564396
12.40835
12.443813
12.536951
12.487745
12.519044
12.400176
12.361637
12.483515
12.486706
12.361662
12.33517
12.485156
12.373813
12.32182
12.341852
12.29874
12.310682
12.312982
12.363398
12.364502
12.326504
12.639663
12.663792
12.416687
12.306159
12.426759
12.496507
12.524557
12.326797
12.37954
12.410809
12.304726
12.208843
12.224301
12.295847
12.215961
12.517848
12.359542
12.29624
12.59234
12.483187
12.497792
12.376234
12.540322
12.460252
12.400187
12.462085
12.437626
12.356027
12.37735
12.337311
12.237337
12.252386
12.194978
12.32711
12.201769
12.352437
12.066316
12.096536
12.116335
12.016074
12.016158
11.939421
12.168857
11.824892
12.095455
11.920765
12.019894
11.816477
11.862183
11.695717
11.684278
11.774375
12.063015
11.955162
12.091107
11.856972
11.71798
11.837103
12.25913
11.912176
12.158944
11.826601
11.963132
11.993689
12.475932
12.443126
12.357504
12.316921
12.484592
12.374692
12.375118
12.428648
12.322119
12.296076
12.330519
12.291731
12.24272
12.253014
11.990667
11.900929
12.129583
12.163496
12.027293
12.06614
11.968082
11.931352
11.734148
11.885009
11.780917
12.165938
12.187509
12.096968
12.183232
12.087552
12.169253
12.022214
12.021261
11.941898
12.043716
12.06048
11.976055
11.980432
11.982188
11.949082
11.904105
11.865015
11.946508
11.783391
11.801903
11.718882
11.685147
12.01349
12.057912
11.829522
11.920253
12.088079
11.978802
11.83007
11.857732
11.788171
11.734224
11.859739
12.107648
12.020559
12.352308
12.342428
12.124193
12.242017
12.243407
12.052349
12.13394
12.090798
12.092845
12.030527
11.851014
11.881935
12.003381
11.843655
11.855248
12.292999
12.01266
12.03618
12.249063
12.252705
12.127715
12.011041
12.236191
11.433487
11.48579
11.438016
11.490071
11.372368
11.401989
11.371697
11.40194
11.370176
11.478748
11.369956
11.369961
11.476215
11.481911
11.478581
11.483363
11.210951
11.239621
11.191249
11.146898
11.190295
11.157521
11.019036
11.033108
11.003662
11.309058
11.223905
11.255513
11.313197
11.065506
11.04527
11.153348
11.066951
11.485687
11.342767
11.248432
11.346259
11.351025
11.10125
11.11497
11.191085
11.194514
11.023126
11.03966
12.085523
12.207203
11.988673
12.099796
12.370071
12.412925
12.263158
12.147941
12.199073
12.090389
11.848417
11.899821
11.974369
12.07867
12.319977
12.25836
12.145939
12.02404
11.991419
11.893526
12.152286
12.198525
12.04402
11.941739
11.987619
11.828757
12.106733
12.013704
11.894043
11.485999
11.468503
11.476978
11.46071
11.498177
11.516752
11.474797
11.466649
11.473709
11.504624
11.484721
11.482639
11.528897
11.494317
11.325104
11.326576
11.314755
11.178204
11.183579
11.306573
11.522591
11.336073
11.365042
11.342302
11.181574
11.164014
11.317034
11.288601
11.309483
11.320441
11.176443
11.172425
11.149554
11.772463
11.715244
11.81308
11.749186
11.788076
12.046412
11.877272
11.852616
12.090839
11.916587
11.869525
11.683189
11.785257
11.577216
11.762663
12.02251
11.815252
11.898174
11.753094
11.5462
11.599239
11.655518
11.673357
11.495894
11.562156
11.489831
11.48698
11.494099
11.458544
11.489648
11.494314
11.465045
11.282266
11.308923
11.137301
11.173775
11.317668
11.281007
11.117495
11.148559
11.157737
11.125126
11.31346
11.354777
11.35972
11.195287
11.164517
11.180504
11.329999
11.302399
11.163714
11.135594
11.154339
11.371357
11.401868
11.371541
11.401653
11.370176
11.370373
11.369819
11.370248
11.370863
11.189939
11.145986
11.190007
11.394874
11.156943
11.156453
11.00244
11.194599
11.022524
11.75239
11.690977
11.852719
11.884096
11.783061
11.813275
11.746345
11.716981
11.576558
11.696568
11.61928
11.39691
11.401587
11.371282
11.410471
11.416022
11.372909
11.431146
11.370412
11.371481
11.371278
11.190538
11.17222
11.157073
11.196916
11.157058
11.003223
10.981848
11.195099
11.023384
11.016139
11.019487
11.194915
11.230178
11.003971
11.021862
11.505826
11.574095
11.479892
11.547105
11.660259
11.618232
11.685493
11.6318
11.586317
11.598412
11.570011
11.393544
11.365926
11.261861
11.336733
11.184386
11.156034
11.447847
11.551501
11.303792
11.244265
11.347538
11.557697
11.382215
11.478509
11.433813
11.40381
11.211084
11.281317
11.414625
11.423301
11.426306
11.435388
11.447084
11.421515
11.440592
11.436983
11.207806
11.239508
11.236378
11.438894
11.448964
11.422333
11.436198
11.53328
11.544488
11.512897
11.454998
11.522087
11.504064
11.448059
11.312001
11.257783
11.218192
11.240602
11.129135
11.078869
11.299746
11.377029
11.35585
11.183139
11.129845
11.156574
11.44153
11.235317
11.300103
11.250656
11.081896
11.106774
11.49452
11.534796
11.512512
11.554214
11.443139
11.510079
11.455191
11.504233
11.525118
11.544261
11.534031
11.256698
11.288584
11.249449
11.308489
11.068657
11.095494
11.340944
11.311056
11.102324
11.140335
11.184586
11.358599
11.379423
11.544112
11.366964
11.380049
11.157368
11.21377
11.473346
11.400704
11.469506
11.396287
11.430513
11.436283
11.421063
11.471468
11.426721
11.418926
11.465863
11.122376
11.226096
10.959735
11.060077
11.150782
11.119616
10.893275
10.924223
10.886579
11.264795
11.213336
11.238944
11.229959
10.989172
11.066535
10.999639
10.976909
11.082481
11.046046
11.261098
11.466984
11.305275
11.26912
11.31185
11.116758
11.082616
11.12305
11.256249
11.186423
10.945215
11.031755
11.072801
11.601835
11.619124
11.640724
11.65519
11.582703
11.591673
11.622573
11.589948
11.596862
11.564377
11.567308
11.553668
11.364824
11.410434
11.432614
11.442363
11.225612
11.272373
11.302713
11.379108
11.187434
11.203891
11.410438
11.413298
11.420588
11.400314
11.235777
11.263044
11.233839
11.249003
11.468644
11.46023
11.435421
11.282385
11.307987
11.263467
11.461605
11.389039
11.457297
11.386535
11.463304
11.461552
11.460073
11.457768
11.455844
11.25209
11.456312
11.296936
11.307667
11.305273
11.118681
11.248341
11.179287
11.068136
11.826869
11.818519
11.897167
11.87775
11.663526
11.632389
11.699958
11.773967
11.821262
11.702805
11.78284
11.553491
11.65906
11.697226
11.43483
11.559707
11.510038
11.570433
11.372415
11.343807
11.399608
11.566169
11.685993
11.469162
11.515035
11.58693
11.347468
11.389303
11.726967
11.704395
11.67103
11.478128
11.578872
11.408762
11.480314
11.466734
11.399423
11.402616
11.399171
11.402492
11.39909
11.397061
11.398727
11.451888
11.39625
11.451944
11.220076
11.186021
11.193525
11.21992
11.051128
11.006582
11.245474
11.200835
11.399131
11.200002
11.418998
11.205042
11.204432
11.251052
11.054613
11.060523
11.033685
11.245211
11.300656
11.101964
11.114335
11.039019
11.003088
11.072847
11.026255
11.064698
11.372509
11.374365
11.398929
11.39711
11.39843
11.383007
11.39657
11.396474
11.396712
11.219931
11.182953
11.051455
11.012665
11.181939
11.204494
11.204603
11.054431
11.030264
11.01161
11.384315
11.159494
11.198834
11.186236
11.001357
10.997605
11.412984
11.417221
11.418457
11.424017
11.40796
11.386562
11.405951
11.398339
11.412546
11.410976
11.415593
11.229099
11.189788
11.213019
11.234995
11.06511
11.023024
11.190319
11.417942
11.221555
11.220571
11.206936
11.225488
11.068947
11.026811
11.188186
11.03838
11.005396
11.005323
11.431582
11.439965
11.439419
11.449455
11.425953
11.422413
11.432704
11.429804
11.435755
11.241927
11.225847
11.249571
11.071755
11.441205
11.238365
11.233729
11.238671
11.07617
11.478668
11.499867
11.452801
11.44628
11.464279
11.487421
11.457396
11.469652
11.515815
11.258546
11.243548
11.079351
11.057605
11.260606
11.249252
11.259837
11.084264
11.08329
11.081384
11.507243
11.281143
11.290249
11.30925
11.072278
11.091873
11.659926
11.578039
11.704227
11.624707
11.589471
11.530612
11.559129
11.537866
11.623585
11.59049
11.627612
11.398787
11.419551
11.665655
11.492672
11.416513
11.395744
11.453694
11.267732
11.2975
11.320857
11.330646
11.209041
11.137986
11.463748
11.395557
11.232199
11.268501
11.168404
11.713363
11.672703
11.764679
11.849755
11.72115
11.775977
11.8923
11.623818
11.515214
11.499514
11.550096
11.442004
11.346599
11.575926
11.657753
11.785899
11.564448
11.43126
11.539349
11.320317
11.39099
11.990447
12.091864
11.901461
11.998324
12.002643
12.1011
11.924515
12.000712
11.905341
11.880584
11.908967
11.703714
11.722728
11.813086
11.662851
11.63239
11.884302
11.745028
11.783133
11.819061
11.66603
12.371723
12.324853
12.300449
12.337547
12.190125
12.231744
12.282591
12.257546
12.181219
12.101955
12.161035
12.140766
12.175909
12.175159
12.026652
12.237538
12.006753
12.217913
12.114439
12.122124
11.949435
12.012298
11.8602
11.928518
12.032337
12.054863
11.96241
11.806937
11.920372
11.941613
11.722053
11.645788
11.720718
11.533202
11.615824
12.010442
11.864889
11.938622
11.763153
11.773416
11.58977
11.788338
11.907235
12.139553
11.712889
11.821886
11.938234
12.206883
12.097309
12.217751
12.112566
12.007245
12.020746
11.936012
11.959691
12.008432
12.031304
11.939175
11.930209
11.872665
11.776452
11.805447
11.71231
11.66441
12.077637
11.976141
12.121219
12.008081
11.884406
11.946945
11.818882
11.738251
11.985178
11.839453
12.000609
11.899675
11.939336
11.811655
11.803691
11.67804
11.869486
11.769195
11.749109
12.132738
12.362736
12.091323
12.31608
12.210994
12.058337
12.147311
12.008528
12.068663
12.015497
11.985647
11.9691
11.928975
12.093448
12.006684
11.8529
12.033168
11.842064
11.775832
11.760089
11.798694
11.748051
11.602887
12.254319
12.050074
12.296427
12.027002
11.971264
12.234089
11.934837
12.058281
11.885435
11.708194
12.14224
11.811687
11.882649
11.749234
11.705731
11.571712
11.642277
11.564395
11.594688
11.542594
11.547797
11.567572
11.569178
11.595837
11.594244
11.384854
11.385036
11.411288
11.960178
11.975459
11.888915
11.912555
11.838155
11.79983
11.63719
11.808803
11.724631
11.650742
11.697579
11.729673
11.64926
11.626756
11.633958
11.625444
11.464871
11.412203
11.272134
11.209016
11.447332
11.704021
11.540152
11.491157
11.458428
11.335187
11.300185
11.439205
11.276176
11.230881
11.260132
12.283504
12.075438
12.261921
12.061162
12.01792
12.225214
11.947942
12.126922
12.003015
12.000727
11.920392
11.985099
12.24604
12.201437
11.913189
12.192404
12.013915
11.97754
11.790029
11.927443
11.724495
11.709422
11.704646
11.946781
11.737624
11.923527
12.117531
12.196871
11.950501
12.253096
12.062813
12.261257
12.063214
11.913537
11.844282
11.969964
11.915113
11.856337
11.882567
11.849919
12.000748
12.171496
12.218824
12.009422
11.96092
12.160019
11.775604
11.974825
11.980946
11.827035
11.730166
11.701211
11.766829
11.568625
11.756545
11.880588
11.627839
11.63863
11.51463
11.596323
11.944697
12.116647
11.688913
11.905822
11.800944
12.033513
12.128604
11.947641
12.026415
12.047381
11.961369
11.970019
12.004674
11.7734
11.899845
11.784617
11.788096
11.940333
11.878403
11.503715
11.577376
11.481503
11.560031
11.633926
11.660439
11.668386
11.684632
11.514313
11.616687
11.631513
11.502351
11.596708
11.364629
11.36555
11.379349
11.493681
11.263458
11.283371
11.368772
11.156589
11.157274
11.156411
11.417587
11.3437
11.39475
11.213796
11.217174
11.251189
11.470901
11.467833
11.227062
11.246949
11.265483
11.329026
11.500965
11.503164
11.464931
11.242934
11.347667
11.478204
11.383294
11.482369
11.384953
11.372822
11.344578
11.373507
11.34408
11.338162
11.337554
11.334339
11.383743
11.33923
11.335388
11.388154
11.337066
11.23848
11.174958
11.149473
11.149602
11.033349
10.990804
10.972708
11.262207
11.336633
11.264746
11.114033
11.14743
11.136543
11.385962
11.172558
11.18703
11.146505
11.066598
11.002042
11.075843
10.959137
11.149025
11.100169
11.103992
11.106341
10.976777
10.950605
10.926913
11.820414
11.810827
11.884118
11.882682
11.708768
11.687328
11.661947
11.63517
11.778395
11.813367
11.712958
11.654714
11.683354
11.591543
11.624932
11.653793
11.515062
11.441396
11.843563
11.627907
11.53246
11.495504
11.768726
11.600636
11.544277
11.443175
11.752402
11.839014
11.6885
11.771427
11.833864
11.84468
11.763933
11.777172
11.709716
11.695567
11.696411
11.542475
11.640347
11.561124
11.539754
11.617262
11.648603
11.571213
11.334486
11.464193
11.357168
11.327741
11.45899
11.350179
11.426918
11.513472
11.443063
11.527804
11.350672
11.340717
11.418177
11.358421
11.435693
11.426842
11.354287
11.148252
11.292145
11.155053
11.222196
11.307299
11.225076
10.987851
11.117063
10.983737
11.183976
11.21259
11.111915
11.078322
11.104025
10.936093
11.051491
10.956525
10.983506
10.906397
11.308462
11.177555
11.257688
11.018315
11.057649
11.113705
11.364171
11.17881
11.094723
11.164957
11.344563
11.098918
11.370453
11.101733
11.1648
11.106983
10.947257
10.934274
10.908591
11.375828
11.309934
11.3751
11.307302
11.337583
11.334586
11.309377
11.332407
11.328738
11.309542
11.324483
11.110738
11.172578
11.067723
11.097353
10.899199
10.949678
10.870168
10.898324
11.205002
11.116148
11.1504
11.113947
10.927387
10.971682
10.995132
10.94026
11.012784
11.028564
11.070324
11.306907
11.045202
11.056922
11.073211
10.90417
10.856398
10.896739
10.848423
11.094309
11.08926
10.878331
10.900913
10.864532
11.469215
11.479735
11.451029
11.455056
11.443416
11.325149
11.257689
11.245222
11.135657
11.196064
11.515641
11.611593
11.484486
11.582055
11.558295
11.639524
11.566114
11.649429
11.524825
11.531133
11.50256
11.362095
11.438613
11.376159
11.492586
11.2544
11.303376
11.378498
11.273863
11.142172
11.212327
11.149305
11.547195
11.492844
11.248151
11.456467
11.495043
11.314131
11.349991
11.48809
11.378028
11.343164
11.409075
11.268226
11.213138
11.303586
11.435014
11.5339
11.415206
11.51422
11.464629
11.47405
11.442656
11.449932
11.430738
11.314909
11.42235
11.201413
11.244006
11.221673
11.117999
11.291335
11.359391
11.183148
11.372299
11.433749
11.365636
11.425961
11.403333
11.379933
11.411364
11.381221
11.371293
11.371481
11.365413
11.154954
11.271109
11.219156
11.199304
10.979515
11.092432
11.04015
11.205882
11.364144
11.128429
11.168678
11.144296
11.137289
10.952883
11.018087
11.001678
11.285574
11.158156
11.148293
11.197158
11.22891
11.103813
11.056096
11.045949
11.100254
11.405223
11.458009
11.403028
11.4559
11.40502
11.358153
11.403895
11.359112
11.401947
11.399925
11.397846
11.159568
11.26304
11.399843
11.196528
11.205787
11.166392
11.203698
10.981176
11.082693
11.190167
11.21968
11.130649
10.951013
10.993673
11.014408
11.257898
11.03703
11.079844
11.260789
11.293534
11.047278
11.128442
11.062718
11.090535
11.11242
11.393477
11.397009
11.394955
11.39709
11.396506
11.395929
11.398814
11.395703
11.392579
11.394367
11.390159
11.391082
11.393347
11.389052
11.391845
11.187763
11.206925
11.191642
11.207649
11.196409
11.008708
11.036093
11.203367
11.393921
11.190114
11.416625
11.201076
11.196808
11.199415
11.009283
11.033654
11.032828
11.20402
11.193714
11.192348
11.03835
11.034491
11.398698
11.410137
11.401112
11.415095
11.395651
11.395902
11.397779
11.398306
11.400488
11.21508
11.205559
11.227391
11.398875
11.194309
11.202335
11.20406
11.045136
11.034575
11.060507
11.208052
11.218016
11.215725
11.054231
11.056955
11.033139
11.200546
11.035353
11.017745
11.04845
11.055484
11.019868
11.012969
11.38462
11.42574
11.393504
11.432206
11.372748
11.371342
11.401564
11.367187
11.402203
11.360868
11.169564
11.222133
11.206535
10.991389
11.048128
11.203892
11.379089
11.153285
11.387755
11.148451
11.174163
11.143868
10.96795
11.029037
11.01141
11.21101
11.227357
11.058491
11.047188
11.39591
11.392267
11.397389
11.395459
11.20919
11.258961
11.417743
11.199691
11.200529
11.037865
11.080347
11.240369
11.038965
11.081595
11.056431
11.125997
11.099195
11.43741
11.451133
11.453816
11.463391
11.389856
11.379384
11.426465
11.397831
11.390467
11.431421
11.393851
11.188835
11.233919
11.441196
11.231024
11.225564
11.192738
11.010806
11.060788
11.219465
11.158878
11.161641
10.982532
11.020356
11.247449
11.244525
11.040594
11.065746
11.054488
11.560692
11.594476
11.55299
11.479089
11.576698
11.486232
11.459102
11.447399
11.308077
11.377827
11.584786
11.403329
11.414282
11.338867
11.177512
11.244747
11.263518
11.338808
11.486141
11.268887
11.243472
11.116898
11.077508
11.156438
11.305717
11.079302
11.099969
11.199059
11.210782
11.13677
11.184642
11.125403
11.489176
11.389999
11.492238
11.394258
11.387112
11.389887
11.390667
11.391993
11.396537
11.267431
11.344468
11.271032
11.150685
11.394345
11.178041
11.18791
11.19297
11.07791
11.429413
11.483706
11.440291
11.494482
11.417836
11.397967
11.418304
11.399423
11.426746
11.425182
11.435544
11.278347
11.200934
11.436614
11.232492
11.232871
11.213218
11.244051
11.10869
11.031252
11.324524
11.275649
11.185388
11.154975
11.256321
11.289053
11.311746
11.139151
11.087079
11.162835
11.11698
11.196302
11.013034
11.135561
11.08251
11.067488
11.303415
11.336983
11.304901
11.333696
11.304825
11.30763
11.112426
11.149296
10.938454
10.972491
11.070532
11.329557
11.052442
11.054126
10.893658
10.921256
10.848182
11.077452
11.103239
10.949851
10.869617
11.970012
11.882758
12.007189
11.977798
11.924085
11.952394
11.909251
12.004198
12.208302
11.963732
12.1891
11.989098
11.811066
11.724832
11.764944
11.765064
11.959969
11.757786
11.593184
11.95469
12.169629
11.936822
11.895283
11.749587
11.701418
11.735897
11.569031
11.692115
11.968593
12.040627
11.891813
11.95556
11.989027
11.930778
11.960686
11.863993
11.993466
11.900989
11.713722
11.736827
11.716882
11.625051
11.748598
12.01007
12.185027
11.874022
11.925705
11.901642
12.10548
11.781018
11.822267
11.763358
11.672562
11.789752
11.971566
12.172617
11.575122
11.439941
11.598806
11.464319
11.446866
11.444914
11.459937
11.432842
11.45563
11.470155
11.448321
11.349571
11.301709
11.220541
11.253858
11.268633
11.169251
11.121328
11.048683
11.357575
11.323553
11.415612
11.347487
11.225901
11.187904
11.19991
11.208615
11.15099
11.174947
11.454498
11.226545
11.247611
11.233383
11.1496
11.036821
11.138349
11.678128
11.730036
11.619629
11.609783
11.661588
11.647948
11.690079
11.707966
11.490151
11.449847
11.490921
11.885429
11.902546
11.890074
11.881779
11.834626
11.716094
11.837278
11.773188
11.669593
11.825044
11.735479
11.69606
11.782332
11.702927
11.742128
11.608728
11.848715
11.734578
11.65839
11.571485
11.597207
11.465122
11.635379
11.756189
11.686986
11.617438
11.4947
11.506607
11.57942
11.476438
11.491264
11.378659
11.400378
11.924498
11.887158
12.048818
11.82661
12.014742
11.751722
11.853558
11.885839
12.051331
11.818134
11.805234
11.852169
11.723714
11.606929
11.655862
11.503177
11.677059
11.59566
11.661381
11.510711
11.918605
11.801964
11.853096
11.754199
11.869631
11.856854
11.793262
11.793919
11.781531
11.744004
11.716226
11.734749
11.914749
11.746617
11.673664
11.598508
11.779048
11.644022
11.779731
11.739743
11.568205
11.580019
11.584236
11.514093
11.432333
11.555949
11.83925
11.65398
11.579466
11.452434
11.65769
11.678423
11.905532
11.610415
11.763482
11.847759
11.660728
11.616643
11.706658
11.70394
11.583649
11.531819
11.397299
11.36358
11.615906
11.479448
11.441046
11.529943
11.677023
11.47811
11.546915
11.375982
11.459537
11.515028
11.608433
11.539772
11.632066
11.479381
11.469864
11.449417
11.375382
11.481546
11.299587
11.26818
11.382516
11.375715
11.270562
11.245713
11.235924
11.340206
11.530138
11.297077
11.257209
11.172144
11.268345
11.166404
11.136355
11.383214
11.483427
11.37999
11.228138
11.879726
11.888712
11.761731
11.81103
11.738579
11.755153
11.620009
11.677972
11.539535
11.405964
11.459391
11.805598
11.836953
11.703366
11.588228
11.633898
11.475736
11.574118
11.689225
11.603726
11.766894
11.732686
11.784545
11.684201
11.71982
11.856621
11.737618
11.796677
11.694064
11.628567
11.761078
11.679703
11.478163
11.618719
11.586731
11.625058
11.685645
11.467464
11.576731
11.47604
11.377819
11.49719
11.354604
11.382173
11.722144
11.524877
11.570191
11.422087
11.477937
11.574
11.655687
11.51841
11.642451
11.866286
11.880875
11.782566
11.78517
11.707811
11.644628
11.754588
11.799649
11.815148
11.729654
11.749043
11.642047
11.722033
11.584736
11.673988
11.495237
11.549013
11.603711
11.453984
11.700652
11.626718
11.509852
11.826505
11.762171
11.629607
11.836492
11.855275
11.819401
11.703047
11.766439
11.662366
11.753524
11.70133
11.778159
11.693597
11.663113
11.704499
11.573324
11.670251
11.573749
11.549243
11.418137
11.619454
11.678225
11.57119
11.591685
11.498156
11.649747
11.468396
11.523408
11.474685
11.468764
11.353745
11.392485
11.428354
11.473977
11.417716
11.454932
11.574758
11.442103
11.580721
11.449728
11.636407
11.614448
11.383061
11.648561
11.674674
11.658647
11.42288
11.41076
11.406011
11.387027
11.261044
11.351759
11.478043
11.299735
11.167145
11.208169
11.288373
11.239257
11.438642
11.301941
11.47114
11.159228
11.147647
11.113624
11.252906
11.16621
11.237084
11.438642
11.190408
11.152814
11.044201
10.909658
11.033331
11.167433
11.282047
11.10604
11.022879
11.017087
11.003913
10.883544
10.975451
10.935064
11.246621
11.081743
11.136548
11.076577
11.004196
11.83411
11.866165
11.765528
11.654622
11.73292
11.630834
11.63175
11.717476
11.588352
11.650413
11.520429
11.631008
11.81598
11.685695
11.612671
11.499926
11.381543
11.492299
11.514735
11.590572
11.403664
11.377143
11.456976
11.275665
11.274016
11.508536
11.374566
11.453903
11.342131
11.335431
11.317056
11.494662
11.336813
11.316019
11.492915
11.311079
11.395801
11.312389
11.397992
11.471686
11.449532
11.392346
11.314687
11.470401
11.394715
11.39393
11.315134
11.447296
11.141993
11.070863
11.078065
11.04955
10.922749
10.849285
10.870885
11.126407
11.143666
11.195978
11.205317
10.988353
10.931429
10.95825
11.09363
11.094068
11.094133
10.868607
10.900436
11.198451
11.061986
11.197158
11.136595
11.072746
10.886122
10.877616
10.902882
10.887019
10.954831
11.470177
11.332589
11.476673
11.308233
11.192931
11.307159
11.058766
11.540698
11.599398
11.510728
11.562192
11.644735
11.649585
11.608481
11.610354
11.580922
11.381701
11.383367
11.275969
11.345543
11.156946
11.15248
11.469159
11.571037
11.384111
11.435968
11.40377
11.211425
11.300843
11.236143
11.259887
11.354146
11.311351
11.427359
11.400299
11.315762
11.429696
11.40311
11.425551
11.397085
11.274916
11.424762
11.396466
11.275006
11.41217
11.410754
11.400791
11.412867
11.400761
11.401379
11.143879
11.138582
11.028601
11.058414
11.145295
10.915243
10.923255
10.826346
11.119915
11.413776
11.23188
11.229212
11.119752
11.220891
11.220787
10.982447
10.966325
11.104189
11.141611
11.19823
11.194207
10.981586
10.896446
10.947793
11.103613
11.002893
10.896729
10.806036
10.878074
10.869832
11.46088
11.553141
11.439777
11.533692
11.544846
11.518542
11.565553
11.536164
11.557933
11.546204
11.357519
11.314498
11.22586
11.334516
11.159081
11.124856
11.367677
11.526245
11.371178
11.55826
11.36575
11.382775
11.373254
11.217967
11.204387
11.364964
11.192144
11.1746
11.199255
11.394646
11.376081
11.385184
11.369134
11.50881
11.501674
11.387456
11.495113
11.486183
11.372815
11.475392
11.210495
11.314657
11.169608
11.040304
11.135431
10.990002
11.253399
11.176501
11.378671
11.151139
11.150922
11.238385
11.013886
11.0065
11.022147
10.982316
11.347242
11.334011
11.100938
11.1967
11.103639
11.168352
11.131287
10.959411
10.9772
11.419522
11.401045
11.418265
11.398002
11.369659
11.364839
11.407028
11.3619
11.356505
11.39574
11.350909
11.232545
11.176982
11.405953
11.213062
11.206748
11.167981
11.063747
10.9925
11.187586
11.158499
11.230776
11.193131
11.059822
11.026608
11.019053
10.979835
11.161099
11.140866
11.134161
10.963249
10.991506
10.974365
10.993494
10.950424
10.969946
11.324489
11.366035
11.321568
11.361451
11.376395
11.37711
11.392092
11.383706
11.359894
11.392117
11.362304
11.376784
11.324793
11.382067
11.320157
11.32498
11.358584
11.091311
11.126566
11.113527
11.064698
11.108608
11.07749
10.870727
10.895321
10.897992
11.146183
11.14817
11.370422
11.138743
11.126944
11.139257
10.892016
10.923289
10.928104
10.953845
11.38888
11.146396
11.118719
11.140107
10.909755
10.923751
10.933801
11.132662
11.159938
11.143981
10.928267
10.963
11.403767
11.329398
11.401357
11.324617
11.339468
11.324336
11.345437
11.333786
11.402084
11.475893
11.401093
11.453981
11.315612
11.480973
11.325612
11.319821
11.463594
11.154089
11.123733
11.275502
11.400067
11.199898
11.212022
11.26826
10.990789
10.953153
11.077469
11.081006
11.150005
11.076836
11.086811
10.939915
10.92676
10.881985
11.193169
11.088241
11.062335
11.065216
10.891772
11.006875
10.869421
10.943637
11.486384
11.312813
11.19145
11.316683
11.124758
11.05315
11.414754
11.453086
11.401635
11.431407
11.319255
11.454583
11.432418
11.321825
11.434294
11.147702
11.145256
11.105486
11.18589
11.074334
11.180824
10.916957
10.926671
10.894051
10.946893
11.266813
11.221858
10.98329
11.009957
11.069159
11.163527
10.984223
10.989616
10.952834
10.923441
10.962382
11.248202
11.271786
11.272818
11.035024
11.090209
11.391462
11.378135
11.223176
11.172904
11.149796
11.021055
10.969676
11.187112
11.058947
11.01475
11.011825
10.973281
10.978487
11.390693
11.398097
11.392516
11.401303
11.468647
11.448911
11.387929
11.468909
11.44744
11.39015
11.448558
11.209948
11.155859
11.120287
11.262264
11.390567
11.184709
11.196281
11.257941
11.04086
10.990753
10.947257
11.062067
11.140841
11.212579
11.189738
11.039781
10.995866
10.963562
11.094639
10.952801
10.93756
10.927812
10.901472
11.196235
10.896263
11.005917
10.886979
10.953674
11.307536
11.307834
11.114338
11.057784
11.788963
11.777611
11.710424
11.714251
11.675938
11.587998
11.5957
11.513948
11.563913
11.492004
11.428729
11.380205
11.437114
11.386016
11.391413
11.391828
11.393035
11.377427
11.393374
11.394831
11.382635
11.20974
11.214983
11.236867
11.221673
11.035683
11.061333
11.215433
11.171338
11.196102
11.197548
11.043316
10.991596
11.198794
11.018957
11.043813
11.043213
11.02882
11.383163
11.163014
11.185144
11.174297
11.032748
11.029549
10.981346
11.017621
11.397185
11.396418
11.3984
11.39915
11.145705
11.062599
10.925079
10.846357
11.147114
11.424988
11.208231
11.20974
10.99061
10.988224
10.930895
10.857957
10.935848
11.457199
11.401427
11.469101
11.411434
11.388345
11.387851
11.396517
11.39436
11.403279
11.229904
11.25998
11.239889
11.070468
11.405813
11.177262
11.178478
11.187363
11.039756
11.62244
11.625074
11.641624
11.65567
11.585895
11.595157
11.612412
11.549514
11.565535
11.605918
11.579326
11.585548
11.524204
11.525883
11.444553
11.445279
11.446599
11.449205
11.389654
11.349236
11.360685
11.279882
11.636206
11.456771
11.40975
11.404109
11.418265
11.351235
11.281193
11.41329
11.392539
11.415026
11.393957
11.397762
11.409392
11.386759
11.398592
11.400075
11.402108
11.390674
11.226393
11.217149
11.107497
11.209397
11.227589
11.411493
11.200093
11.201285
11.060955
11.026243
10.946283
11.18991
11.097708
11.188274
11.056764
11.009419
10.938648
11.119909
11.208168
11.219087
11.034363
10.955893
10.965962
11.103547
11.011231
10.94694
10.962537
10.867537
10.942335
10.863577
10.878262
10.86949
11.830546
11.773576
11.765529
11.708794
11.690401
11.641109
11.538544
11.615546
11.557665
11.506588
11.471427
11.483248
11.453614
11.457071
11.524728
11.618065
11.539845
11.660334
11.4903
11.493599
11.472593
11.300826
11.342965
11.246095
11.276388
11.112057
11.139273
11.374678
11.469247
11.257344
11.299167
11.406974
11.278516
11.118348
11.182203
11.487597
11.180932
11.220205
11.258421
11.423503
11.334267
11.416083
11.328339
11.439596
11.447978
11.255152
11.161153
11.17417
11.0909
10.99076
11.017729
11.147857
11.455306
11.231582
11.245819
11.092221
11.016147
10.978861
11.097206
10.933626
10.889532
11.149957
11.076353
10.951705
10.94726
10.910564
10.878645
11.583392
11.564072
11.517933
11.556681
11.568068
11.485445
11.507709
11.355466
11.433973
11.384227
11.275429
11.311425
11.134714
11.203196
11.158735
11.471281
11.550093
11.354009
11.46283
11.450894
11.379304
11.325516
11.161507
11.256285
11.352333
11.257847
11.519724
11.298477
11.277541
11.380915
11.215462
11.251811
11.431466
11.32454
11.380701
11.623885
11.662012
11.517287
11.513326
11.488262
11.494555
11.512295
11.424113
11.49358
11.393125
11.325118
11.402363
11.285499
11.313072
11.305682
11.133413
11.225751
11.117401
11.271102
11.483752
11.307635
11.30234
11.246233
11.123973
11.096177
11.297878
11.491451
11.277436
11.151699
11.163752
11.15211
11.102729
11.049682
11.036149
11.047929
11.404113
11.394417
11.403136
11.39205
11.392076
11.229228
11.203989
11.203373
11.062041
11.05793
11.470141
11.588669
11.456014
11.549789
11.531819
11.45655
11.497061
11.427448
11.524855
11.34345
11.473885
11.428264
11.237979
11.359183
11.407641
11.286697
11.279787
11.173014
11.087084
11.360576
11.416503
11.255333
11.266691
11.243062
11.331914
11.435832
11.211151
11.251743
11.183195
11.097927
11.206229
11.159699
11.05002
11.112441
11.08384
11.31225
11.403112
11.311552
11.178159
11.635188
11.619359
11.6007
11.587233
11.534869
11.52339
11.424348
11.418633
11.464256
11.426414
11.346478
11.349571
11.287402
11.428401
11.401469
11.330405
11.276999
11.345091
11.543232
11.211321
11.3781
11.332026
11.561051
11.200276
11.420431
11.343966
11.067808
11.236187
11.052793
11.082102
11.425567
11.24185
11.458531
11.266967
11.429719
11.428423
11.430156
11.43081
11.439421
11.438748
11.450634
11.440317
11.451178
11.45232
11.26189
11.440882
11.262869
11.290678
11.291946
11.37926
11.400751
11.38036
11.402222
11.381132
11.437313
11.386094
11.44931
11.38275
11.383688
11.389838
11.19821
11.130704
11.214803
11.171148
11.198988
11.412264
11.188524
11.189969
11.021302
10.963758
11.030871
11.130412
11.200083
11.030936
10.960605
11.169882
10.971628
10.915758
10.904748
10.945993
11.238378
11.290409
10.999026
11.071997
11.035053
11.438753
11.443744
11.38505
11.431852
11.391435
11.420235
11.446401
11.434136
11.450601
11.460518
11.425038
11.200475
11.219385
11.22415
11.191037
11.228849
11.022142
11.032768
11.032287
11.241903
11.032195
11.059726
11.064334
11.27759
11.271967
11.299361
11.075739
11.07937
11.097994
11.127758
11.44747
11.255671
11.289835
11.258729
11.06553
11.11781
11.425403
11.446604
11.440734
11.46237
11.443559
11.374929
11.46269
11.45904
11.367509
11.455323
11.366277
11.360131
11.464479
11.350904
11.136024
11.246067
11.228974
10.971966
11.081356
11.167859
11.173407
10.90508
10.940557
10.938102
11.26232
11.203277
11.26133
11.265147
11.280549
11.008166
11.097035
11.024822
11.028742
11.098746
11.043058
11.221732
11.3046
11.225617
11.033843
11.110406
11.074367
11.214719
11.138254
11.129049
11.05735
10.986566
11.005069
11.516561
11.539452
11.48121
11.468979
11.511704
11.530501
11.503569
11.52329
11.514832
11.530298
11.366196
11.490808
11.310187
11.340867
11.358261
11.545199
11.556588
11.554718
11.551971
11.42881
11.414265
11.30876
11.424755
11.552402
11.430714
11.293405
11.403621
11.540791
11.124586
11.17709
11.190963
11.207112
11.005447
11.103572
10.867702
10.909379
10.918171
10.927405
11.282679
11.187149
11.17215
10.935199
11.06662
11.377326
10.998556
11.053103
11.145889
11.24109
11.383154
11.393496
11.387511
11.068895
11.06774
11.246669
11.222055
11.384976
11.192934
11.381707
11.069538
11.075292
11.21661
11.402103
11.355285
11.397002
11.348966
11.394658
11.386424
11.398948
11.38515
11.477763
11.394425
11.411956
11.501636
11.174231
11.390779
11.182728
11.415096
11.184456
11.187161
11.197207
10.9962
11.208753
11.167605
11.118824
11.171995
11.254161
10.974343
10.999562
11.343125
11.076595
11.375304
11.39666
11.219908
11.25255
11.365889
11.204511
11.222894
11.196656
11.243112
11.20255
11.422669
11.375858
11.403287
11.382219
11.397307
11.374911
11.402749
11.39851
11.377699
11.421703
11.439875
11.401236
11.452
11.189393
11.233355
11.189883
11.190834
11.018163
11.05139
11.214519
11.277535
11.425438
11.221447
11.219168
11.277717
11.039715
11.100675
11.210869
11.211586
11.177177
11.161682
11.008189
11.017505
11.070971
11.020761
11.291334
11.048837
11.089107
11.126814
11.067256
11.3922
11.414969
11.385466
11.411324
11.257901
11.227
11.25167
11.068377
11.060501
11.082448
11.221703
11.058789
11.052975
11.166466
11.160065
11.171384
11.054157
11.01632
11.019645
10.957139
11.194659
11.028544
11.049563
10.967164
11.47516
11.474613
11.271308
11.280335
11.09768
11.100423
11.273396
11.113611
11.109964
11.103246
11.301053
11.115234
11.101048
11.353761
11.345536
11.226522
11.207438
11.08045
11.051288
11.121267
11.012581
10.998792
10.918098
11.105768
10.981369
10.913346
11.397996
11.391693
11.399859
11.391754
11.380269
11.465431
11.382132
11.466822
11.258401
11.184053
11.177717
11.078584
11.007592
11.245021
11.2055
11.191012
11.047345
11.030205
11.263117
11.260138
11.30221
11.126242
11.08359
11.092673
11.127531
11.206697
11.194491
11.014913
11.078759
11.038234
11.087774
11.413423
11.415825
11.207917
11.217332
11.031539
11.033381
11.213152
11.038849
11.040528
11.23119
11.048612
11.055625
11.055559
11.385727
11.382425
11.385941
11.384549
11.193452
11.145158
11.180333
11.019347
10.973555
11.162332
11.179851
11.012835
10.990859
10.992206
10.945657
10.967905
11.096956
11.163191
10.885287
10.940385
11.214731
11.284763
11.078823
11.13954
11.165568
10.900507
10.994719
11.052313
10.953771
10.955682
11.014728
11.114358
11.010921
11.384671
11.397986
11.388898
11.405198
11.192951
11.182073
11.019514
10.996822
11.185474
11.167105
11.010017
11.012326
11.003986
11.191105
11.1802
10.98811
11.00474
11.262123
11.080261
11.127814
11.072994
11.085751
11.097023
11.111059
11.181505
10.824732
10.849324
10.850071
10.854453
10.91379
11.197464
11.205074
10.89608
10.922956
11.009151
11.004131
11.164436
10.913046
10.91612
10.955676
10.923201
10.926831
11.011757
10.968544
11.285264
10.92612
10.992218
11.000563
11.042573
11.06371
11.120269
10.017903
10.007995
10.008289
9.9967126
10.042821
10.053931
9.9962649
10.013872
10.007835
10.00894
10.048256
10.009637
10.033802
9.9967474
9.9949597
9.9968792
9.9949285
9.9883867
10.004127
10.006212
9.9959952
9.9939301
9.9890103
9.9958472
9.9895273
10.03302
10.005527
10.013343
9.9970077
10.025011
9.9899313
9.9904848
10.009243
9.9914356
10.009358
9.9979291
10.006044
9.9951796
9.9944916
9.9851874
9.9888141
9.9848814
9.9817005
9.9907129
9.9897394
9.9929701
9.9781477
9.9892666
9.983934
9.9901688
9.9848372
9.9861929
9.9899643
9.9739642
9.9862365
9.9901337
9.9865137
9.9791347
10.134524
10.065006
10.111343
10.081517
10.11629
10.141392
10.063539
10.119945
10.088452
10.115746
10.146262
10.126252
10.066648
10.105451
10.076861
10.14293
10.121489
10.06425
10.102144
10.075619
10.181026
10.194085
10.146386
10.254266
10.203169
10.181273
10.239335
10.272753
10.194796
10.339801
10.14435
10.221028
10.156997
10.179351
10.151431
10.217822
10.285988
10.190188
10.265483
10.199675
10.089797
10.237016
10.151063
10.16893
10.07985
10.261666
10.124833
10.31745
10.200204
10.050555
10.082446
10.039051
10.074014
10.039812
10.047279
10.056613
10.029281
10.051955
10.089489
10.128733
10.096865
10.138527
10.112418
10.178718
10.147644
10.161003
10.104751
10.209389
10.32216
10.403309
10.349859
10.391632
10.258151
10.340785
10.049713
10.071493
10.084351
10.062381
10.03923
10.078745
10.152605
10.132769
10.247495
10.179196
10.099915
10.169953
10.095349
10.236699
10.047041
10.039197
10.079939
10.133944
10.120375
10.05951
10.052991
10.089076
10.137428
10.129095
10.031561
10.016329
10.019424
10.047761
10.037495
10.055278
10.024001
10.011942
10.018153
10.03765
9.9903074
9.9953499
10.018745
10.001211
9.9812653
9.9835207
9.9827478
9.9788637
10.02293
10.094808
10.058721
10.050453
10.025714
10.036944
10.017756
10.07039
10.043489
10.040331
10.010283
10.027699
10.012994
10.005354
9.9903634
9.9921995
10.00785
10.021871
10.002128
10.01019
10.058988
10.029512
10.028376
10.007318
10.014175
9.9953746
10.011205
10.005027
10.040485
10.122056
10.185623
10.110227
10.143641
10.085593
10.171847
10.246535
10.174856
10.134463
10.084639
10.126391
10.05637
10.060571
10.112211
10.1285
10.183113
10.201909
10.180552
10.167631
10.255677
10.198483
10.265912
10.07044
10.183795
10.062436
10.107409
10.251874
9.9917168
10.002541
10.086253
10.059563
10.034632
10.1197
11.631305
11.422207
11.384132
11.826523
11.571694
11.557431
11.36866
11.396545
11.304677
11.835151
11.58115
11.530641
11.593426
11.49049
11.189894
10.994574
11.138999
10.939401
11.113593
10.924546
11.064532
10.867412
11.059356
11.204472
11.378195
11.16434
10.97556
11.025906
11.171897
11.018666
10.851971
10.812351
10.773854
10.863137
10.836429
10.693973
10.978214
11.08371
11.281635
11.233012
11.066948
10.921426
11.02015
10.985686
11.12557
11.349095
11.357654
11.380651
10.991691
11.162839
10.990765
10.812242
10.971158
11.133064
10.922707
10.893136
10.734027
10.667556
10.775709
10.876171
10.790942
10.744567
11.303216
11.232854
11.008103
10.918688
11.078768
10.873087
11.011572
10.812275
10.894847
10.828624
11.025579
10.808486
10.879429
10.825182
10.674532
10.717479
10.656903
10.682071
10.652679
10.588957
10.551835
10.631599
10.563402
10.584424
10.54424
10.501912
10.918795
10.814196
10.773188
10.677016
10.861108
10.779411
10.720016
10.635921
11.038556
10.871789
10.964366
10.80712
11.082723
10.9045
10.926529
11.053259
10.882939
11.094088
10.917135
11.000819
11.135699
10.936858
10.822058
10.750421
10.673079
10.627218
10.54389
10.773035
10.767628
10.697844
10.632796
10.925407
10.788905
10.790824
10.765635
10.687444
10.941073
10.853449
10.947335
10.840569
10.818153
10.860496
11.083642
11.01314
11.139519
11.011936
10.867951
10.935781
10.70386
10.874875
10.709587
10.606685
10.584319
10.748304
10.779325
10.626094
10.658673
10.68944
10.636975
10.687612
10.611734
10.771818
10.792064
10.73542
10.603155
10.765928
10.814662
10.76067
10.769967
10.703128
10.704037
10.714084
10.597865
10.577046
10.707083
10.653941
10.614957
10.656303
10.558157
10.48392
10.640598
10.538792
10.537755
10.534504
11.015655
10.962334
10.800239
10.801578
11.053087
10.969384
10.821051
10.808773
10.86782
11.072598
10.947637
11.167353
10.689052
10.853443
10.603934
10.685754
10.775
10.615209
10.779273
10.54864
10.628953
10.733931
10.872168
10.628515
10.721631
10.676643
10.808552
10.57633
10.66492
10.60785
10.605046
10.639793
10.553437
10.534717
10.843622
11.109605
10.948483
11.163212
10.949751
10.769371
10.940689
10.795017
10.963895
10.796195
10.893795
10.792471
10.587663
10.588536
10.535037
10.466677
10.47043
10.5352
10.461927
10.447663
10.439429
10.657511
10.881932
10.687654
10.53319
10.609712
10.74739
10.509782
10.495339
10.559049
10.670938
10.659782
10.732899
10.601161
10.650368
10.488207
10.544784
10.231693
10.288022
10.346154
10.432381
10.210088
10.267768
10.323939
10.415513
10.284212
10.217302
10.290294
10.230317
10.161917
10.246613
10.236873
10.150238
10.226139
10.183915
10.443439
10.406041
10.393372
10.323401
10.35907
10.336407
10.540558
10.495355
10.472232
10.41239
10.334967
10.248622
10.188529
10.264279
10.192824
10.175772
10.315363
10.226514
10.462151
10.523593
10.445427
10.557031
10.563785
10.525901
10.572989
10.610681
10.534516
10.634638
10.487489
10.374945
10.449881
10.331636
10.477934
10.53076
10.536018
10.624176
10.558527
10.573858
10.655378
10.619706
10.777252
10.516008
10.327585
10.494181
10.435201
10.356354
10.27118
10.476276
10.5766
10.532796
10.360255
10.687322
10.723636
10.821
10.67653
10.278825
10.217684
10.373441
10.321286
10.206038
10.302444
10.633828
10.715039
10.612651
10.802668
10.668163
10.769288
10.651538
10.849582
10.719019
10.738586
10.543869
10.732738
10.762074
10.563635
10.723789
10.774579
10.602965
10.774495
10.815262
10.636402
10.61017
10.493988
10.41216
10.649163
10.462621
10.532057
10.520825
10.508872
10.412201
10.348067
10.541744
10.392111
10.772594
10.553936
10.735184
10.613653
10.474985
10.781284
10.572507
10.562344
10.459274
10.541598
10.700244
10.702798
10.581761
10.552033
10.448143
10.524813
10.394851
10.604017
10.50776
10.40323
10.471593
10.387375
10.326576
10.390692
10.365882
10.337304
10.280594
10.317165
10.378306
10.269833
10.273268
10.252708
10.585193
10.564194
10.777152
10.585262
10.79236
10.604427
10.595252
10.439429
10.618825
10.483502
10.438659
10.323717
10.473198
10.465215
10.365539
10.6814
10.866826
10.652222
10.693842
10.830705
10.567711
10.431974
10.316998
10.359642
10.435411
10.308044
10.28703
10.446999
10.350213
10.354419
10.341036
10.427542
10.530101
10.506665
10.47823
10.584665
10.696194
10.098003
10.171456
10.167428
10.22293
10.073696
10.12373
10.131617
10.180423
10.161527
10.126976
10.215983
10.364193
10.321961
10.168461
10.135401
10.225053
10.083111
10.15642
10.106038
10.077322
10.045183
10.091057
10.122755
10.125302
10.046985
10.08238
10.063863
10.116279
10.031606
10.054691
10.062337
10.167266
10.061506
10.145412
10.115354
10.271482
10.306692
10.386973
10.087647
10.154883
10.198262
10.112759
10.251892
10.434427
10.486304
10.575953
10.208251
10.27728
10.327371
10.48936
10.696475
10.587877
10.687498
10.730031
10.737781
10.576231
10.648475
10.68466
10.755968
10.740817
10.582786
10.665888
10.599476
10.539022
10.57669
10.537765
10.517713
10.541575
10.480038
10.52597
10.486976
10.474966
10.772595
10.676577
10.797286
10.775882
10.840739
10.910486
10.77631
10.950551
10.885463
10.992552
10.622537
10.703373
10.755871
10.653698
10.553948
10.855559
10.903719
10.664052
10.800981
10.862956
10.573948
10.670237
10.495932
10.514147
10.7163
10.624816
10.567926
10.546314
10.631516
10.717935
10.572704
10.641167
10.626522
10.788479
10.834859
10.800081
10.624403
10.687448
10.537373
10.656706
10.569203
10.491695
10.610527
10.742832
10.56986
10.744
10.792644
10.609122
10.744583
10.607462
10.910832
10.945132
10.879038
10.827827
10.882251
10.676164
10.798383
10.727536
10.843203
10.824078
10.73884
10.873223
10.666325
10.769224
10.814518
10.782605
10.905796
10.864311
10.786366
10.840837
10.909596
10.992399
10.9221
10.922254
10.557065
10.512999
10.573
10.531696
10.472027
10.650567
10.521005
10.489002
10.546617
10.500107
10.760619
10.713472
10.593651
10.776224
10.821145
10.613661
11.95161
11.772745
11.938577
11.738628
11.5671
11.73337
12.017773
11.940694
11.779809
12.018293
11.992287
11.630272
11.760774
11.873784
11.846802
11.910155
11.966147
11.274717
11.134083
11.256646
11.009584
11.169627
11.024882
11.154313
10.914169
11.57139
11.53796
11.418267
11.777553
11.695765
11.595005
11.286149
11.127348
11.558611
11.638509
11.469939
11.352309
11.176994
11.616507
11.257773
11.263752
11.131938
11.507774
11.240253
11.026107
11.026429
10.911745
11.401173
11.315707
11.207067
11.148518
10.948504
11.095856
11.504798
11.228072
11.057497
11.436476
11.254964
10.988744
10.796607
11.055452
10.913984
10.826466
10.867188
11.204684
11.010652
11.276438
11.73777
11.628493
11.391524
10.91444
11.025752
10.99183
11.118106
10.949519
10.789101
10.941752
10.778958
10.801849
10.679814
10.716746
10.782068
10.697667
10.573424
10.618359
10.815429
10.890499
11.020457
10.809287
10.714524
10.831831
11.012586
10.899116
11.043959
10.956197
10.789779
10.795738
10.904999
10.935331
10.836405
10.752147
10.742636
10.676053
10.776338
10.641467
10.549793
10.642102
10.64519
10.545093
10.578297
10.623539
10.725108
10.772344
10.665435
10.574505
10.63559
10.642335
10.483222
10.498687
10.643392
10.742664
10.748819
10.567446
10.583868
10.748186
10.246239
10.293463
10.263612
10.301828
10.32391
10.313147
10.177062
10.214906
10.190368
10.218625
10.237458
10.227223
10.328748
10.312001
10.386744
10.176498
10.226925
10.239907
10.219898
10.278293
10.606099
10.662534
10.496099
10.755601
10.581987
10.705712
10.782744
10.587776
10.619102
10.445696
10.622276
10.403041
10.465085
10.499009
10.660898
10.549386
10.688968
10.491032
10.687558
10.442392
10.514842
10.558843
10.663619
10.531503
10.629008
10.747306
10.605769
10.797606
10.643529
10.755947
10.313136
10.391622
10.261857
10.291389
10.390459
10.347036
10.275875
10.352697
10.638463
10.673987
10.772418
10.781812
10.732668
10.80354
10.749575
10.753997
10.805839
10.765374
10.778061
10.820159
10.325618
10.230631
10.204224
10.310514
10.361776
10.242809
10.250495
10.394256
10.442346
10.463621
10.236515
10.2737
10.45091
10.421552
10.292696
10.362623
10.506634
10.241246
10.319252
10.323025
10.375766
10.441231
10.490481
10.522567
10.390257
10.495926
10.48877
10.517878
10.466804
10.60423
10.287778
10.292412
10.283883
10.371862
10.451416
10.479697
10.630365
10.352853
10.436037
10.612621
10.713716
10.72668
10.577727
10.550267
10.584057
10.707022
10.783555
10.774617
10.768724
10.813359
10.620366
10.750487
10.398013
10.384687
10.381015
10.351889
10.342046
10.331379
10.323442
10.298308
10.49108
10.455047
10.420177
10.437479
10.392632
10.550525
10.50487
10.462376
10.63077
10.631577
10.656566
10.673293
10.779965
10.761196
10.80176
10.833416
10.45954
10.506478
10.444634
10.572229
10.679529
10.716538
10.484021
10.540987
10.472611
10.608237
10.434447
10.372496
10.524037
10.428955
10.545484
10.425116
10.342807
10.518728
10.566826
10.496398
10.668792
10.588893
10.534006
10.50185
10.538493
10.637741
10.680316
10.757164
10.638839
10.526438
10.578373
10.655589
10.764472
10.417883
10.523079
10.51603
10.443741
10.428845
10.424842
10.371205
10.362065
10.444279
10.470496
10.470287
10.401628
10.391641
10.539465
10.389259
10.328102
10.45515
10.538244
10.50041
10.570445
10.429656
10.392068
10.56626
10.357727
10.306143
10.441233
10.373642
10.388307
10.385008
10.364762
10.312869
10.365589
10.336155
10.781672
10.809385
10.682981
10.653196
10.659878
10.784409
10.669864
11.663665
11.614746
11.933596
11.491961
11.464781
11.743812
11.682089
11.566922
11.569151
11.911078
11.45061
11.683277
11.37473
11.687611
11.395271
11.350946
11.396434
11.300316
11.937017
11.92405
11.107868
11.273632
11.197973
11.484093
11.035037
11.193997
11.111393
11.376604
11.099959
11.026189
11.079026
10.988999
10.89757
11.045547
10.898408
10.815398
10.868503
10.778609
11.255397
11.504869
11.232463
11.416462
11.065049
11.211189
11.471703
11.103301
10.957564
11.075387
10.914227
10.864127
10.99647
11.121015
11.022266
10.987073
11.160325
11.006323
10.88207
10.819967
10.937535
10.930659
11.622514
11.688006
11.258635
11.084156
11.220832
11.091757
10.929946
11.062497
11.126496
11.108002
11.000305
11.075439
11.347425
10.949276
10.811263
10.863159
10.811431
11.046766
11.471692
10.914406
11.049063
10.914479
11.134823
11.263399
11.439866
11.545638
10.66749
10.48076
10.524055
10.355762
10.7821
10.707368
10.531942
10.657026
10.671569
10.588027
10.445961
10.57146
10.872942
10.807227
10.810253
10.719946
10.880334
10.835236
10.607895
10.633767
10.65866
10.488551
10.812717
10.564065
10.553586
10.444404
10.309773
10.361216
10.460251
10.409784
10.376558
10.781654
10.69046
10.586063
10.710899
10.47713
10.67573
10.778305
10.613005
10.584203
10.509366
10.599344
10.643552
10.512142
10.498657
10.43943
10.525475
10.550832
10.762274
10.82385
10.778519
10.660152
10.644452
10.866543
10.926068
10.832815
10.768382
10.596467
10.625208
10.521837
10.846272
10.849106
10.653691
10.839397
10.789534
10.871511
10.944086
10.908778
11.00654
10.801876
10.893074
10.952759
10.896312
10.935742
10.932486
10.889676
10.584684
10.452608
10.519868
10.537143
10.510316
10.779069
10.661925
10.685584
10.859077
10.635727
10.865196
10.657172
10.730188
10.86835
10.86203
10.913625
10.998708
10.897419
10.90928
10.275302
10.270369
10.405316
10.380279
10.442819
10.312797
10.25394
10.23363
10.402744
10.373727
10.432042
10.287967
10.331693
10.488272
10.360578
10.530898
10.463657
10.328211
10.503288
10.36713
10.541187
10.463497
10.267568
10.360134
10.337964
10.213541
10.206735
10.248197
10.353744
10.196987
10.27559
10.265045
10.403198
10.58465
10.585508
10.427444
10.574177
10.42146
10.481931
10.687112
10.693437
10.500841
10.319382
10.21292
10.242819
10.267543
10.304138
10.217497
10.351119
10.272038
10.632616
10.667036
10.55724
10.654042
10.610861
10.655718
10.731148
10.737281
10.78814
10.809272
10.680528
10.802456
10.637916
10.461391
10.727983
10.532214
10.777789
10.754976
10.559331
10.558233
10.552659
10.403537
10.489949
10.523459
10.604262
10.631904
10.451818
10.601417
10.698011
10.650457
10.853109
10.838383
10.775111
10.893366
10.833073
10.463925
10.546791
10.56511
10.493964
10.387139
10.718291
10.597706
10.647824
10.708288
10.502655
10.595011
10.623316
10.485083
10.78529
10.807259
10.77165
10.571505
10.671605
10.665883
10.857037
10.759265
10.597305
10.529921
10.303174
10.43483
10.367077
10.369117
10.496929
10.575653
10.587735
10.497558
10.56883
10.685836
10.799235
10.778218
10.662724
10.741195
10.667454
10.363107
10.279829
10.372245
10.387337
10.290052
10.415235
10.496702
10.360396
10.43508
10.144344
10.179293
10.252402
10.301403
10.106727
10.155271
10.196404
10.243508
10.208541
10.128519
10.194191
10.226717
10.174509
10.075111
10.134074
10.11575
10.068147
10.102876
10.127409
10.096924
10.368964
10.421223
10.282842
10.218653
10.225275
10.384927
10.434737
10.291249
10.209029
10.098811
10.158132
10.098565
10.122537
10.193859
10.359662
10.390574
10.265751
10.301529
10.191233
10.362307
10.408916
10.204981
10.250974
10.407907
10.38612
10.544471
10.365744
10.510824
10.644318
10.448142
10.510496
10.357454
10.455135
10.582948
10.684381
10.656204
10.170514
10.157032
10.351992
10.24593
10.219385
10.329407
10.256496
10.486288
10.399838
10.360397
10.235158
10.456676
10.379491
10.329826
10.254418
10.318513
10.428138
10.366734
10.379688
10.35754
10.248
10.295056
10.371183
10.329891
10.335266
10.318812
10.245386
10.265814
10.240164
10.170906
10.215952
10.200537
10.248311
10.187858
10.187779
10.161235
10.417995
10.432864
10.373565
10.324584
10.237624
10.29874
10.239374
10.212736
10.371271
10.387761
10.356057
10.292477
10.606335
10.61812
10.515587
10.492907
10.505699
10.434293
10.730694
10.730659
10.604042
10.593018
10.58927
10.488696
10.449205
10.571195
10.472535
10.727685
10.696967
10.582589
10.526326
10.606211
10.445027
10.491652
10.376089
10.687372
10.716159
10.516432
10.626299
10.50267
10.511141
10.522128
10.738018
10.74498
10.596117
10.503157
10.523215
10.737286
10.605628
10.742926
10.582916
10.602416
10.426671
10.334749
10.367176
10.440101
10.388621
10.590734
10.485737
10.476725
10.484376
10.409966
10.369636
10.375227
10.502972
10.498463
10.412103
10.248924
10.390384
10.422561
10.351751
10.259838
10.593858
10.485763
10.478165
10.418663
10.302788
10.201315
10.283966
10.520089
10.386453
10.384641
11.784012
11.806513
11.704185
11.419831
11.51078
11.545178
11.488343
11.223379
11.305392
11.327877
11.597919
11.643577
11.378836
11.533802
11.496009
11.155437
11.275153
11.312245
11.250977
11.596958
11.572855
11.318785
11.426115
11.361885
11.410163
11.396576
11.489951
10.268065
10.265606
10.345413
10.292823
10.330423
10.194892
10.192797
10.265907
10.218725
10.255862
10.600994
10.433517
10.628181
10.705154
10.508862
10.72383
10.438067
10.436079
10.631377
10.58455
10.63227
10.461698
10.706026
10.737528
10.516561
10.518494
10.730526
10.675735
10.738034
10.537308
10.317907
10.337646
10.225006
10.223774
10.378805
10.394979
10.275641
10.287377
10.218525
10.518476
10.367052
10.380533
10.37297
10.270571
10.624137
10.67782
10.57321
10.542469
10.775228
10.782019
10.761252
10.835758
10.710085
10.667381
10.454342
10.494217
10.71405
10.653615
10.694359
10.606487
10.505943
10.549184
10.565143
10.762957
10.776368
10.829462
10.691235
10.46683
10.376287
10.362914
10.704941
10.607672
10.595952
10.50642
10.395597
10.24299
10.264525
10.522249
10.413362
10.302286
10.403491
10.442819
10.356217
10.300297
10.348713
10.579966
10.548958
10.494783
10.486584
10.403895
10.47676
10.496141
10.550166
10.509671
10.284769
10.290335
10.340244
10.319035
10.610888
10.61832
10.78501
10.369428
10.383041
10.475769
10.49049
10.637165
10.696952
10.361117
10.38683
10.481622
10.561514
10.905941
10.962799
10.700522
10.424027
10.482968
10.610009
10.807312
10.863728
10.620674
11.130478
10.841561
11.032351
10.959049
11.015758
11.192686
10.899843
11.086937
11.084074
11.260972
10.814734
10.446633
10.425243
10.50689
10.7484
10.58369
10.711274
10.863773
10.685021
10.639672
10.808061
11.052101
10.840004
10.730164
10.728454
10.780613
10.69272
10.754133
10.579688
10.57977
10.640807
10.570184
10.62725
11.152528
11.071468
11.010427
11.240303
11.185401
11.106963
11.076268
10.902906
10.978175
11.194473
11.060203
11.10505
10.934949
11.017933
10.862949
10.956838
10.791142
10.676771
10.671847
10.809635
10.896787
10.735284
10.952034
11.009116
10.949298
11.021229
10.891892
10.659003
10.713633
10.789849
10.851836
10.810562
10.861892
11.064187
10.892351
10.969307
10.855915
10.91703
10.785788
10.763383
11.073795
10.911902
10.988309
10.87661
10.930166
10.793472
10.63408
10.607056
10.763008
10.832484
10.799549
10.671072
10.724695
10.687802
10.665107
10.733611
11.021446
10.957713
10.913511
10.887168
10.756717
10.094088
10.178944
10.133048
10.189627
10.17038
10.146013
10.061101
10.118732
10.090075
10.125321
10.113716
10.097272
10.327969
10.379458
10.214054
10.324272
10.214258
10.34589
10.392573
10.233051
10.341238
10.228344
10.106045
10.114894
10.109145
10.05032
10.077921
10.062185
10.063771
10.064708
10.408837
10.354443
10.457195
10.478566
10.37495
10.556666
10.480193
10.614087
10.647286
10.504254
10.313264
10.413885
10.253317
10.229684
10.385517
10.250681
10.488214
10.566655
10.378879
10.489109
10.305681
10.273823
10.282198
10.219144
10.182118
10.191325
10.42956
10.364885
10.327589
10.267993
10.287202
10.227574
10.471458
10.369282
10.396761
10.331056
10.604468
10.49574
10.62799
10.488173
10.530286
10.443059
10.407756
10.442602
10.503351
10.636902
10.653095
10.562581
10.643668
10.54729
10.550809
10.225918
10.188486
10.14887
10.072954
10.104642
10.170475
10.25176
10.087267
10.088635
10.180483
10.150873
10.121807
10.268284
10.200838
10.182807
10.382797
10.400364
10.300368
10.393834
10.287575
10.292045
10.434274
10.374633
10.465083
10.394253
10.471832
10.270378
10.347388
10.132013
10.166181
10.359572
10.326085
10.22902
10.189939
10.262008
10.290703
10.163632
10.150277
10.122554
10.0972
10.216891
10.197117
10.186535
10.139901
10.16851
10.168244
10.092615
10.090994
10.178546
10.122474
10.129618
10.282587
10.393133
10.349566
10.349374
10.411841
10.45311
10.254097
10.338463
10.30247
10.322091
10.365549
10.418751
10.304206
10.283019
10.288513
10.206237
10.255157
10.219705
10.200667
10.204606
10.470823
10.527201
10.515766
10.436255
10.390855
10.565525
10.624164
10.584611
10.461234
10.380682
10.259764
10.345386
10.30454
10.276292
10.498174
10.477414
10.387484
10.338239
10.402962
10.492563
10.494113
10.349296
10.451347
10.274672
10.318224
10.390926
10.502368
10.513605
10.580991
10.431503
10.486453
10.550077
10.60907
10.52936
10.43147
10.644435
10.483054
10.534557
10.650383
10.565131
10.638698
10.615544
10.716717
10.605906
10.792022
10.699575
10.782805
10.745771
10.570313
10.541373
10.427852
10.438158
10.552664
10.595563
10.566359
10.406925
10.23902
10.254923
10.350039
10.291323
10.345725
10.394067
10.36239
10.610046
10.766572
10.730959
10.660554
10.716228
10.544313
10.416785
10.51159
10.440502
10.500366
10.589799
10.417235
10.570729
10.62966
10.637786
10.63428
10.673304
10.787349
10.680362
10.799863
10.478706
10.568915
10.641708
10.758809
10.73638
10.63496
10.644907
10.73253
10.786315
10.055942
10.091972
10.106553
10.105238
10.039404
10.070308
10.084951
10.084542
10.087348
10.100552
10.031716
10.052972
10.066697
10.137855
10.152982
10.155473
10.089758
10.106671
10.133124
10.14358
10.14696
10.157866
10.177142
10.128303
10.127881
10.158336
10.190195
10.20301
10.062215
10.125346
10.094834
10.186443
10.203706
10.190498
10.237576
10.200917
10.17522
10.273893
10.23793
10.300027
10.246913
10.139462
10.273694
10.328011
10.291519
10.289048
10.400179
10.403966
10.286258
10.368814
10.405964
10.400578
10.233434
10.170623
10.18689
10.218726
10.217971
10.272774
10.263692
10.325113
10.39263
10.391385
10.38604
10.319034
11.702949
11.720158
11.71752
11.717736
11.511576
11.598637
11.85784
11.390493
11.428903
11.686649
11.531993
11.420778
11.324941
11.428857
11.289207
11.363689
11.29058
11.170147
11.095597
11.489414
11.878813
11.450437
11.655419
11.403158
11.401283
11.712292
11.388022
11.41906
11.453557
11.19154
11.130957
11.198148
11.233764
11.078541
11.260996
11.157169
11.920965
11.924498
11.410324
11.162962
11.511063
11.33011
11.175553
11.271667
11.151643
11.167343
11.395552
11.094234
11.102968
11.32111
11.138913
11.239597
11.053861
11.165904
11.083841
11.155187
11.002046
11.018939
10.998101
10.959299
11.037374
11.164558
11.281491
11.016337
11.200432
10.965605
11.046144
11.111445
11.35868
11.478421
11.101505
11.233876
11.048533
11.166849
11.170104
11.20183
11.328731
11.487165
11.614848
11.423857
11.300428
11.39416
11.638722
11.527482
11.691767
11.779812
10.907167
11.117826
10.993179
10.869523
11.081161
10.949215
10.860587
10.870516
10.744895
10.823383
10.718806
10.732803
11.025345
11.175772
11.113649
11.001878
11.144838
10.959962
10.793886
10.809129
10.898899
11.067391
11.125675
10.981632
10.899018
10.811115
10.921586
11.0335
10.900849
10.968476
11.032472
11.26808
11.168801
11.07379
11.262854
11.135238
11.20823
11.334798
10.525485
10.527135
10.355798
10.511955
10.451988
10.399419
10.463569
10.456149
10.305473
10.446992
10.401945
10.352922
10.682706
10.67972
10.554719
10.595958
10.600701
10.779999
10.76566
10.621978
10.659586
10.589792
10.57293
10.784361
10.743522
10.43709
10.365901
10.411424
10.287912
10.322813
10.348415
10.32803
10.35517
10.679526
10.564006
10.378241
10.55769
10.720917
10.471535
10.440072
10.758475
10.622342
10.570087
10.534668
10.587082
10.777632
10.790679
10.656891
10.64352
10.59298
10.667919
10.423815
10.450254
10.502769
10.43172
10.632434
10.519276
10.5298
10.4946
10.402268
10.422321
10.421664
10.444902
10.384481
10.354827
10.350309
10.377982
10.40021
10.394558
10.406727
10.479717
10.476991
10.529173
10.417181
10.414432
10.460608
10.382368
10.427231
10.563233
10.579281
10.43603
10.457442
10.493657
10.788505
10.61876
10.73641
10.804059
10.632236
10.760945
10.611385
10.859413
10.65265
10.712201
10.832815
10.660297
10.636437
10.904299
10.688592
10.74866
10.497484
10.550991
10.499959
10.501474
10.520492
10.43226
10.48333
10.446164
10.743693
10.948202
10.787328
10.827779
10.608629
10.511608
10.525366
10.624256
10.552085
10.435142
10.520545
10.444607
10.723795
10.585065
10.730182
10.602569
10.699298
10.569802
10.608635
10.716709
10.609178
10.567067
10.57412
10.664923
10.540229
10.492935
10.703162
10.553402
10.439839
10.446014
10.503246
10.440748
10.587895
10.487081
10.508645
10.494943
11.544815
11.697641
11.48066
11.360834
11.676477
11.86609
11.632219
11.4836
11.33532
11.272502
11.572658
11.37086
11.290433
11.709972
11.533628
11.928571
11.699018
11.948583
11.76649
11.513112
11.489782
11.333223
11.888686
11.74018
11.699444
11.609685
11.483335
11.201281
11.115003
11.216866
11.502027
11.341567
11.572743
11.553705
11.241724
11.148934
11.231839
11.185684
11.192768
11.452139
11.312542
11.179137
11.181055
11.012758
11.120066
10.946358
11.033721
11.016549
10.868722
10.987052
10.811899
10.993022
11.371246
11.201918
11.09548
11.016516
11.058269
10.889727
10.897682
11.03865
11.161208
11.262407
11.075935
10.890859
10.971707
11.087333
11.01153
10.936025
11.010187
10.830241
10.765816
10.829698
10.841589
10.827827
11.378053
11.212687
11.184326
11.12364
11.093631
10.93102
11.026018
10.903214
10.2195
10.208038
10.193355
10.209777
10.159154
10.142227
10.139558
10.14371
10.489797
10.488878
10.364813
10.363117
10.577445
10.575326
10.43168
10.42186
10.360788
10.448342
10.445628
10.338975
10.296707
10.389355
10.485928
10.483388
10.374257
10.323707
10.416542
10.313104
10.271068
10.362856
10.295585
10.425525
10.321203
10.272864
10.507827
10.38613
10.614831
10.463087
10.55895
10.555422
10.633817
10.488012
10.385117
10.388604
10.611597
10.616251
10.452073
10.559737
10.528075
10.400738
10.636669
10.49146
10.497026
10.259156
10.287283
10.220674
10.1928
10.352533
10.341447
10.427937
10.332101
10.377238
10.25975
10.278956
10.250546
10.286276
10.193549
10.193189
10.298379
10.256455
10.368108
10.236358
10.271142
10.176573
10.170076
10.288706
10.252771
10.22811
10.227704
10.211426
10.202651
10.192092
10.461882
10.33372
10.369435
10.366784
10.268393
10.267487
10.149686
10.159682
10.151454
10.153739
10.225543
10.222198
10.219875
10.218544
10.045783
10.107196
10.112185
10.063225
10.090239
10.052354
10.136243
10.135031
10.071233
10.107072
10.04767
10.062432
10.046085
10.028666
10.044639
10.025265
10.037273
10.028628
10.037005
10.027394
10.014767
10.02624
10.096948
10.093544
10.071309
10.048241
10.096241
10.046647
10.04544
10.093768
10.091915
10.070571
10.049828
10.09334
10.144986
10.069424
10.138513
10.227436
10.206953
10.065575
10.171772
10.095268
10.039872
10.221207
10.109957
10.206134
10.148405
10.145008
10.143069
10.160087
10.221462
10.208338
10.204378
10.200593
10.20224
10.225729
10.081014
10.131357
10.217012
10.227552
10.149469
10.124374
10.227483
10.118171
10.213628
10.146312
10.197454
10.097984
10.123789
10.128751
10.12752
10.097857
10.139715
10.163136
10.179639
10.097312
10.071577
10.045984
10.044356
10.073756
10.105551
10.102636
10.076062
10.029104
10.02366
10.081273
10.045999
10.061786
10.084974
10.119031
10.121541
10.179691
10.175882
10.163817
10.153052
10.133307
10.09606
10.119097
10.184791
10.13696
10.176702
10.133833
10.10023
10.170413
10.131345
10.15692
10.129997
10.216655
10.213437
10.15772
10.164245
10.196835
10.192171
10.21962
10.182348
10.160603
10.18205
10.087
10.056234
10.077538
10.042341
10.072209
10.095717
10.082986
10.1326
10.108615
10.115896
10.143426
10.15595
10.104747
11.063321
10.869203
10.865598
10.878449
11.028916
11.251238
11.066399
11.040236
11.069577
11.218638
10.427172
10.644666
10.637661
10.654984
10.500211
10.432894
10.529182
10.37042
10.595583
10.569901
10.602804
10.438934
10.383287
10.479772
10.364483
10.405747
10.566765
10.34606
10.257772
10.280626
10.417297
10.235972
10.96416
11.14753
10.989623
11.367884
11.326986
11.24428
11.463837
11.255492
10.447887
10.522009
10.699381
10.421525
10.476044
10.655903
10.354929
10.44101
10.296104
10.298635
10.246865
10.320816
10.380908
10.241978
10.312185
10.774962
10.798433
10.985231
10.946781
10.739055
10.746033
10.86602
10.922901
10.613881
10.784144
11.129687
10.92315
10.70314
10.679893
11.012599
11.010807
10.832112
10.641757
10.805125
10.919453
10.935141
10.650115
10.990376
10.986761
10.746846
10.594608
10.92095
11.006929
11.022762
10.725449
11.079649
10.756326
10.932778
11.111607
10.810724
11.278338
10.90874
11.068718
10.630537
10.413276
10.52777
10.405251
10.311444
10.259926
10.500056
10.642473
10.509702
10.328171
11.11595
11.28257
11.411656
11.143506
11.169032
11.320584
10.438787
10.617561
11.058144
10.838387
10.680555
10.350619
10.304316
10.229454
10.218925
10.240308
10.28059
10.673091
10.377802
10.476374
10.446364
10.586227
10.387514
10.581474
10.660627
10.57651
10.782342
10.790021
10.974636
10.727107
10.491128
10.366898
10.515561
10.368486
10.557505
10.437263
10.590139
10.43949
10.442002
10.406298
10.427116
10.584562
10.623945
10.64699
10.579103
10.526059
10.566094
10.743409
10.321039
10.460289
10.306356
10.454951
10.594686
10.330787
10.477227
10.312366
10.295394
10.299405
10.462485
10.362235
10.38543
10.393329
10.281064
10.298054
10.433387
10.445286
10.331361
10.301824
10.427118
10.686522
10.493914
10.770756
10.626911
10.579892
10.361564
10.363007
10.426335
10.289454
10.296205
10.411878
11.542674
11.358351
11.583923
11.642247
11.462055
11.709115
11.369836
11.29593
11.562245
11.369719
11.386073
11.300139
11.181638
11.259871
11.278683
11.192187
11.092944
11.189486
11.208754
11.131635
11.030223
11.376344
11.184412
11.272431
11.659638
11.416058
10.625857
10.565984
10.560623
10.614274
10.426098
10.44569
10.38417
10.67058
10.596215
10.613007
10.666412
10.445267
10.481829
10.408147
10.294453
10.267176
10.34646
10.270685
10.216636
10.205092
10.269295
10.203982
10.663231
10.699889
10.730185
10.77826
10.766631
10.822058
10.873268
10.908906
10.473231
10.702757
10.645684
10.766844
10.560083
10.62453
10.460272
10.503997
10.411826
10.643113
10.511921
10.712776
10.531537
10.562927
10.46919
10.704392
10.556915
10.698346
10.759543
10.856825
10.774629
10.615769
10.856313
10.675944
10.577224
10.880405
10.91013
10.874148
10.688235
10.708085
10.313732
10.487953
10.364673
10.426502
10.278547
10.311158
10.33191
10.401834
10.335659
10.259017
10.236308
10.42325
10.274111
10.30163
10.325408
10.291579
10.225335
10.207711
10.242336
10.234531
10.370662
10.349637
10.489506
10.406866
10.540768
10.558343
10.365458
10.275973
10.215429
10.379552
10.334858
10.270185
10.29774
10.126659
10.105649
10.150438
10.12702
10.110241
10.150727
10.034495
10.086749
10.045097
10.027697
10.009401
10.037584
10.021318
10.007948
10.075121
10.063225
10.108416
10.079935
10.066065
10.063837
10.112206
10.033451
10.01209
10.043927
10.060773
10.00752
10.208501
10.315883
10.109767
10.140365
10.249407
10.363242
10.312912
10.167771
10.233251
10.344144
10.196477
10.340914
10.492254
10.489685
10.095405
10.04561
10.074809
10.101964
10.034194
10.015732
10.051952
10.071706
10.028732
10.140158
10.16137
10.097728
10.005791
10.007592
10.037387
10.033677
10.007026
10.018184
10.722343
10.75793
10.558873
10.644352
10.610797
10.632016
10.477024
10.535757
10.963079
10.863116
10.730983
10.907914
10.851033
10.694824
11.032445
10.80363
10.986973
11.06343
10.832321
11.040828
10.796308
11.057872
11.10583
10.831741
10.820108
11.122304
10.868111
10.964238
11.150822
10.92336
11.257666
11.008704
11.115305
10.705732
10.873287
10.613651
10.697198
10.735975
10.832979
10.69387
10.672107
10.848551
10.578169
10.574987
10.663097
10.758618
10.586632
10.826702
10.646331
10.873804
10.652458
10.695192
10.768887
10.581234
10.499034
10.577237
11.07655
10.984443
10.880572
11.289691
11.189751
11.128988
10.989311
10.961769
10.807949
11.114579
11.007189
10.834207
10.758755
10.757265
10.624939
10.892286
10.956141
10.740123
10.629008
10.608997
10.524097
10.470551
10.528494
10.489769
10.491939
10.572651
10.593156
10.547464
10.822243
10.716751
10.89074
10.972893
10.680345
10.700462
10.902945
10.766298
10.770481
11.130545
11.051013
11.043017
10.891765
10.966427
10.859843
10.517307
10.5623
10.898715
10.770813
10.783321
10.689208
10.64163
10.642882
10.584981
10.817437
10.695572
10.726941
11.808285
11.803885
11.612681
11.792754
11.806848
11.60512
11.489094
11.679829
11.38297
11.875202
11.957033
11.477189
11.679428
11.484559
11.747748
11.369943
11.483392
11.318922
11.214347
11.207056
10.733733
11.029966
10.84366
10.787417
10.614136
10.90484
10.710964
10.696309
11.45049
11.24994
11.183806
11.080422
11.496393
11.275157
11.232102
11.106877
10.854165
10.835422
10.782444
10.697094
10.534579
10.613528
10.648434
10.639567
10.581067
10.520852
11.413864
11.665447
11.443051
11.638078
11.046273
11.086476
11.263192
11.062063
11.457358
11.07164
11.04405
10.96613
11.132215
10.821657
10.728401
11.031699
10.915909
11.077018
10.935563
11.059699
10.946408
10.816357
10.811199
10.793101
11.009597
10.99982
10.821332
10.746161
10.871441
10.706823
11.004732
10.909326
10.657728
10.886351
10.818019
10.578195
10.652104
10.624312
10.55191
10.764229
10.635968
10.348726
10.503775
10.384417
10.49986
10.285992
10.438879
10.3298
10.416787
10.880283
10.547801
10.674272
10.526828
10.959353
10.607266
10.74229
10.584386
10.757959
11.055986
10.921316
10.313654
10.341863
10.417769
10.380019
10.216418
10.24552
10.308599
10.424752
10.224224
10.333339
10.185841
10.200323
10.191418
10.280221
10.452739
10.50482
10.382001
10.825478
10.646064
10.729348
10.445479
10.245759
10.284183
10.499194
10.38137
10.229334
10.212432
10.335045
10.475663
10.407488
11.469649
11.372346
11.488037
11.493976
11.381312
11.406981
11.295905
11.208093
11.212414
11.211538
11.046442
11.262166
11.07519
11.296565
11.194418
11.211237
11.103028
11.192482
11.211813
11.107091
11.099705
11.031563
11.029256
12.00754
11.95979
11.808999
11.293012
11.286043
11.229673
10.992181
10.95756
10.922722
11.558474
11.714929
11.438843
11.592435
11.742398
11.803756
11.761006
11.847796
11.489315
11.132889
11.114129
11.490307
11.273245
11.443371
11.130101
11.060851
11.525546
11.61305
11.31681
11.280661
11.506437
11.006933
11.265183
11.183761
11.234389
11.402655
11.574206
11.391526
10.634634
10.729939
10.542822
10.609974
10.642258
10.694045
10.5412
10.571336
10.559661
10.74392
10.738845
10.639156
10.553484
10.690734
10.57022
10.630217
10.772786
10.81656
10.733925
10.605301
10.534968
10.472782
10.468007
10.406498
10.529321
10.515503
10.507778
10.435517
10.418513
10.359406
10.844025
10.75414
10.728537
10.824529
10.852913
10.864791
10.968105
10.849252
10.714865
10.783809
10.904349
10.804384
10.974683
10.889177
10.927965
10.657963
10.526945
10.613634
10.713678
10.587705
10.478021
10.780622
10.679505
10.548941
10.749662
10.596883
10.795344
10.861126
10.721706
10.574357
10.79161
10.642905
10.446542
10.543432
10.417809
10.481365
10.513628
10.500908
10.429596
10.385003
10.459619
10.369356
10.584288
10.620414
10.805789
10.614266
10.621064
10.673421
10.45532
10.407148
10.399673
10.344098
10.453223
10.502419
10.471611
10.356246
10.333436
10.474844
10.41447
10.479553
10.546806
10.381959
10.316569
10.429186
10.358086
10.552774
10.399216
10.38063
10.457499
10.413568
10.343354
10.490063
10.341903
10.688617
10.605182
10.751285
10.548077
10.585942
10.364058
10.302115
10.339024
10.314287
10.292132
10.293036
10.295857
11.29558
11.07043
11.140178
10.941553
11.200859
11.337936
11.292759
11.196369
11.349913
11.047419
11.080006
11.079029
11.052896
10.865861
10.970073
11.079831
10.846838
10.863559
10.864695
11.137907
10.909697
10.915182
10.973245
11.200848
11.236046
10.978416
11.097424
10.958985
10.960677
11.013507
11.084877
11.680394
11.661597
11.268606
11.42973
11.426107
11.862683
11.838525
11.439355
11.606472
11.600012
11.585965
11.290904
11.342403
11.605784
11.293138
11.378181
11.474316
11.920326
11.777667
11.531413
11.701169
11.46031
11.876152
11.636395
11.660912
11.132182
11.128875
10.895706
10.939914
11.17361
11.292951
11.066521
11.062342
10.810957
10.854555
11.068155
11.298525
11.442223
11.464621
11.177939
10.955781
11.071616
11.163364
11.154216
10.974016
11.01719
11.096793
11.075519
10.90185
10.942857
11.02058
11.101931
10.945615
11.169292
10.983897
11.155421
11.058774
10.903185
11.055088
10.896967
11.019609
11.653865
11.428945
11.205413
11.322757
11.477307
11.168231
11.138252
10.926224
11.015383
10.87972
10.906999
10.70806
10.762368
10.802098
10.769546
10.808717
10.691313
10.744863
10.781894
10.88942
10.948788
10.833244
10.832925
10.723585
10.220464
10.227284
10.285801
10.219821
10.157422
10.152773
10.223698
10.156473
10.588274
10.590135
10.489375
10.427279
10.534296
10.729183
10.738229
10.608623
10.544947
10.67995
10.625946
10.542482
10.522119
10.761314
10.635624
10.806478
10.69221
10.672473
10.553499
10.472021
10.766674
10.761683
10.797481
10.705697
10.579252
10.446497
10.359399
10.605131
10.572078
10.495878
10.407822
10.332213
10.36988
10.523556
10.464783
10.554336
10.4671
10.345478
10.39615
10.280598
10.182606
10.369509
10.301841
10.270809
10.296001
10.225311
10.412054
10.297497
10.18405
10.207386
10.415253
10.530232
10.350321
10.257187
10.407703
10.288231
10.407962
10.368039
10.696354
10.642592
10.646146
10.508087
10.506329
10.451804
10.434496
10.32115
10.328588
10.237876
10.47982
10.405658
10.341831
10.193645
10.184756
10.362198
10.259706
10.345233
10.317119
10.271409
10.170425
10.159912
10.14441
10.102629
10.126251
10.125434
10.143747
10.128549
10.105607
10.069982
10.086122
10.094944
10.236558
10.287503
10.221484
10.280688
10.226463
10.169338
10.297175
10.34189
10.267893
10.324755
10.228858
10.267614
10.181357
10.196103
10.182513
10.265993
10.289774
10.225682
10.269766
10.197325
10.306281
10.328119
10.296117
10.216108
10.195396
10.233481
10.26934
10.320158
10.340448
10.304016
10.229837
10.202904
10.39034
10.456511
10.403603
10.436755
10.397409
10.538484
10.633917
10.560475
10.605098
10.549115
10.33699
10.260823
10.339612
10.362526
10.282918
10.461633
10.466361
10.402447
10.321571
10.411016
10.388804
10.40045
10.358202
10.429109
10.624625
10.543353
10.529813
10.557624
10.495308
10.594183
10.257643
10.30794
10.466689
10.478383
10.400262
10.309796
10.458476
10.304808
10.361652
10.225298
10.144556
10.137175
10.093354
10.217611
10.246112
10.234342
10.19786
10.129552
10.322885
10.379785
10.247271
10.378041
10.400786
10.499292
10.450813
10.407295
10.469722
10.311863
10.175732
10.223432
10.420725
10.388621
10.26592
10.327137
10.235831
10.148173
10.35633
10.187591
10.24743
10.136866
10.064271
10.082728
10.092115
10.114042
10.08885
10.365625
10.425191
10.37765
10.597967
10.565356
10.53002
10.56327
10.49745
10.468807
10.350803
10.338699
10.315941
10.343425
10.507651
10.462812
10.404543
10.423188
10.156734
10.104546
10.1024
10.268008
10.187493
10.283949
10.215812
10.150525
10.195081
10.115802
10.133829
10.139346
10.107033
10.186266
10.15627
10.167446
10.15575
10.125607
10.183698
10.139069
10.145754
10.280686
10.234331
10.235284
10.159337
10.123584
10.248238
10.227149
10.178521
10.091363
10.053465
10.03464
10.068462
10.172132
10.120401
10.068353
10.045121
10.077649
10.065787
10.161322
10.173142
10.11594
10.06838
10.087742
10.039737
10.026219
10.082321
10.051614
10.063334
10.057048
10.032069
10.020604
10.067458
10.04371
10.052122
10.044745
10.024578
10.053998
10.039905
10.022596
10.057079
10.033423
10.045135
10.019191
10.05106
10.037329
10.013182
10.029127
10.018101
10.010856
10.009895
10.01545
10.114395
10.122548
10.234712
10.167597
10.132856
10.096605
10.173689
10.198468
10.075653
10.059653
10.062848
10.067894
10.085391
10.13476
10.091192
10.073218
10.12309
10.088716
10.070902
10.026453
10.07011
10.045063
10.151641
10.367744
10.495018
10.329292
10.442547
10.449036
10.749265
10.538301
10.437736
10.551805
10.884218
10.645855
10.533598
10.271553
10.370697
10.213272
10.682686
10.509635
10.47947
10.600354
10.772702
10.617115
10.583812
10.670521
10.609293
10.736983
10.972352
10.720071
10.894483
10.778918
10.805928
10.940662
10.354757
10.418885
10.532194
10.429746
10.68609
10.534945
10.605559
10.36563
10.441448
10.339515
10.344748
10.202071
10.286885
10.503321
10.35093
10.439597
10.510574
10.484908
10.42286
10.46922
10.585519
10.559721
10.692939
10.840588
10.588728
11.865931
11.92147
11.843722
11.869181
11.495486
11.488372
11.251593
11.245711
11.670289
11.369751
11.686664
11.357691
11.575287
11.86213
11.764714
12.08569
11.341815
11.345115
11.72766
11.389264
11.377624
11.784286
11.15946
11.145014
11.046823
11.21658
11.07029
11.019452
10.928932
11.228977
11.045589
11.052878
11.075723
10.916976
11.191629
11.552814
11.189518
11.19007
11.11669
11.181723
11.219578
11.031437
10.965449
11.059048
12.153047
11.988904
10.926717
10.892143
11.024036
10.890229
11.047168
11.000569
11.077214
10.980459
10.834286
11.091763
10.963945
10.831999
10.849772
10.879849
11.053546
11.10214
10.874518
10.890627
11.051839
10.964627
10.775866
10.830436
10.903141
10.772817
10.90735
10.720728
10.783345
10.845853
11.027602
10.950308
10.813785
10.827382
11.005971
10.706004
10.869841
10.678343
10.705267
10.729199
10.626136
10.590253
10.880622
10.746498
10.882584
10.667594
10.705476
10.712622
10.611008
10.741616
11.042052
10.856614
11.026879
10.877959
10.240342
10.295157
10.270184
10.2538
10.205673
10.215879
10.291085
10.270384
10.256642
10.191841
10.269853
10.319968
10.309228
10.404659
10.235877
10.237045
10.195098
10.269017
10.322458
10.321062
10.404766
10.23747
10.347737
10.321248
10.358144
10.433879
10.431567
10.353844
10.310832
10.410499
10.373198
10.393981
10.47076
10.446862
10.400097
10.334317
10.312586
10.390674
10.444157
10.417994
10.31036
10.238163
10.275808
10.262117
10.295369
10.32959
10.308348
10.434974
10.341561
10.419798
10.345979
10.374115
10.332676
10.441775
10.240751
10.337732
10.239375
10.250549
10.529867
10.556722
10.532377
10.522205
10.662688
10.538356
10.435903
10.542785
10.556635
10.670158
10.164228
10.187389
10.181558
11.625254
11.981555
11.568748
11.724857
12.135862
11.667345
11.352193
11.205244
11.21478
11.048078
11.290652
11.346034
11.508304
11.291086
11.131548
11.197878
11.23542
11.291319
11.053358
11.129845
11.171869
12.234408
11.425938
11.409885
11.173185
11.194953
11.199313
11.499951
11.635065
11.29318
11.450505
11.542887
11.258517
11.290067
11.334417
11.473307
11.352924
11.035203
10.872202
10.996873
11.064663
10.907563
11.063157
10.832722
10.852883
10.940993
11.0355
10.873113
10.841696
10.864737
10.974897
10.804294
10.716157
10.644091
10.755933
10.869405
10.719753
10.717964
10.626138
10.584116
10.762832
10.903408
10.71308
10.990201
10.805879
10.765003
10.90289
10.715202
10.74383
10.754974
10.763887
10.61016
10.643977
10.756941
10.619092
10.625655
10.628674
10.517034
10.803134
10.648362
10.724945
10.742129
10.626934
10.575534
10.71279
10.578283
10.903412
10.694473
10.833009
10.9214
10.725452
10.74423
10.786406
10.629027
10.886829
10.676374
10.894623
10.885488
10.728611
10.846652
10.73182
10.743055
10.894525
10.857669
10.648498
10.526767
10.612652
10.575324
10.588254
10.493998
10.520835
10.550338
10.886559
10.773281
10.67712
10.885042
10.771085
10.675879
10.699362
10.84905
10.910191
10.698012
10.708518
10.854314
10.824989
10.75969
10.648421
10.820456
10.752705
10.642995
10.625719
10.688301
10.596594
10.696896
10.568988
10.6123
10.537527
10.65053
10.514291
10.623281
10.530304
10.541536
10.493107
10.473647
10.501754
10.39542
10.636131
10.658645
10.795985
10.789575
10.612743
10.492548
10.60732
10.590174
10.669576
10.584439
10.599806
10.522447
10.631333
10.493185
10.52998
10.453249
10.38389
10.48346
10.449342
10.912461
11.010348
10.436497
10.285228
10.863559
10.954912
10.680549
10.529422
10.727061
10.586202
10.445526
10.560582
10.806605
10.616868
10.496568
10.264893
10.469627
10.354347
10.375906
11.000873
10.967195
10.818809
10.959136
10.950662
10.791262
10.892112
10.864405
10.997504
10.891263
10.867317
10.963077
10.837923
10.927952
10.823331
10.804414
10.820264
10.945549
10.801866
10.917885
10.768982
10.793534
10.74018
10.69922
10.789926
10.702374
10.662446
10.667735
10.626686
10.580149
10.727234
10.770246
10.655653
10.607616
10.628392
10.824033
10.673047
10.731748
10.709989
10.678301
10.574973
10.594635
10.133842
10.07525
10.079462
10.113145
10.064846
10.070471
10.092994
10.129626
10.075831
10.094453
9.9844738
9.9883759
9.9895917
9.9800857
9.9749297
9.9750792
10.031695
10.04666
10.043401
10.038063
10.055898
10.016594
10.022521
10.029982
10.033223
9.98593
9.9863082
10.008046
10.011752
10.005069
10.009695
10.049748
9.9837204
9.9834976
10.024196
10.014112
9.9908059
10.030189
10.080286
10.079391
10.16968
10.115542
10.090655
10.089795
10.172216
10.123142
10.121771
10.082383
10.146707
10.098645
10.092881
10.058915
10.048381
10.09377
10.07515
10.052397
10.101051
10.060639
10.035955
10.093376
10.084361
10.128245
10.162694
10.142216
10.087042
10.123434
10.181909
10.044532
10.10343
10.064679
10.0511
10.030636
10.074543
10.027304
10.060626
10.031561
10.027961
10.18682
10.254123
10.176056
10.278201
10.099144
10.131294
10.130011
10.12123
10.166759
10.201499
10.960359
10.787134
10.992099
10.817926
10.915357
10.786145
10.904881
10.787249
10.892232
10.989141
10.895376
10.756165
10.900864
10.697661
10.888267
10.740257
10.898952
10.69083
10.588694
10.674443
10.762241
10.6613
10.633193
10.581458
10.494742
10.696175
10.869259
10.908086
10.699752
10.869958
10.687006
10.701142
10.537358
10.448992
10.538985
10.685138
10.53447
10.831336
10.827394
10.661353
10.160647
10.229174
10.185548
10.191028
10.116891
10.168659
10.141331
10.138232
10.248117
10.300242
10.210699
10.221499
10.119261
10.142082
10.178315
10.220187
10.154588
10.162077
10.564195
10.436847
10.52185
10.525446
10.733538
10.561186
10.670865
10.682325
10.526199
10.51935
10.53988
10.453956
10.730984
10.681928
10.685629
10.667247
10.694136
10.582361
10.405079
10.415058
10.289433
10.24342
10.213529
10.431663
10.521352
10.399275
10.418977
10.292326
10.510762
10.363115
10.298399
10.363804
10.685873
10.624608
10.640343
10.665852
10.484126
10.619861
10.444552
10.426284
10.345072
10.53825
10.638059
10.626401
10.510569
10.360816
10.516121
10.424477
10.441754
10.376906
10.677184
10.567108
10.647452
10.554047
10.481648
10.302189
10.244959
10.547303
10.472874
10.446559
10.370724
10.460362
10.321234
10.203864
10.168271
10.183957
10.253386
10.303493
10.265421
10.145409
10.174578
10.272653
10.200267
10.467259
10.331672
10.344947
10.729305
10.628492
10.596644
10.966099
11.060136
10.814329
10.813873
10.981078
11.040398
10.818538
10.824776
10.948656
10.779231
10.954635
10.801844
10.90775
10.761607
10.910307
10.805718
10.920578
10.767311
10.878122
10.785253
10.877942
11.089594
10.905362
10.862958
10.758573
10.751771
10.811291
10.706481
10.701311
10.737136
10.816334
10.723208
10.789361
10.665311
10.675793
10.863535
10.682822
10.719239
10.622329
10.622782
10.573383
10.686554
10.674425
10.640014
10.649853
10.687484
10.607565
10.593098
10.562897
10.664769
10.64865
10.531547
10.58781
10.490539
10.758677
10.74513
10.604546
10.654266
10.548272
10.641117
10.667434
10.643064
10.509328
10.502995
10.709072
10.757027
10.727584
10.563032
10.562943
10.669735
10.576836
10.513725
10.711062
10.757476
10.760009
10.656072
10.569746
10.659203
10.581791
10.613571
10.788017
10.691722
10.790748
10.763081
10.790893
10.782261
10.68556
10.72316
10.502033
10.526874
10.769077
10.751403
10.73736
10.570841
10.759208
10.572997
10.605945
10.466704
10.425646
10.45769
10.531432
10.6773
10.588113
10.59086
10.618988
10.480739
10.440807
10.472071
10.542048
10.38793
10.410191
10.564828
10.452239
10.52569
10.457459
10.430257
10.402734
10.360128
10.372417
10.3802
10.397609
10.383403
10.387966
10.41315
10.354849
10.348277
10.38072
10.360599
10.424523
10.405165
10.450105
10.44792
10.451523
10.354754
10.369864
10.350616
10.360124
10.388992
10.376004
10.417075
10.612324
10.505183
10.477897
10.502258
10.40828
10.389322
10.401714
10.46769
10.404702
10.432612
10.47882
10.396315
10.430118
10.388633
10.45992
10.598308
10.504419
10.636345
10.553425
10.479399
10.47227
10.466001
10.432411
10.377225
10.363425
10.375393
10.382388
10.417554
10.376126
10.409863
10.360393
10.223909
10.325458
10.297432
10.215982
10.36817
10.228621
10.335848
10.301343
10.224482
10.462733
10.429992
10.415486
10.374373
10.467015
10.376705
10.595534
10.564367
10.545792
10.477637
10.241524
10.183525
10.182912
10.214769
10.187098
10.235846
10.196665
10.194687
10.434693
10.454635
10.414549
10.39719
10.380906
10.598931
10.480824
10.571855
10.592362
10.524582
10.512142
10.487066
10.41255
10.379706
10.282376
10.56684
10.520851
10.524598
10.547828
10.492177
10.455219
10.334629
10.382213
10.571694
10.497299
10.51796
10.477268
10.273251
10.238704
10.427149
10.383178
10.505046
10.490226
10.44333
10.325289
10.316496
10.277895
10.366698
10.344047
10.468459
10.428079
10.43116
10.394317
10.459577
10.440779
10.42603
10.414968
10.24055
10.311498
10.388568
10.258888
10.394874
10.356808
10.176239
10.180034
10.236102
10.229069
10.145503
10.150054
10.161011
10.159732
10.156658
10.133934
10.129793
10.249068
10.171196
10.157578
10.204525
10.182733
10.134554
10.138168
10.129939
10.832269
10.836753
10.803338
10.825588
11.113166
11.002209
10.999926
11.166245
11.068727
11.052755
10.859539
10.934476
11.114136
10.883031
10.937001
10.706333
10.779918
10.778972
10.711709
10.720115
10.593417
10.668593
10.660653
10.610491
10.702742
10.672839
10.690337
10.585345
10.580217
10.862786
10.844911
10.975511
10.925415
10.785127
10.734926
10.867739
10.907758
10.987608
10.902879
10.78611
10.840479
10.741726
10.724813
10.811463
10.772541
10.598087
10.676991
10.654996
10.854486
10.834359
10.881051
10.917531
11.008824
10.768089
10.743503
10.746843
10.741717
10.672917
10.733274
10.655777
10.585522
10.67162
10.647048
10.625668
10.563627
10.561866
10.884234
10.645424
10.245238
10.296251
10.245448
10.252868
10.206337
10.270422
10.199027
10.215789
10.386093
10.398421
10.369822
10.357221
10.35001
10.448796
10.460455
10.411761
10.373851
10.391215
10.31653
10.32023
10.243321
10.332873
10.334141
10.416966
10.371028
10.355708
10.332105
10.482936
10.50336
10.535314
10.453934
10.452038
10.409789
10.435122
10.371563
10.368559
10.600172
10.501326
10.502588
10.374755
10.375817
10.527025
10.43728
10.568565
10.602592
10.508402
10.500294
10.515547
10.384721
10.340851
10.433311
10.430829
10.440839
10.395221
10.455666
10.420201
10.335134
10.336119
10.355842
10.364013
10.360549
10.340604
10.402289
10.401879
10.423389
10.482652
10.408455
10.52077
10.32698
10.356176
10.371912
10.500509
10.416866
10.415738
10.359184
10.34241
10.387616
10.335157
10.2883
10.371987
10.348073
10.397306
10.344636
10.406061
10.505398
10.384585
10.297256
10.246582
10.242218
10.481699
10.399233
10.419212
10.428066
10.319268
10.254052
10.362802
10.34469
10.364248
10.304453
10.051631
10.036425
10.024144
10.092308
10.095625
10.085759
10.062366
10.042133
10.02949
10.109044
10.111766
10.099034
10.034622
10.017415
10.047583
10.050066
10.029844
10.016385
10.041567
10.042191
10.017991
10.017991
10.068389
10.056798
10.0481
10.08516
10.033046
10.015846
10.017186
10.017851
10.064648
10.054205
10.012279
10.007286
10.007917
10.007501
10.003756
10.001806
10.011247
10.04844
10.023189
10.014274
10.007089
10.008057
10.034212
10.022926
10.012076
10.007205
10.009179
10.002997
10.002532
10.005622
10.124019
10.098483
10.144588
10.149357
10.110674
10.190942
10.153565
10.088026
10.060392
10.105823
10.118994
10.117803
10.154088
10.138222
10.198617
10.190867
10.187117
10.109951
10.131108
10.175762
10.175179
10.163708
10.055275
10.12436
10.073868
10.170276
10.161685
10.047468
10.065279
10.092606
10.076341
10.1266
10.640014
10.634669
10.547435
10.55286
10.748988
10.822472
10.732129
10.820684
10.54981
10.63398
10.694598
10.776669
10.64329
10.545141
10.577676
10.512997
10.424245
10.534869
10.445428
10.379658
10.495094
10.39757
10.364592
10.33045
10.291348
10.924683
11.014837
10.77237
10.724158
10.94944
11.079715
10.841956
10.810207
10.899905
10.70523
10.949664
10.902278
10.710339
10.812919
10.860108
10.688537
10.619309
10.754947
10.79802
10.631562
10.569311
10.632543
10.641954
10.834961
10.778133
10.591136
10.573177
10.600905
11.06629
10.847296
11.170051
10.900243
11.173533
10.963112
10.982574
10.795641
11.110444
10.881613
11.018959
10.827183
10.748299
10.872436
10.971715
10.777969
10.735619
10.626237
10.587517
10.710279
10.695456
10.687946
10.590952
10.748459
10.676739
10.629117
10.600695
10.53931
10.53098
10.736853
10.653847
10.633861
10.569274
10.491408
10.473472
10.572231
10.466032
10.533751
10.466688
10.473502
10.510872
10.470728
10.424275
10.062908
10.066125
10.111656
10.107901
10.049979
10.044376
10.105943
10.107518
10.206491
10.259528
10.155863
10.258298
10.300778
10.206898
10.05865
10.120433
10.081193
10.034397
10.06628
10.028304
10.078529
10.049485
10.030334
10.037555
10.032284
10.137143
10.277541
10.165751
10.094596
10.173917
10.374554
10.228606
10.18022
10.316638
10.257275
10.193165
10.161766
10.243644
10.221381
10.174153
10.282867
10.244155
10.216011
10.22539
10.129784
10.2352
10.192664
10.188079
10.19097
10.13261
10.17715
10.178433
10.086717
10.127551
10.821954
10.742799
11.219917
11.013076
11.254703
11.059461
10.998788
11.220596
11.024298
10.819613
11.013511
10.846268
10.84619
10.707334
10.653102
10.690989
10.625339
10.562277
10.484368
10.414236
10.378302
10.305217
11.015321
10.978468
11.139185
10.96576
10.93857
11.10864
10.973219
11.068112
10.926725
11.055033
10.899125
10.997889
10.872972
10.859245
10.957028
10.787372
10.885985
10.970947
10.939156
10.845457
10.809368
10.751518
10.836599
10.797021
10.783814
11.050346
11.207946
10.933913
11.074712
10.898657
10.866287
10.963293
11.095231
11.172598
11.073594
10.970192
10.903301
10.981125
11.105945
11.066805
11.198567
11.190819
10.569546
10.482804
10.698541
10.709047
10.622921
10.737162
10.567625
10.657423
10.443325
10.542097
10.492716
10.693894
10.308526
10.232338
10.271851
10.127093
10.151982
10.092525
9.9847494
9.9832669
9.9808213
9.990543
9.9871433
9.9876086
9.9787871
9.9878986
9.9774457
9.9896268
9.9875992
9.987493
10.009476
10.005525
9.9823144
9.984713
9.9971602
10.04885
10.040196
10.116352
10.04279
10.105602
9.9895212
10.102737
10.213333
10.170026
10.152747
10.143282
10.286825
10.227981
10.210753
10.029449
10.100818
10.084475
10.139241
10.024055
10.080878
10.019363
10.061573
10.064758
10.01278
10.037566
10.03929
10.01623
10.0131
10.214113
10.217392
10.198871
10.35433
10.356091
10.360752
10.332129
10.172191
10.285613
10.22386
10.135474
10.283346
10.290296
10.22727
10.156147
10.163786
10.296048
10.277825
10.234303
10.215627
10.229877
10.143619
10.081312
10.193352
10.203758
10.18104
10.186525
10.084181
10.086126
10.248145
10.208796
10.18364
10.878595
10.884587
10.891719
10.87501
10.656881
10.687204
10.504124
10.534418
10.822191
10.610809
10.819748
10.658022
10.590431
10.603035
10.434069
10.437413
10.690368
10.711182
10.510248
10.519558
10.599455
10.433918
10.43788
10.685063
10.703443
10.698357
10.507506
10.516049
10.438525
10.438592
10.708792
10.521046
10.70151
10.51476
10.512721
10.317701
10.322584
10.507152
10.367553
10.368554
10.382159
10.270012
10.277099
10.315801
10.377238
10.376656
10.374763
10.271723
10.275797
10.268735
10.517757
10.38644
10.374214
10.382548
10.286899
10.276928
10.922489
10.885491
10.771987
10.975104
10.915715
10.818818
10.773702
10.896182
10.997044
10.835197
10.965735
10.858421
10.702805
10.894383
10.874328
10.711326
10.692835
10.671459
10.870196
10.709418
10.706177
10.693438
10.559948
10.51946
10.582613
10.58095
10.482092
10.446531
10.749914
10.551297
10.56164
10.834319
10.701599
10.701113
10.808249
10.679859
10.50671
10.514484
10.831342
10.63772
10.915006
10.768741
10.828275
10.644687
10.642677
10.502555
10.509196
10.574707
10.556385
10.471187
10.441087
10.531798
10.427726
10.428386
10.785479
10.603962
10.622654
10.497791
10.734345
10.57549
10.485701
10.414942
10.438095
10.448265
10.406734
10.398161
10.625741
10.803675
10.755521
10.592514
10.611787
10.578575
10.445872
10.627613
10.492286
10.412326
10.407122
10.466817
10.39796
10.481558
10.857469
10.6537
10.898052
10.710581
10.860708
10.654201
10.887107
10.696381
10.708056
10.86144
10.878037
10.707006
10.849245
10.890944
10.672716
10.647034
10.678971
10.519879
10.55717
10.699542
10.529723
10.516724
10.542866
10.413977
10.796924
10.67507
10.814021
10.644255
10.634824
10.776399
10.602825
10.841035
10.67184
10.610546
10.488975
10.753393
10.568284
10.796857
10.635443
10.632989
10.850614
10.648222
10.868281
10.672676
10.62768
10.531972
10.488809
10.531253
10.514928
10.387307
10.450621
10.474857
10.393477
10.737517
10.924034
10.881629
10.699021
10.758839
10.72696
10.566848
10.501678
10.5483
10.42886
10.593233
10.602944
10.59103
10.49489
10.679817
10.656527
10.542566
10.604906
10.509801
10.609603
10.637852
10.484807
10.713657
10.599438
10.741701
10.774572
10.561055
10.616747
10.449672
10.622236
10.480635
10.693876
10.750542
10.720476
10.496841
10.729942
10.540621
10.502082
10.364431
10.411501
10.425915
10.491391
10.463288
10.494926
10.349625
10.391692
10.422438
10.630611
10.618123
10.512325
10.722731
10.576018
10.745649
10.756699
10.763808
10.745686
10.601218
10.614014
10.604369
10.483586
10.602684
10.732335
10.596328
10.493436
10.738116
10.726493
10.574382
10.372257
10.362918
10.374042
10.364977
10.331615
10.342206
10.36678
10.336535
10.395158
10.344437
10.398756
10.448637
10.41351
10.430358
10.404606
10.359665
10.411072
10.488952
10.477525
10.631474
10.763264
10.7969
10.772638
10.780836
10.768621
10.755808
10.788141
10.548648
10.442614
10.422012
10.441108
10.379807
10.343096
10.379657
10.494738
10.708016
10.690411
10.764779
10.738146
10.732363
10.58382
10.762479
10.586858
10.418543
10.504687
10.525129
10.507199
10.475596
10.370422
10.420636
10.452422
10.476277
10.496161
10.479747
10.401948
10.359299
10.417002
10.470118
10.364407
10.357148
10.475916
10.357522
10.917374
10.717013
10.844223
10.674884
10.895532
10.698751
10.847287
10.668352
10.759663
10.925973
10.943024
10.73678
10.777721
10.973394
10.873962
10.830083
10.737731
10.888974
10.830358
10.736289
10.723641
10.556466
10.56658
10.571386
10.547471
10.604201
10.589635
10.445661
10.459364
10.651296
10.569056
10.689312
10.822916
10.845603
10.711701
10.63489
10.554147
10.669092
10.805501
10.676645
10.760775
10.930712
10.727267
10.569295
10.813361
10.682182
10.524611
10.461785
10.658798
10.519571
10.42386
10.507733
10.450393
10.404582
10.359099
10.63265
10.656975
10.753378
10.748013
10.638661
10.588724
10.599758
10.460803
10.564725
10.43328
10.441212
10.532252
10.408569
10.359102
10.498837
10.359181
10.445728
10.487245
10.390612
10.472842
10.315762
10.312273
10.332902
10.667212
10.592269
10.565175
10.523226
10.53147
10.384071
10.465645
10.399355
10.752772
10.789469
10.621726
10.665825
10.883353
10.783711
10.772658
10.63353
10.667601
10.745346
10.664646
10.657026
10.881514
10.870084
10.749525
10.856406
10.805166
10.716277
10.702719
10.734758
10.910194
10.688609
10.667348
10.743899
10.70643
10.766368
10.875799
10.709821
10.704995
10.510487
10.547652
10.773246
10.764907
10.555433
10.59519
10.71814
10.772817
10.6129
10.547027
10.762774
10.834335
10.663588
10.58532
10.530835
10.78281
10.765418
10.584647
10.656318
10.827556
10.732773
10.896442
10.774842
10.969254
10.865466
10.473301
10.604363
10.451042
10.71961
10.595418
10.648583
10.721956
10.480285
10.621934
10.471715
10.396617
10.395618
10.516524
10.449755
10.409931
10.40167
10.328541
10.343688
10.734958
10.823768
10.971708
10.866472
10.949684
10.499607
10.870749
10.795269
10.683172
10.794698
10.567975
10.76582
10.559096
10.765156
10.602831
10.807367
10.598039
10.363869
10.410308
10.340181
10.575544
10.410208
10.425877
10.313191
10.311196
10.286576
10.328105
10.268586
10.944156
10.871912
10.336202
10.518882
10.390968
10.332245
10.429482
10.291469
10.281826
10.358211
10.443451
10.468764
10.471013
10.350229
10.285014
10.29764
10.263589
10.239948
10.247924
10.249383
10.282354
10.36384
10.277378
10.194698
10.281368
10.20975
10.328758
10.377569
10.296691
10.470744
10.274703
10.309425
10.248071
10.38976
10.24569
10.181068
10.23185
10.201617
10.161472
10.32213
10.480886
10.5603
10.334536
10.258382
10.333664
10.389291
10.315665
10.428379
10.503587
10.172389
10.196624
10.265563
10.21044
10.159846
10.25035
10.662059
10.47558
10.486417
10.653701
10.562087
10.663678
10.754688
10.093286
10.124633
10.078363
10.107513
10.132492
10.166655
10.171234
10.16181
10.19391
10.210283
10.123526
10.126586
10.068105
10.092537
10.111742
10.137191
10.096684
10.104416
10.170442
10.123934
10.215105
10.281099
10.121956
10.148327
10.189258
10.136604
10.221126
10.440043
10.505261
10.488054
10.380209
10.387991
10.560297
10.636528
10.618365
10.479695
10.488211
10.225704
10.244627
10.252694
10.250313
10.196259
10.240054
10.238937
10.247922
10.267265
10.20317
10.448725
10.26149
10.508274
10.513481
10.293116
10.521606
10.407119
10.449366
10.662558
10.657254
10.689719
10.523595
10.567465
10.489533
10.440114
10.569728
10.633377
10.579474
10.678586
10.631898
10.565302
10.217981
10.321501
10.289279
10.264252
10.28157
10.209244
10.240919
10.257656
10.21642
10.295747
10.264716
10.270303
10.2888
10.208354
10.26815
10.184695
10.17886
10.235094
10.203355
10.142089
10.435629
10.617626
10.557005
10.402998
10.551121
10.492317
10.364222
10.323965
10.294191
10.491011
10.31706
10.386247
10.391081
10.256927
10.324284
10.297433
10.355485
10.508575
10.394511
10.262126
10.268508
10.407968
10.443482
10.326202
10.306057
10.356821
10.324765
10.298487
10.267865
10.279765
10.283201
10.296521
10.328227
10.314508
10.30679
10.345017
10.477414
10.384421
10.35091
10.370582
10.295775
10.313908
10.32746
10.319058
10.345974
10.196632
10.165807
10.194428
10.172813
10.170328
10.14083
10.736018
10.836573
10.608568
10.738348
10.83793
10.611253
10.667832
10.689694
10.608292
10.862393
10.896549
10.906715
10.724703
10.592301
10.652944
10.830619
10.638934
10.876455
10.867404
10.652926
10.734393
10.857506
10.490757
10.489207
10.396984
10.50606
10.397652
10.64885
10.622802
10.676247
10.635387
10.599852
10.645929
10.508018
10.527611
10.531209
10.390077
10.420466
10.507571
10.518489
10.641056
10.377325
10.39043
10.406587
10.508673
10.516067
10.563703
10.505962
10.486649
10.388758
10.409721
10.393816
10.401796
10.405392
10.442127
10.549629
10.643365
10.565549
10.416591
10.513272
10.41229
10.448355
10.516364
10.450922
10.675497
10.587311
10.469173
10.545539
10.573402
10.487507
10.650085
10.647635
10.684819
10.527128
10.568693
10.44265
10.479333
10.469845
10.480722
10.496835
10.522057
10.509578
10.646212
10.432088
10.422877
10.535837
10.487504
10.5039
10.587906
10.62775
10.472476
10.42783
10.410521
10.407027
10.435009
10.502525
10.524176
10.405417
10.515183
10.461101
10.406456
10.395173
10.424952
10.384798
10.580556
10.467269
10.449029
10.588248
10.43709
10.407457
10.502338
10.407745
10.396924
10.501918
10.738765
10.700401
10.502932
10.595922
10.594212
10.594775
10.752645
10.719702
10.525768
10.664105
10.623941
10.658083
10.792616
10.488468
10.569384
10.454939
10.43072
10.503083
10.42716
10.50336
10.388942
10.385932
10.407367
10.377158
10.386241
10.393174
10.442553
10.364414
10.400604
10.470092
10.474115
10.523085
10.377408
10.365455
10.354055
10.380781
10.356228
10.35875
10.399014
10.559842
10.629087
10.401949
10.400428
10.469817
10.54745
10.517054
10.451282
10.419978
10.485761
10.445455
10.593324
10.719167
10.457436
10.519768
10.626223
10.303704
10.304231
10.227352
10.290626
10.294604
10.220631
10.343808
10.243665
10.31853
10.220559
10.345161
10.245108
10.298452
10.267507
10.293008
10.278013
10.304041
10.335739
10.429933
10.320124
10.293326
10.320226
10.340847
10.435237
10.25586
10.249207
10.351316
10.237359
10.263668
10.251623
10.297455
10.281578
10.296481
10.288499
10.31072
10.307143
10.331543
10.303157
10.548583
10.189727
10.186337
10.177451
10.144032
10.175939
10.173148
10.174865
10.142894
10.015526
10.041357
10.015904
10.046706
10.021831
10.007539
10.010975
10.069335
10.111205
10.077807
10.076854
10.130618
10.203159
10.150661
10.142113
10.058626
10.086917
10.089982
10.079633
10.079765
10.083714
10.075551
10.204081
10.152019
10.14917
10.170328
10.140304
10.056678
10.05725
10.063492
10.078354
10.080815
10.06206
10.104662
10.078826
10.078364
10.084476
10.035181
10.112273
10.127749
10.133866
10.097666
10.08111
10.098726
10.095953
10.080214
10.083367
10.821334
10.837841
10.676822
10.81013
10.844888
10.674817
10.627256
10.647522
10.775475
10.603967
10.616934
10.579331
10.765336
10.517222
10.668699
10.50868
10.479187
10.445174
10.38524
10.849978
10.654088
10.825337
10.665787
10.837985
10.643501
10.76389
10.86464
10.644995
10.531325
10.493444
10.507342
10.399403
10.518601
10.858858
10.810168
10.806592
10.858854
10.689517
10.756831
10.779111
10.638032
10.692486
10.765781
10.653682
10.896153
10.919989
10.739499
10.894305
10.891063
10.730896
10.718159
10.835413
10.879588
10.724828
10.702092
10.755153
10.838867
10.692696
10.897022
10.752156
10.655456
10.557878
10.56417
10.741084
10.597261
10.582036
10.610463
10.403688
10.248169
10.299536
10.432013
10.239636
10.302012
10.451514
10.457836
10.333143
10.353086
10.605068
10.595856
10.436623
10.443117
10.478925
10.494262
10.413661
10.621612
10.643107
10.647162
10.519613
10.507837
10.515199
10.383599
10.624946
10.621328
10.651781
10.670191
10.658257
10.687113
10.497786
10.481634
10.551737
10.372934
10.4907
10.352501
10.570216
10.671301
10.442103
10.536488
10.548912
10.41056
10.67574
10.693313
10.607951
10.462518
10.714646
10.687936
10.538513
10.448044
10.673731
10.542381
10.704663
10.71564
10.572675
10.38442
10.459398
10.44637
10.474131
10.393831
10.459024
10.495222
10.434299
10.578894
10.600076
10.490213
10.575971
10.65836
10.772613
10.650125
10.758659
10.728796
10.798571
10.276417
10.188609
10.325332
10.333073
10.248617
10.217975
10.263067
10.467284
10.349544
10.512242
10.378536
10.349051
10.401437
10.265089
10.719268
10.656886
10.771011
10.799357
10.643437
10.685063
10.622521
10.576707
10.623968
10.531428
10.523796
10.551898
10.474102
10.549143
10.51441
10.583104
10.688311
10.579542
10.540378
10.507588
10.434447
10.471914
10.431504
10.361938
10.368198
10.317036
10.471996
10.384425
10.463665
10.375402
10.338
10.353986
10.300505
10.403529
10.283803
10.251236
10.331639
10.269506
10.233984
10.187211
10.163554
10.112781
10.096298
10.373769
10.464437
10.366793
10.447249
10.254492
10.18002
10.154743
10.36739
10.243472
10.130089
10.206507
10.318526
10.008754
10.002697
10.005751
10.08955
10.146772
10.121134
9.9991448
10.00106
10.001889
10.125754
10.065777
10.095462
10.240946
10.133592
10.182366
10.055796
10.069348
10.111619
10.121848
10.111006
10.202227
10.253943
10.224726
10.0689
10.09313
10.117058
10.11323
10.121043
10.152718
10.121742
10.13846
10.136253
10.809045
10.630577
10.586559
10.77432
10.602648
10.559966
10.846491
10.623553
10.819056
10.595981
10.837653
10.621565
10.664824
10.824263
10.606833
10.655896
10.825756
10.604511
10.475905
10.498834
10.500794
10.522809
10.477961
10.373654
10.398806
10.827044
10.591089
10.816936
10.817423
10.588281
10.61925
10.82837
10.615552
10.828131
10.611764
10.446942
10.602091
10.43688
10.33861
10.42938
10.320307
10.475412
10.428174
10.450474
10.357519
10.366479
10.44837
10.325617
10.470255
10.373203
10.570434
10.595962
10.453412
10.38312
10.379594
10.430009
10.348044
10.379548
10.336064
10.429573
10.355691
10.356501
10.307731
10.438078
10.356493
10.561766
10.489282
10.582982
10.694835
10.587069
10.726839
10.459586
10.437341
10.562794
10.477625
10.668161
10.704251
10.526531
10.513264
10.684987
10.574158
10.391297
10.460684
10.387163
10.446351
10.555082
10.495437
10.459999
10.428617
10.392819
10.485247
10.350097
10.398674
10.335433
10.301725
10.412427
10.462745
10.359943
10.32498
10.380135
10.492878
10.491296
10.724536
10.709637
10.609959
10.585125
10.418876
10.450686
10.538862
10.427647
10.55355
10.513195
10.5251
10.368349
10.388551
10.318631
10.361407
10.332555
10.349208
10.421306
10.34609
10.370222
10.432743
10.598656
10.506134
10.416968
10.519778
10.506296
10.369526
10.44248
10.490247
10.426373
10.453388
10.37989
10.392559
10.436131
11.028379
10.887064
11.052733
10.903293
10.835882
10.727678
10.718083
10.628485
10.865951
11.02874
10.883711
10.852435
10.866402
10.759901
10.739119
10.6422
10.746299
10.885697
11.02213
10.870561
11.004203
10.871886
10.747146
10.858125
10.734451
10.969338
10.827623
10.196724
10.255384
10.172202
10.217893
10.232795
10.237209
10.20825
10.26913
10.186711
10.231753
10.246871
10.252754
10.154957
10.170064
10.229538
10.248624
10.178761
10.23586
10.259236
10.188683
10.217614
10.296833
10.319043
10.216332
10.174093
10.288887
10.25308
10.237648
10.214687
10.211047
10.202258
10.198939
10.344138
10.294312
10.280857
10.235591
10.247335
10.232167
10.127218
10.146909
10.151322
10.124502
10.148056
10.138384
10.16658
10.096826
10.112166
10.121066
10.339444
10.287601
10.282141
10.281722
10.346043
10.294973
10.476334
10.388705
10.400098
10.380483
10.164869
10.143605
10.180336
10.150998
10.133698
10.157515
10.104073
10.108434
10.134312
10.113604
10.291119
10.285283
10.41476
10.344658
10.486413
10.405643
10.405291
10.412743
10.255103
10.237928
10.253386
10.294925
10.250478
10.396538
10.329487
10.335327
10.28789
10.26862
10.279652
10.206489
10.177071
10.246757
10.341025
10.276586
10.334186
10.179511
10.154048
10.337679
10.23873
10.250631
10.293588
10.26428
10.323265
10.318509
10.284337
10.276177
10.275756
10.251951
10.203654
10.293921
10.305128
10.237111
10.212515
10.27226
10.304133
10.245998
10.242701
10.210073
10.137522
10.130901
10.20637
10.263883
10.292757
10.33459
10.278545
10.299794
10.300624
10.322219
10.225001
10.177144
10.166
10.197812
10.148344
10.207424
10.650845
10.629351
10.644895
10.636863
10.520823
10.471401
10.485733
10.477558
10.392793
10.353174
10.701329
10.736041
10.492713
10.530094
10.419866
10.377751
10.571758
10.396445
10.429176
10.65564
10.645144
10.484952
10.464406
10.342181
10.358987
10.357322
10.390033
10.414308
10.509429
10.380787
10.027782
10.01658
10.023225
10.046383
10.032151
10.040005
10.017462
10.002493
9.9990716
9.9988562
10.021409
10.000296
9.9964251
9.9976277
10.0205
10.067247
10.019587
10.06491
10.026576
10.024822
10.023619
10.047709
10.041287
10.047702
10.046115
10.043579
10.004594
10.01034
10.029788
10.008021
9.999165
10.035287
10.009687
10.017079
10.00181
10.010994
10.010577
9.9982401
9.9971963
10.004489
10.002096
10.011269
10.011129
10.007276
10.023441
10.044648
10.042981
10.015566
10.039238
10.006501
9.9980179
9.9998125
10.005516
10.014085
10.004403
10.021597
10.042425
10.040903
10.006091
10.021142
10.038538
10.013746
10.038265
10.022267
10.03588
10.038185
10.009178
10.016894
10.020384
10.019557
10.03651
10.236157
10.176575
10.171256
10.199597
10.139604
10.136363
10.212723
10.244798
10.312779
10.252112
10.22834
10.26553
10.335561
10.233177
10.25114
10.329322
10.279136
10.278638
10.30322
10.360993
10.322197
10.177869
10.211637
10.142415
10.133001
10.227543
10.171013
10.214091
10.214925
10.242554
10.245996
10.278918
10.264626
10.252863
10.281356
10.295263
10.286495
10.293941
10.202002
10.198743
10.173033
10.131608
10.176138
10.208096
10.162039
10.203953
10.241944
10.189834
10.188997
10.269703
10.241592
10.281685
10.23602
10.266539
10.223091
10.268281
10.252953
10.254953
10.28557
10.199001
10.247098
10.289825
10.288776
10.230567
10.284376
10.353368
10.29507
10.349275
10.275027
10.30706
10.302429
10.373759
10.319297
10.326672
10.403932
10.342824
10.409959
10.390744
10.294416
10.309215
10.288784
10.293703
10.289331
10.340824
10.299212
10.333053
10.181619
10.141166
10.253081
10.190889
10.088016
10.045874
10.052176
10.077531
10.084049
10.040437
10.066943
10.090191
10.086854
10.11022
10.226561
10.158489
10.121119
10.058495
10.110484
10.134755
10.046518
10.047098
10.076933
10.07304
10.030628
10.048158
10.074292
10.069016
10.037753
10.026895
10.02992
10.056684
10.024474
10.019995
10.067722
10.055775
10.076026
10.025433
10.047393
10.024067
10.067496
10.097162
10.099041
10.0913
10.117244
10.136473
10.089787
10.098805
10.103481
10.06633
10.088653
10.088432
10.11215
10.614796
10.547077
10.626038
10.55714
10.782205
10.63501
10.85183
10.680588
10.629709
10.82721
10.677095
10.48726
10.574168
10.487143
10.462804
10.533313
10.560973
10.404965
10.474054
10.434386
10.426298
10.374387
10.419433
10.384427
10.391492
10.343076
10.476223
10.452106
10.408675
10.39082
10.411459
10.367365
10.332033
10.374725
10.336842
10.293861
10.355925
10.328467
10.308371
10.325835
10.280141
10.236657
10.229394
10.169793
10.154522
10.36411
10.432667
10.196595
10.167771
10.309998
10.193489
10.720159
10.712201
10.890859
10.891418
10.72454
10.890579
10.903621
10.720064
10.70108
10.871634
10.705441
10.688554
10.701891
10.715175
10.883794
10.69736
10.721105
10.714127
10.576527
10.563607
10.570505
10.585032
10.597253
10.60182
10.59611
10.440381
10.7086
10.713626
10.546536
10.433346
10.583859
10.459244
10.727539
10.735325
10.472331
10.471351
10.377522
10.371586
10.815292
10.602239
10.825726
10.601274
10.707872
10.589499
10.595768
10.82157
10.608648
10.716954
10.59761
10.603748
10.52516
10.630409
10.628212
10.532719
10.465702
10.440828
10.348784
10.440695
10.4467
10.39092
10.326081
10.348885
10.339782
10.43711
10.440977
10.322711
10.713437
10.704295
10.622606
10.220772
10.299557
10.220169
10.225145
10.310604
10.231577
10.226894
10.240984
10.181887
10.160748
10.219419
10.189103
10.18576
10.142116
10.328644
10.366743
10.462265
10.473471
10.257306
10.412373
10.429582
10.317892
10.256483
10.479136
10.327129
10.330908
10.361867
10.42606
10.343515
10.381104
10.435944
10.443846
10.442846
10.454392
10.412695
10.490508
10.500379
10.538768
10.455196
10.544597
10.569013
10.577048
10.702373
10.158187
10.163496
10.140176
10.600568
10.590473
10.714968
10.223119
10.160572
10.159
10.112925
10.235677
10.271974
10.239856
10.286642
10.239958
10.221427
10.115582
10.162723
10.186356
10.194946
10.276105
10.280984
10.163878
10.232213
10.199463
10.165744
10.223428
10.238979
10.248238
10.209502
10.201589
10.272555
10.255469
10.281956
10.249453
10.252467
10.260572
10.84238
10.608266
10.828813
10.602966
10.610183
10.855629
10.619003
10.868268
10.449911
10.445773
10.328269
10.88235
10.896416
10.931117
10.634113
10.855412
10.625806
10.921969
10.656021
10.453186
10.340732
10.48077
10.856102
10.894518
10.608343
10.879199
10.634962
10.436896
10.318087
10.468658
10.324743
10.196404
10.277378
10.275252
10.229099
10.331584
10.321442
10.37184
10.311751
10.310102
10.330587
10.493078
10.416728
10.394743
10.415835
10.193559
10.240608
10.203849
10.171651
10.149037
10.208136
10.163364
10.3187
10.342643
10.307364
10.504035
10.428171
10.431684
10.443015
10.400913
10.254853
10.423613
10.350958
10.194221
10.355862
10.330346
10.269422
10.300592
10.28328
10.332704
10.31497
10.292647
10.304469
10.311979
10.351569
10.374034
10.389547
10.336037
10.311346
10.335114
10.347532
10.319679
10.352405
10.347771
10.320041
10.341537
10.384062
10.277248
10.249337
10.355541
10.301912
10.235461
10.349718
10.368926
10.398239
10.330448
10.192886
10.203677
10.318433
10.2606
10.280519
10.830165
10.900203
10.682092
10.828295
10.911556
10.687987
10.849316
10.641465
10.666382
10.779066
10.809238
10.606671
10.639138
10.709486
10.910997
10.881846
10.740483
10.951741
10.908392
10.934725
10.951221
10.537447
10.544723
10.645944
10.530534
10.497096
10.519654
10.41858
10.428199
10.710415
10.550818
10.692912
10.539557
10.57507
10.743273
10.4318
10.576046
10.442573
10.700059
10.892634
10.93213
10.728191
10.705902
10.901024
10.702124
10.437202
10.437856
10.567674
10.438851
10.554509
10.712266
10.559386
10.939641
10.908548
10.717798
10.069379
10.175655
10.162257
10.104338
10.126721
10.071199
10.17579
10.158489
10.102308
10.129765
10.169306
10.216281
10.159108
10.208058
10.267412
10.203948
10.054103
10.053519
10.072079
10.03925
10.075135
10.028364
10.028586
10.045554
10.169631
10.111752
10.180067
10.180885
10.12104
10.207546
10.135001
10.128885
10.211574
10.263531
10.175723
10.164585
10.171344
10.239837
10.2941
10.219853
10.236411
10.13782
10.206227
10.13538
10.271302
10.180846
10.086715
10.055425
10.085715
10.044655
10.044144
10.181281
10.117316
10.117218
10.074776
10.042821
10.140414
10.091759
10.114343
10.107
10.072671
10.17709
10.137107
10.174056
10.085922
10.183595
10.230079
10.338608
10.255473
10.207188
10.325532
10.23748
10.228618
10.210726
10.156705
10.17572
10.196453
10.180247
10.306312
10.292315
10.452181
10.348092
10.33593
10.330329
10.467415
10.252282
10.313074
10.233192
10.219245
10.296143
10.261332
10.286521
10.265966
10.203785
10.205081
10.286859
10.278248
10.250168
10.457846
10.568003
10.552459
10.324662
10.452613
10.067259
10.028451
10.056384
10.078907
10.040627
10.012536
10.02982
10.047702
10.287888
10.321104
10.29059
10.25339
10.455674
10.499651
10.449429
10.39453
10.27277
10.18069
10.247296
10.390278
10.439143
10.369028
10.243371
10.331319
10.060116
10.10625
10.129174
10.081724
10.032623
10.09244
10.122967
10.149242
10.247265
10.128567
10.165898
10.192531
10.316991
10.17227
10.216515
10.247513
10.243499
10.49109
10.385952
10.423801
10.39248
10.380018
10.040509
10.00916
10.01916
10.041114
10.016969
10.112067
10.045077
10.112031
10.148195
10.031458
10.098101
10.197413
10.090149
10.191817
10.219239
10.391193
10.406367
10.262075
10.352001
10.294254
10.162136
10.110244
10.179348
10.205312
10.125273
10.170381
10.301396
10.129662
10.155759
10.307719
10.236446
10.293523
10.195871
10.543109
10.690901
10.551773
10.475358
10.599181
10.479048
10.455804
10.463256
10.399214
10.407339
10.332401
10.338611
10.329123
10.819312
10.90844
10.86471
10.959787
10.600639
10.651623
10.7867
10.574223
10.960004
10.523149
10.417072
10.351093
10.46042
10.678223
10.592885
10.900598
10.734191
10.924288
10.758283
10.649243
10.745637
10.943303
10.796658
10.776124
10.647286
10.66862
10.353426
10.297098
10.449836
10.495317
10.306478
10.397764
10.928208
10.943852
10.928384
10.902566
10.721517
10.93718
10.905718
10.725474
10.714264
10.951231
10.937535
10.729937
10.73166
10.689736
10.878789
10.673243
10.698598
10.574343
10.579878
10.547828
10.236914
10.234499
10.244083
10.778256
10.97115
10.809524
10.806798
11.010085
10.847688
10.540966
10.590757
10.456945
10.493287
10.581672
10.538077
10.591262
10.441615
10.457745
10.48903
10.441295
10.491858
10.687101
10.67997
10.537626
10.556739
10.625867
10.819391
11.034504
10.864389
10.867909
10.487252
10.450877
10.721876
10.733327
10.555238
10.644011
10.734938
10.907399
10.735958
10.814658
10.664221
11.046708
10.869722
11.025163
10.858048
10.908366
11.06401
10.891685
10.944728
10.712821
10.742108
10.789054
10.627113
10.825995
10.891573
10.840174
10.741844
10.603515
10.598921
10.698981
10.325261
10.296343
10.520277
10.356599
10.53867
10.675095
10.671706
10.828412
10.82922
10.664239
10.751158
10.485844
10.394292
10.625718
10.445252
10.97619
10.93674
10.865119
11.020373
10.914056
11.066127
10.767469
10.944442
11.029965
10.936937
10.670609
10.943069
10.684256
10.972744
10.511089
10.857901
10.744809
10.789319
10.541753
10.924395
10.790213
10.805858
10.595672
10.914784
10.963584
11.094033
10.964459
11.141444
11.161381
10.946624
10.813576
10.994091
10.884631
11.071849
10.443584
10.783135
10.760702
10.689197
10.663733
10.943516
10.912455
10.964635
10.923513
10.815168
10.760509
10.722388
10.874891
10.778253
10.687648
10.829947
10.787216
10.730279
10.780095
10.903376
10.958813
10.654751
10.768842
10.809275
11.242234
11.01634
11.164359
10.965981
10.872065
10.931558
10.962468
10.64746
10.79029
10.754306
10.805823
10.85097
11.189108
11.337941
11.123562
11.322314
11.084082
10.742869
10.846584
10.939297
10.84747
10.947782
11.120348
11.05566
11.160021
10.960897
10.967559
11.204655
11.011772
11.065783
11.178844
11.257539
10.626416
10.666837
10.533459
10.638989
10.685036
10.534762
10.723813
10.660751
10.827129
10.656602
10.800888
10.523661
10.645316
11.049835
11.32202
11.036438
11.231549
11.514908
11.219213
11.056741
11.027992
11.015604
11.221483
11.089374
11.571604
11.403532
11.295169
10.948304
11.060124
11.248519
10.987687
11.268796
11.067205
11.127126
11.099364
10.943643
11.039905
10.879804
10.991445
10.852534
10.831256
10.711136
11.020655
11.127547
11.158959
10.916757
10.836943
10.959736
10.989378
10.863203
11.029551
10.930641
10.864652
10.956598
10.924115
10.677739
11.088411
10.818911
11.082797
11.153273
10.64885
11.489196
11.51186
11.307192
10.93826
10.752347
10.900965
10.51459
10.495775
10.645935
10.649029
10.624806
10.588213
10.767677
10.812569
10.768446
10.741545
10.465374
10.452952
10.568423
10.516438
10.482908
10.457791
10.569868
10.507717
10.399985
10.424813
10.362367
10.479156
10.450669
10.41058
10.408331
10.368057
10.452488
10.44021
10.577606
10.70944
10.615218
10.559084
10.627521
10.551154
10.57345
10.766278
10.706241
10.668073
10.550265
10.685346
10.701396
10.466578
10.544249
10.539595
10.534549
10.620354
10.656128
10.690205
10.6873
10.537331
10.654947
10.665611
10.969272
10.841647
10.869619
10.745374
10.982744
10.987488
10.858205
10.992954
10.914155
10.876314
10.88164
10.763283
10.891465
10.833875
10.85411
10.851623
10.638105
10.64303
10.730478
10.744256
10.42113
10.377639
10.4337
10.454608
10.373768
10.402353
10.438048
10.592854
10.540394
10.637089
10.598074
10.507744
10.564365
10.524986
10.639281
10.636845
10.61386
10.521101
10.565947
10.551309
10.494079
10.473479
10.417922
10.452824
10.468953
10.49992
10.446659
10.46368
10.645541
10.559294
10.491441
10.512924
10.575595
10.585063
10.500462
10.559008
10.523667
10.720225
10.62295
10.846003
10.624414
10.725515
10.816798
10.328445
10.331968
10.326026
10.327202
10.345939
10.314407
10.340358
10.348379
10.316993
10.338231
10.455956
10.380055
10.463829
10.388991
10.540988
10.537641
10.65821
10.681037
10.331506
10.349642
10.345936
10.36951
10.177067
10.127871
10.123799
10.109392
10.105317
10.106188
10.331882
10.330834
10.32211
10.326567
10.364514
10.348659
10.341856
10.378433
10.34074
10.364762
10.334017
10.347766
10.336004
10.348287
10.349675
10.353885
10.366544
10.345591
10.374409
10.358363
10.354344
10.367225
10.394265
10.3782
10.348709
10.347472
10.354592
10.383132
10.361349
10.382977
10.366641
10.37258
10.400724
10.398941
10.380982
10.391479
10.398201
10.374157
10.358333
10.373903
10.383497
10.364992
10.360278
10.394035
10.376002
10.398421
10.373041
10.360224
10.389901
10.351777
10.373213
10.424277
10.470603
10.404958
10.447012
10.494707
10.418767
10.46413
10.465865
10.502028
10.496002
10.578905
10.569358
10.415287
10.525171
10.502793
10.540426
10.548156
10.531183
10.618786
10.609286
10.622348
10.747586
10.396252
10.435715
10.388776
10.442996
10.411285
10.39679
10.37647
10.397653
10.368368
10.530539
10.463463
10.556862
10.55665
10.56297
10.628695
10.558147
10.503769
10.493695
10.507428
10.752303
10.62447
10.576651
10.602101
10.415311
10.40519
10.511706
10.458927
10.469713
10.4691
10.390995
10.39159
10.450874
10.377551
10.390061
10.508428
10.404028
10.617911
10.631025
10.588421
10.636647
10.681045
10.692489
10.636144
10.74305
10.691549
10.651547
10.689336
10.702424
10.768845
10.732181
10.658362
10.707736
10.653799
10.776997
10.71975
10.606312
10.671646
10.71397
10.769652
10.750029
10.772632
10.904571
10.831554
10.787666
10.89623
10.805002
10.91374
10.711014
10.82991
10.792133
10.905113
10.906859
10.72333
10.793563
11.00421
11.051435
10.957371
11.057584
11.145657
10.755153
10.664623
10.720536
10.654433
10.868591
11.051209
10.837042
10.757735
10.99424
10.834656
10.925316
10.786594
10.935424
11.023926
10.864069
10.957471
10.733042
10.807115
10.957685
10.959043
10.962147
11.086619
11.130933
11.016984
11.038181
10.947875
10.829241
11.127913
11.004556
10.900197
11.070566
11.03669
11.207236
11.194695
11.031099
11.204628
11.222796
11.161279
11.177289
10.830221
10.859818
11.084383
10.991321
11.121483
11.087344
10.875691
10.918822
10.725232
10.865641
10.768355
10.758251
10.773868
10.658407
10.856563
10.716728
11.151855
11.283339
11.242404
11.366406
11.100582
10.915664
11.119702
11.045035
10.892691
11.183129
11.313382
11.114134
10.790074
11.324604
11.536537
11.312876
11.554626
11.511649
11.244797
11.476331
11.422768
11.733735
11.671546
11.278577
11.48891
11.479104
11.140832
11.382824
11.355307
11.568607
11.201164
11.473269
11.810641
11.66303
11.657562
12.007645
11.380122
11.624932
11.681851
12.002944
10.753275
10.643439
10.707907
10.611096
10.760943
10.825419
10.716009
10.866053
10.634796
10.771008
10.717328
10.599178
10.789722
10.660048
10.6714
10.632776
10.818307
10.807584
10.765709
10.50215
10.527666
10.494773
10.501606
10.453141
10.491853
10.452974
10.473839
10.522871
10.486247
10.470624
10.511962
10.578428
10.724298
10.699186
10.564535
10.656055
10.49566
10.539739
10.455634
10.463579
10.479203
10.450208
10.67274
10.549462
10.532757
10.641714
10.507077
10.764645
10.621965
10.633895
10.525767
10.957346
10.992355
10.976054
11.060706
11.055011
10.737307
10.953876
10.503251
10.483727
10.609524
10.495502
10.574332
10.728448
10.570472
10.482525
10.405974
10.318495
10.458435
10.466679
10.454551
10.378841
10.293849
10.597013
10.467053
10.688098
10.535996
10.578333
10.726104
10.568393
10.692298
10.349468
10.472536
10.394649
10.348646
10.317892
10.420006
10.291159
10.319083
10.249418
10.284462
10.254033
10.865405
10.8082
10.792063
11.007022
10.873814
10.889478
10.395709
10.39566
10.428033
10.42283
10.427112
10.458255
10.534031
10.639244
10.372017
10.382841
10.362122
10.389805
10.409844
10.385643
10.380429
10.35609
10.36344
10.370259
10.442235
10.405798
10.435788
10.387384
10.394448
10.426268
10.630734
10.458134
10.493514
10.173419
10.2238
10.171517
10.181772
10.10352
10.140636
10.0949
10.121511
10.202835
10.300984
10.119989
10.134772
10.225402
10.256561
10.364566
10.267767
10.221814
10.149076
10.24521
10.360725
10.276873
10.108098
10.108448
10.129204
10.174069
10.408596
10.291539
10.372196
10.392972
10.299517
10.426873
10.414859
10.447238
10.330285
10.451923
10.174458
10.149603
10.282805
10.217915
10.232791
10.531931
10.561536
10.587275
10.613666
10.422549
10.38066
10.442364
10.453869
10.37815
10.385201
10.475932
10.501916
10.407471
10.65757
10.531564
10.698618
10.544675
10.525567
10.434321
10.551808
10.44247
10.618888
10.630718
10.598674
10.511359
10.511169
10.415951
10.476863
10.404727
10.693056
10.428971
10.444531
10.424267
10.218386
10.19447
10.190008
10.142793
10.127188
10.131884
10.499877
10.415865
10.411544
10.608811
10.492534
10.500117
10.402422
10.389172
10.348882
10.599737
10.494761
10.479585
10.460415
10.413888
10.356194
10.279465
10.40091
10.348591
10.287341
10.28909
10.408431
10.397321
10.284936
10.412241
10.512018
10.288762
10.294247
10.363511
10.313916
10.317785
10.276312
10.26072
10.200507
10.17513
10.363451
10.326597
10.385681
10.255819
10.244168
10.233812
10.298447
10.271277
10.283419
10.26471
10.244236
10.178361
10.159346
10.343674
10.293052
10.243683
10.229413
10.162732
10.255796
10.213949
10.217669
10.059458
10.078939
10.06119
10.070767
10.081885
10.065704
10.08788
10.124313
10.152894
10.19374
10.098316
10.112576
10.116407
10.141337
10.160746
10.158639
10.087228
10.065511
10.108147
10.125724
10.0962
10.071353
10.040973
10.064045
10.096653
10.036829
10.077371
10.094759
10.074279
10.143481
10.11233
10.100215
10.159998
10.146567
10.044524
10.056923
10.085154
10.062918
10.032778
10.075928
10.364056
10.397516
10.358519
10.361579
10.407411
10.353002
10.363657
10.371403
10.398629
10.412285
10.420038
10.422465
10.437841
10.477012
10.473322
10.492552
10.365608
10.347591
10.359098
10.347553
10.357607
10.332242
10.393302
10.390557
10.352707
10.336772
10.316044
10.376489
10.337758
10.389943
10.406577
10.336645
10.354211
10.320604
10.353293
10.426268
10.37246
10.357497
10.333789
10.358691
10.316493
10.333828
10.336856
10.339528
10.357954
10.747105
10.759588
10.625578
10.808726
10.799886
10.666076
10.709423
10.548957
10.580585
10.722508
10.563284
10.591463
10.579023
10.563437
10.754858
10.587654
10.579001
10.588741
10.752258
10.625264
10.724737
10.587403
10.432483
10.451938
10.362885
10.629826
10.518558
10.596821
10.491462
10.49032
10.486221
10.445505
10.357633
10.372041
10.484601
10.392476
10.665637
10.788933
10.634361
10.758891
10.644069
10.640099
10.60384
10.600376
10.639395
10.544142
10.520737
10.504931
10.509363
10.503871
10.428552
10.845385
10.636459
10.621994
10.738902
10.597773
10.507318
10.790742
10.594917
10.880954
10.497146
10.424155
10.49601
10.177843
10.136573
10.233472
10.172616
10.260399
10.186885
10.313067
10.23538
10.116702
10.122828
10.145141
10.173588
10.175735
10.194245
10.093114
10.043991
10.055462
10.074777
10.033557
10.044846
10.100107
10.0773
10.145267
10.146007
10.120053
10.094958
10.076375
10.244286
10.116335
10.047928
10.110173
10.046895
10.019112
10.025846
10.048149
10.0272
10.131632
10.082387
10.139882
10.149928
10.170641
10.122385
10.150469
10.098779
10.200028
10.349083
10.260992
10.293554
10.170775
10.20876
10.193673
10.175988
10.233986
10.036693
10.09557
10.073557
10.037985
10.075124
10.340301
10.323996
10.346224
10.605036
10.592338
10.490691
10.596223
10.449078
10.488413
10.366584
10.653521
10.542183
10.584297
10.645174
10.532866
10.501741
10.599538
10.469313
10.442643
10.340913
10.497239
10.41233
10.392799
10.937627
11.114077
11.24277
10.959558
11.160091
11.273928
10.992188
10.894787
10.832467
10.998741
10.869241
10.769099
10.820334
10.696803
10.958964
10.766369
10.926397
11.328193
11.204257
11.344376
11.038521
11.413308
11.545637
11.869279
10.857056
10.960485
11.494026
11.591518
11.841012
11.041574
10.875903
11.409911
11.059308
11.454985
11.627538
10.417071
10.407546
10.574675
10.528006
10.352887
10.353795
10.536472
10.478207
10.492774
10.469779
10.475364
10.451528
10.729401
10.84405
10.883247
11.011
10.422736
10.504566
10.503313
10.336905
10.329974
10.417795
10.354026
10.417762
10.408388
10.325039
10.402359
10.38501
10.343215
10.68026
10.582184
10.707673
10.818521
10.481326
10.65017
10.549967
10.676105
10.679296
10.615721
10.779387
10.696297
10.951627
10.765407
10.792125
10.419474
10.564138
10.472801
10.508853
10.658674
10.58969
10.723803
10.718527
10.226414
10.276493
10.371765
10.224194
10.266604
10.330894
10.437517
10.430465
10.230002
10.18815
10.189554
10.349523
10.546315
10.379376
10.578343
10.223291
10.263323
10.222955
10.303198
10.587164
10.687456
10.745376
10.443965
10.515787
10.675922
10.543163
10.587702
10.490837
10.701619
10.600615
10.740766
10.628367
10.773623
10.84341
10.555236
10.68167
10.708621
10.527001
10.578482
10.490946
10.447797
10.926217
10.977912
11.052516
11.13496
10.777941
10.642972
10.850678
10.709208
10.585239
10.656901
10.893764
10.992285
10.76724
10.594662
10.651676
10.493143
10.501765
10.406646
10.476986
10.338362
10.400419
10.382362
10.473529
10.298483
10.370136
10.662036
10.720432
10.402532
10.430334
10.288264
10.268631
10.335074
10.283805
10.303455
10.493021
10.339147
10.396359
10.330004
10.350331
10.400209
10.404925
10.56213
10.369578
10.418153
10.310821
10.353291
10.327461
10.376617
10.299575
10.299158
10.304683
10.349505
10.315075
10.333578
10.393631
10.320463
10.346985
10.367506
10.427426
10.459725
10.334994
10.356998
10.399962
10.400779
10.429678
10.474503
10.236403
10.284079
10.198579
10.238612
10.255861
10.279535
10.282443
10.308503
10.196641
10.233601
10.220726
10.231236
10.331971
10.243474
10.333241
10.395597
10.279855
10.274103
10.474568
10.351741
10.346951
10.39335
10.304891
10.415052
10.296272
10.48971
10.261075
10.506369
10.485866
10.485396
10.462564
10.827553
10.677765
10.900549
10.733066
10.37873
10.41749
10.48942
10.416328
10.40269
10.305825
10.345109
10.395376
10.904242
10.370945
10.394647
10.26819
10.301476
10.265443
10.275316
10.384797
10.334694
10.293406
10.323379
10.5974
10.441974
10.549405
10.607706
10.432031
10.468783
10.648275
10.458825
10.487239
10.541248
10.816435
10.531757
10.576816
10.71359
10.828994
10.394438
10.343339
10.332007
10.98473
10.78632
10.915022
10.318468
10.339556
10.343986
10.381011
10.412165
10.430707
11.038939
11.093545
10.815726
10.864997
11.205271
10.900096
11.059659
10.937804
10.992626
11.100027
10.860239
10.75033
11.029007
11.027585
10.821717
10.948798
10.536197
10.727767
10.582965
10.810117
10.442861
10.448217
10.370304
10.573504
10.732038
10.622094
10.782237
10.577484
10.759852
10.848654
10.660674
10.870368
10.579938
10.366841
10.479863
10.48558
10.648122
10.488566
10.619839
10.805751
10.858441
10.651553
10.57875
10.761986
10.447767
10.61727
10.52012
10.369066
10.454186
10.40954
10.791719
10.022678
10.074932
9.9873484
9.99509
10.032703
9.9883567
10.002906
9.9903804
9.9838898
9.987566
9.9929609
9.9850375
9.9946194
9.9925795
9.9981944
9.9951993
9.9927988
9.9967238
9.9857184
9.9961053
10.183533
10.21066
10.122138
10.439927
10.603665
10.586374
10.78721
10.410892
10.404899
10.392302
10.557094
10.758678
10.545734
10.24127
10.259846
10.217667
10.270163
10.243612
10.259667
10.308486
10.308797
10.248465
10.182791
10.223184
10.199752
10.140942
10.170001
10.152034
10.25935
10.164117
10.201485
10.233794
10.280548
10.240851
10.214864
10.285317
10.301157
10.193874
10.270688
10.153611
10.094542
10.18201
10.113107
10.161601
10.121616
10.120531
10.113682
10.219152
10.137783
10.228033
10.172494
10.17217
10.163954
10.109575
10.204848
10.154833
10.141159
10.077666
10.11239
10.111806
10.102424
10.070035
10.074229
10.11238
10.109153
10.069893
10.070015
10.084367
10.101895
10.066622
10.024754
10.03125
10.073879
10.066504
10.00416
10.027094
10.003718
10.01624
10.022655
10.02202
10.003401
10.010684
10.017263
10.777765
10.604097
10.763307
10.193118
10.129387
10.190133
10.128046
10.245172
10.154831
10.22564
10.151211
10.282465
10.180357
10.163835
10.295823
10.189249
10.198354
10.099556
10.118566
10.124216
10.914899
10.927977
10.770364
10.87691
10.741281
10.822314
10.737142
10.631871
10.600986
10.865597
10.718134
10.809205
10.69404
10.25218
10.217668
10.248565
10.380014
10.373323
10.301019
10.442255
10.426355
10.349235
10.29996
10.471105
10.38907
10.278727
10.40762
10.32067
10.300438
10.352576
10.267843
10.281194
10.240142
10.095522
10.048205
10.137347
10.03695
10.064763
10.34263
10.426073
10.115158
10.289151
10.028009
10.00366
10.01904
10.001778
10.021735
10.05446
10.06268
10.014021
9.9997219
10.01895
10.01443
10.052211
10.006989
10.017019
10.004552
10.021985
10.013632
10.037302
10.03596
10.933292
10.858905
10.910458
10.14949
10.176233
10.116182
10.62168
10.633749
10.75017
10.750088
10.41505
10.673163
10.45827
10.369671
10.496579
10.3427
10.463831
10.417708
10.335022
10.280423
10.376709
10.325813
10.648479
10.500224
10.427848
10.341487
10.23188
10.217167
10.348828
10.236942
10.225118
10.235737
10.349254
10.237332
10.149643
10.237896
10.15839
10.158182
10.101116
10.153513
10.143046
10.096295
11.095747
11.070147
11.088911
10.663889
10.524499
10.69278
10.846217
10.708587
10.839132
10.688917
10.801288
10.692869
10.883227
10.803945
10.69202
10.88266
10.652267
10.653949
10.743108
10.604837
10.597795
10.686625
10.891072
10.625765
10.824995
10.668957
10.864408
10.610796
10.578012
10.717844
10.526469
10.651846
10.562894
10.531659
10.534904
10.472779
10.58336
10.434607
10.538818
10.691893
10.572232
10.529388
10.565934
10.527026
10.475238
10.44746
10.934268
10.714892
10.894156
10.726253
10.926407
10.9421
10.964742
10.485861
10.443594
10.412083
10.421226
10.311849
10.216274
10.28343
10.19603
10.457414
10.460587
10.574737
10.572665
10.353389
10.238871
10.447062
10.345037
10.235438
10.231343
10.344845
10.304385
10.22169
10.32751
10.239925
10.158137
10.210511
10.142974
10.150938
10.227171
10.154931
10.099851
10.242403
10.446799
10.443749
10.343453
10.236753
10.334522
10.233056
10.236934
10.157511
10.157221
10.156182
10.100675
10.159026
10.102963
10.099008
10.693673
10.754947
10.442007
10.353157
10.663785
10.677275
10.664922
10.677991
10.457194
10.537662
10.589105
10.551686
10.54904
10.393413
10.44981
10.461778
10.31155
10.328385
10.384958
10.326426
10.561596
10.44831
10.389055
10.204939
10.218358
10.19436
10.225053
10.20542
10.237058
10.155967
10.139913
10.112397
10.19161
10.164352
10.195419
10.136936
10.54583
10.709229
10.428938
10.560245
10.64514
10.595349
10.423095
10.503519
10.718992
10.827129
10.835557
10.655103
11.126419
10.999842
10.829541
10.973362
11.011934
10.894636
10.745117
10.902676
11.109429
11.376797
11.177235
11.043286
11.200077
11.483592
10.833365
11.090906
10.928414
10.773385
11.042105
10.832276
10.756003
10.643972
10.644503
10.687143
11.14132
11.073631
11.073428
11.163186
11.056768
10.781437
10.941973
11.079985
10.83387
11.145391
11.014198
11.287482
11.28343
11.555765
11.332189
11.188319
11.413145
11.111376
11.069985
11.277267
10.942209
10.869964
10.828469
10.762028
10.908595
11.142897
10.902472
10.830508
10.815425
11.010782
10.813617
10.846669
11.143576
10.781753
10.706257
10.755129
10.770499
10.714405
10.965655
11.088084
11.445574
11.195025
11.172233
11.527922
11.16401
10.978589
10.824055
10.780285
10.998955
11.267441
11.08889
11.006006
11.319763
11.644571
11.369932
10.678678
10.603751
10.588333
10.520711
10.585166
10.663175
10.582974
10.6806
10.805041
10.630445
10.697065
10.783601
10.634048
10.536153
10.639666
10.851094
10.689215
10.849501
10.669645
10.877745
10.715449
10.644852
10.612015
10.840202
10.673846
10.637573
10.622928
10.498295
10.551195
10.573602
10.531699
10.429303
10.451978
10.499314
10.470279
10.386543
10.344449
10.287148
10.381732
10.653986
10.611807
10.607268
10.561867
10.532054
10.71459
10.603007
10.531024
10.434831
10.580659
10.491992
10.640543
10.877295
10.729354
10.626998
10.860966
10.715884
10.575638
10.496535
10.464081
10.411282
10.469918
10.492984
10.449291
10.765085
10.919808
10.901396
10.754579
10.772838
10.91083
10.75471
10.910092
10.723883
10.751966
10.892888
10.77367
10.612353
10.5226
10.565787
10.631473
10.504531
10.652066
10.641043
10.762204
10.654258
10.771987
10.90361
10.895215
10.769794
10.151127
10.13459
10.247754
10.298179
10.156478
10.234482
10.532523
10.394628
10.644299
10.480756
10.230137
10.279376
10.228249
10.273536
10.198031
10.154579
10.194917
10.133926
10.266
10.227847
10.165247
10.215669
10.685005
10.370796
10.245787
10.750514
10.553109
10.744051
11.267183
10.914861
11.364112
10.983519
11.417634
10.730058
10.908215
10.682144
11.325871
11.317174
11.171645
10.821726
11.099761
11.24949
11.17705
10.170717
10.214432
10.193758
10.117213
10.1464
10.133028
10.142052
10.27681
10.217353
10.192968
10.277079
10.173865
10.243664
10.026309
10.012332
10.097443
10.132465
10.126599
10.150704
10.193666
10.186278
10.083341
10.025737
10.098571
10.084886
10.113093
10.171256
10.16288
10.145117
10.12862
10.156725
10.109555
10.137979
10.380972
10.479682
10.322876
10.414275
10.402924
10.457639
10.490867
10.366437
10.406811
10.438571
10.367636
10.387264
10.265659
10.337315
10.291868
10.337861
10.265845
10.275573
10.380316
10.312352
10.425763
10.357191
10.43485
10.343755
10.191694
10.132561
10.230711
10.300435
10.200821
10.260802
10.286907
10.162029
10.191949
10.247008
10.235964
10.316882
10.300241
10.701459
10.655096
10.884162
10.887135
10.965289
11.056265
11.051233
11.124221
10.780558
10.720633
10.917154
10.854505
10.668402
10.691056
10.664262
10.723199
10.577146
10.600528
10.643193
10.851691
10.935745
10.953696
10.887726
10.735565
10.770972
10.95335
11.001068
11.036042
10.799169
10.976223
10.867742
10.962464
11.203971
11.115679
11.371229
11.025652
11.206606
11.17141
11.056126
11.117788
11.493941
11.414688
11.133348
11.284734
11.494848
10.543742
10.492442
10.515662
10.45667
10.452718
10.450152
10.518493
10.453071
10.437662
10.441419
10.89377
10.923872
10.453548
10.441176
10.409164
10.94693
10.419697
10.423067
10.418073
10.390553
10.332889
10.279095
10.377352
10.323678
10.367031
10.523525
10.401753
10.565013
10.417778
10.664374
10.362061
10.376496
10.216734
10.205304
10.259821
10.310321
10.32777
10.252493
10.26118
10.31765
10.389752
10.290791
10.307412
10.373556
10.370797
10.319212
10.372188
10.502261
10.493915
10.61336
10.589922
10.347526
10.321852
10.351805
10.309302
10.327489
10.314441
10.334928
10.428588
10.337661
10.418071
10.525037
10.36378
10.361836
10.444107
10.356778
10.317284
10.508293
10.487178
10.359128
10.429614
10.218842
10.263946
10.24892
10.681815
10.892005
10.649302
10.86819
10.550582
10.986482
10.906943
10.962445
10.997791
10.492181
10.495529
10.419769
10.422031
10.487423
10.559231
10.396446
10.39595
10.385609
10.445331
10.388595
10.376442
10.746704
10.768827
10.500513
10.648637
10.71188
10.889679
10.350689
10.324142
10.315114
10.639072
10.727706
10.903078
10.791537
10.331574
10.325842
10.358806
10.990253
10.905087
11.028669
11.014433
10.768923
10.846747
10.795758
10.752688
10.645373
10.92997
10.960704
10.924169
10.731446
10.744903
10.759945
10.616073
10.649218
10.53136
10.693741
10.748962
10.673391
10.588698
10.600584
10.502224
10.550327
10.895084
10.944479
10.519108
10.630575
10.429925
10.526939
10.602754
10.684598
10.429999
10.476659
10.543172
10.812361
10.491796
10.610608
10.562187
10.620618
10.75857
10.935773
10.709905
10.840196
11.180246
11.236051
11.353309
11.355512
11.068113
11.19714
11.174351
11.023725
11.061132
11.008738
11.22958
11.054968
11.068677
11.309729
11.144458
11.132939
10.739916
10.598644
10.638099
10.519876
10.690245
10.739482
10.598408
10.682265
10.919552
10.955982
10.705152
10.923003
10.704621
10.491329
10.556247
10.566092
10.355875
10.342993
10.381454
10.373106
10.357606
10.463735
10.395822
10.505661
10.344564
10.355695
10.424661
10.383064
10.369208
10.404406
10.395094
10.517973
10.550079
10.445326
10.590199
10.399845
10.369564
10.364225
10.358473
10.377041
10.361198
10.361482
10.475781
10.434679
10.58684
10.442641
10.520699
10.523999
10.586424
10.596709
10.437028
10.48446
10.415062
10.484041
10.490373
10.411077
10.53547
10.444907
10.446642
10.660005
10.775298
10.574245
10.685729
10.569416
10.591712
10.9701
11.015707
10.851646
10.525833
10.500408
10.438396
10.37129
10.354633
10.482666
10.403257
10.571315
10.636814
10.488091
10.37746
10.480415
10.345447
10.315118
10.272519
10.308854
10.295975
10.269612
