MFEM mesh v1.0

#
# MFEM Geometry Types (see fem/geom.hpp):
#
# POINT       = 0
# SEGMENT     = 1
# TRIANGLE    = 2
# SQUARE      = 3
# TETRAHEDRON = 4
# CUBE        = 5
# PRISM       = 6
# PYRAMID     = 7
#

dimension
2

elements
12800
1 3 0 1 162 161
1 3 1 2 163 162
1 3 2 3 164 163
1 3 3 4 165 164
1 3 4 5 166 165
1 3 5 6 167 166
1 3 6 7 168 167
1 3 7 8 169 168
1 3 8 9 170 169
1 3 9 10 171 170
1 3 10 11 172 171
1 3 11 12 173 172
1 3 12 13 174 173
1 3 13 14 175 174
1 3 14 15 176 175
1 3 15 16 177 176
1 3 16 17 178 177
1 3 17 18 179 178
1 3 18 19 180 179
1 3 19 20 181 180
1 3 20 21 182 181
1 3 21 22 183 182
1 3 22 23 184 183
1 3 23 24 185 184
1 3 24 25 186 185
1 3 25 26 187 186
1 3 26 27 188 187
1 3 27 28 189 188
1 3 28 29 190 189
1 3 29 30 191 190
1 3 30 31 192 191
1 3 31 32 193 192
1 3 32 33 194 193
1 3 33 34 195 194
1 3 34 35 196 195
1 3 35 36 197 196
1 3 36 37 198 197
1 3 37 38 199 198
1 3 38 39 200 199
1 3 39 40 201 200
1 3 40 41 202 201
1 3 41 42 203 202
1 3 42 43 204 203
1 3 43 44 205 204
1 3 44 45 206 205
1 3 45 46 207 206
1 3 46 47 208 207
1 3 47 48 209 208
1 3 48 49 210 209
1 3 49 50 211 210
1 3 50 51 212 211
1 3 51 52 213 212
1 3 52 53 214 213
1 3 53 54 215 214
1 3 54 55 216 215
1 3 55 56 217 216
1 3 56 57 218 217
1 3 57 58 219 218
1 3 58 59 220 219
1 3 59 60 221 220
1 3 60 61 222 221
1 3 61 62 223 222
1 3 62 63 224 223
1 3 63 64 225 224
1 3 64 65 226 225
1 3 65 66 227 226
1 3 66 67 228 227
1 3 67 68 229 228
1 3 68 69 230 229
1 3 69 70 231 230
1 3 70 71 232 231
1 3 71 72 233 232
1 3 72 73 234 233
1 3 73 74 235 234
1 3 74 75 236 235
1 3 75 76 237 236
1 3 76 77 238 237
1 3 77 78 239 238
1 3 78 79 240 239
1 3 79 80 241 240
1 3 80 81 242 241
1 3 81 82 243 242
1 3 82 83 244 243
1 3 83 84 245 244
1 3 84 85 246 245
1 3 85 86 247 246
1 3 86 87 248 247
1 3 87 88 249 248
1 3 88 89 250 249
1 3 89 90 251 250
1 3 90 91 252 251
1 3 91 92 253 252
1 3 92 93 254 253
1 3 93 94 255 254
1 3 94 95 256 255
1 3 95 96 257 256
1 3 96 97 258 257
1 3 97 98 259 258
1 3 98 99 260 259
1 3 99 100 261 260
1 3 100 101 262 261
1 3 101 102 263 262
1 3 102 103 264 263
1 3 103 104 265 264
1 3 104 105 266 265
1 3 105 106 267 266
1 3 106 107 268 267
1 3 107 108 269 268
1 3 108 109 270 269
1 3 109 110 271 270
1 3 110 111 272 271
1 3 111 112 273 272
1 3 112 113 274 273
1 3 113 114 275 274
1 3 114 115 276 275
1 3 115 116 277 276
1 3 116 117 278 277
1 3 117 118 279 278
1 3 118 119 280 279
1 3 119 120 281 280
1 3 120 121 282 281
1 3 121 122 283 282
1 3 122 123 284 283
1 3 123 124 285 284
1 3 124 125 286 285
1 3 125 126 287 286
1 3 126 127 288 287
1 3 127 128 289 288
1 3 128 129 290 289
1 3 129 130 291 290
1 3 130 131 292 291
1 3 131 132 293 292
1 3 132 133 294 293
1 3 133 134 295 294
1 3 134 135 296 295
1 3 135 136 297 296
1 3 136 137 298 297
1 3 137 138 299 298
1 3 138 139 300 299
1 3 139 140 301 300
1 3 140 141 302 301
1 3 141 142 303 302
1 3 142 143 304 303
1 3 143 144 305 304
1 3 144 145 306 305
1 3 145 146 307 306
1 3 146 147 308 307
1 3 147 148 309 308
1 3 148 149 310 309
1 3 149 150 311 310
1 3 150 151 312 311
1 3 151 152 313 312
1 3 152 153 314 313
1 3 153 154 315 314
1 3 154 155 316 315
1 3 155 156 317 316
1 3 156 157 318 317
1 3 157 158 319 318
1 3 158 159 320 319
1 3 159 160 321 320
1 3 161 162 323 322
1 3 162 163 324 323
1 3 163 164 325 324
1 3 164 165 326 325
1 3 165 166 327 326
1 3 166 167 328 327
1 3 167 168 329 328
1 3 168 169 330 329
1 3 169 170 331 330
1 3 170 171 332 331
1 3 171 172 333 332
1 3 172 173 334 333
1 3 173 174 335 334
1 3 174 175 336 335
1 3 175 176 337 336
1 3 176 177 338 337
1 3 177 178 339 338
1 3 178 179 340 339
1 3 179 180 341 340
1 3 180 181 342 341
1 3 181 182 343 342
1 3 182 183 344 343
1 3 183 184 345 344
1 3 184 185 346 345
1 3 185 186 347 346
1 3 186 187 348 347
1 3 187 188 349 348
1 3 188 189 350 349
1 3 189 190 351 350
1 3 190 191 352 351
1 3 191 192 353 352
1 3 192 193 354 353
1 3 193 194 355 354
1 3 194 195 356 355
1 3 195 196 357 356
1 3 196 197 358 357
1 3 197 198 359 358
1 3 198 199 360 359
1 3 199 200 361 360
1 3 200 201 362 361
1 3 201 202 363 362
1 3 202 203 364 363
1 3 203 204 365 364
1 3 204 205 366 365
1 3 205 206 367 366
1 3 206 207 368 367
1 3 207 208 369 368
1 3 208 209 370 369
1 3 209 210 371 370
1 3 210 211 372 371
1 3 211 212 373 372
1 3 212 213 374 373
1 3 213 214 375 374
1 3 214 215 376 375
1 3 215 216 377 376
1 3 216 217 378 377
1 3 217 218 379 378
1 3 218 219 380 379
1 3 219 220 381 380
1 3 220 221 382 381
1 3 221 222 383 382
1 3 222 223 384 383
1 3 223 224 385 384
1 3 224 225 386 385
1 3 225 226 387 386
1 3 226 227 388 387
1 3 227 228 389 388
1 3 228 229 390 389
1 3 229 230 391 390
1 3 230 231 392 391
1 3 231 232 393 392
1 3 232 233 394 393
1 3 233 234 395 394
1 3 234 235 396 395
1 3 235 236 397 396
1 3 236 237 398 397
1 3 237 238 399 398
1 3 238 239 400 399
1 3 239 240 401 400
1 3 240 241 402 401
1 3 241 242 403 402
1 3 242 243 404 403
1 3 243 244 405 404
1 3 244 245 406 405
1 3 245 246 407 406
1 3 246 247 408 407
1 3 247 248 409 408
1 3 248 249 410 409
1 3 249 250 411 410
1 3 250 251 412 411
1 3 251 252 413 412
1 3 252 253 414 413
1 3 253 254 415 414
1 3 254 255 416 415
1 3 255 256 417 416
1 3 256 257 418 417
1 3 257 258 419 418
1 3 258 259 420 419
1 3 259 260 421 420
1 3 260 261 422 421
1 3 261 262 423 422
1 3 262 263 424 423
1 3 263 264 425 424
1 3 264 265 426 425
1 3 265 266 427 426
1 3 266 267 428 427
1 3 267 268 429 428
1 3 268 269 430 429
1 3 269 270 431 430
1 3 270 271 432 431
1 3 271 272 433 432
1 3 272 273 434 433
1 3 273 274 435 434
1 3 274 275 436 435
1 3 275 276 437 436
1 3 276 277 438 437
1 3 277 278 439 438
1 3 278 279 440 439
1 3 279 280 441 440
1 3 280 281 442 441
1 3 281 282 443 442
1 3 282 283 444 443
1 3 283 284 445 444
1 3 284 285 446 445
1 3 285 286 447 446
1 3 286 287 448 447
1 3 287 288 449 448
1 3 288 289 450 449
1 3 289 290 451 450
1 3 290 291 452 451
1 3 291 292 453 452
1 3 292 293 454 453
1 3 293 294 455 454
1 3 294 295 456 455
1 3 295 296 457 456
1 3 296 297 458 457
1 3 297 298 459 458
1 3 298 299 460 459
1 3 299 300 461 460
1 3 300 301 462 461
1 3 301 302 463 462
1 3 302 303 464 463
1 3 303 304 465 464
1 3 304 305 466 465
1 3 305 306 467 466
1 3 306 307 468 467
1 3 307 308 469 468
1 3 308 309 470 469
1 3 309 310 471 470
1 3 310 311 472 471
1 3 311 312 473 472
1 3 312 313 474 473
1 3 313 314 475 474
1 3 314 315 476 475
1 3 315 316 477 476
1 3 316 317 478 477
1 3 317 318 479 478
1 3 318 319 480 479
1 3 319 320 481 480
1 3 320 321 482 481
1 3 322 323 484 483
1 3 323 324 485 484
1 3 324 325 486 485
1 3 325 326 487 486
1 3 326 327 488 487
1 3 327 328 489 488
1 3 328 329 490 489
1 3 329 330 491 490
1 3 330 331 492 491
1 3 331 332 493 492
1 3 332 333 494 493
1 3 333 334 495 494
1 3 334 335 496 495
1 3 335 336 497 496
1 3 336 337 498 497
1 3 337 338 499 498
1 3 338 339 500 499
1 3 339 340 501 500
1 3 340 341 502 501
1 3 341 342 503 502
1 3 342 343 504 503
1 3 343 344 505 504
1 3 344 345 506 505
1 3 345 346 507 506
1 3 346 347 508 507
1 3 347 348 509 508
1 3 348 349 510 509
1 3 349 350 511 510
1 3 350 351 512 511
1 3 351 352 513 512
1 3 352 353 514 513
1 3 353 354 515 514
1 3 354 355 516 515
1 3 355 356 517 516
1 3 356 357 518 517
1 3 357 358 519 518
1 3 358 359 520 519
1 3 359 360 521 520
1 3 360 361 522 521
1 3 361 362 523 522
1 3 362 363 524 523
1 3 363 364 525 524
1 3 364 365 526 525
1 3 365 366 527 526
1 3 366 367 528 527
1 3 367 368 529 528
1 3 368 369 530 529
1 3 369 370 531 530
1 3 370 371 532 531
1 3 371 372 533 532
1 3 372 373 534 533
1 3 373 374 535 534
1 3 374 375 536 535
1 3 375 376 537 536
1 3 376 377 538 537
1 3 377 378 539 538
1 3 378 379 540 539
1 3 379 380 541 540
1 3 380 381 542 541
1 3 381 382 543 542
1 3 382 383 544 543
1 3 383 384 545 544
1 3 384 385 546 545
1 3 385 386 547 546
1 3 386 387 548 547
1 3 387 388 549 548
1 3 388 389 550 549
1 3 389 390 551 550
1 3 390 391 552 551
1 3 391 392 553 552
1 3 392 393 554 553
1 3 393 394 555 554
1 3 394 395 556 555
1 3 395 396 557 556
1 3 396 397 558 557
1 3 397 398 559 558
1 3 398 399 560 559
1 3 399 400 561 560
1 3 400 401 562 561
1 3 401 402 563 562
1 3 402 403 564 563
1 3 403 404 565 564
1 3 404 405 566 565
1 3 405 406 567 566
1 3 406 407 568 567
1 3 407 408 569 568
1 3 408 409 570 569
1 3 409 410 571 570
1 3 410 411 572 571
1 3 411 412 573 572
1 3 412 413 574 573
1 3 413 414 575 574
1 3 414 415 576 575
1 3 415 416 577 576
1 3 416 417 578 577
1 3 417 418 579 578
1 3 418 419 580 579
1 3 419 420 581 580
1 3 420 421 582 581
1 3 421 422 583 582
1 3 422 423 584 583
1 3 423 424 585 584
1 3 424 425 586 585
1 3 425 426 587 586
1 3 426 427 588 587
1 3 427 428 589 588
1 3 428 429 590 589
1 3 429 430 591 590
1 3 430 431 592 591
1 3 431 432 593 592
1 3 432 433 594 593
1 3 433 434 595 594
1 3 434 435 596 595
1 3 435 436 597 596
1 3 436 437 598 597
1 3 437 438 599 598
1 3 438 439 600 599
1 3 439 440 601 600
1 3 440 441 602 601
1 3 441 442 603 602
1 3 442 443 604 603
1 3 443 444 605 604
1 3 444 445 606 605
1 3 445 446 607 606
1 3 446 447 608 607
1 3 447 448 609 608
1 3 448 449 610 609
1 3 449 450 611 610
1 3 450 451 612 611
1 3 451 452 613 612
1 3 452 453 614 613
1 3 453 454 615 614
1 3 454 455 616 615
1 3 455 456 617 616
1 3 456 457 618 617
1 3 457 458 619 618
1 3 458 459 620 619
1 3 459 460 621 620
1 3 460 461 622 621
1 3 461 462 623 622
1 3 462 463 624 623
1 3 463 464 625 624
1 3 464 465 626 625
1 3 465 466 627 626
1 3 466 467 628 627
1 3 467 468 629 628
1 3 468 469 630 629
1 3 469 470 631 630
1 3 470 471 632 631
1 3 471 472 633 632
1 3 472 473 634 633
1 3 473 474 635 634
1 3 474 475 636 635
1 3 475 476 637 636
1 3 476 477 638 637
1 3 477 478 639 638
1 3 478 479 640 639
1 3 479 480 641 640
1 3 480 481 642 641
1 3 481 482 643 642
1 3 483 484 645 644
1 3 484 485 646 645
1 3 485 486 647 646
1 3 486 487 648 647
1 3 487 488 649 648
1 3 488 489 650 649
1 3 489 490 651 650
1 3 490 491 652 651
1 3 491 492 653 652
1 3 492 493 654 653
1 3 493 494 655 654
1 3 494 495 656 655
1 3 495 496 657 656
1 3 496 497 658 657
1 3 497 498 659 658
1 3 498 499 660 659
1 3 499 500 661 660
1 3 500 501 662 661
1 3 501 502 663 662
1 3 502 503 664 663
1 3 503 504 665 664
1 3 504 505 666 665
1 3 505 506 667 666
1 3 506 507 668 667
1 3 507 508 669 668
1 3 508 509 670 669
1 3 509 510 671 670
1 3 510 511 672 671
1 3 511 512 673 672
1 3 512 513 674 673
1 3 513 514 675 674
1 3 514 515 676 675
1 3 515 516 677 676
1 3 516 517 678 677
1 3 517 518 679 678
1 3 518 519 680 679
1 3 519 520 681 680
1 3 520 521 682 681
1 3 521 522 683 682
1 3 522 523 684 683
1 3 523 524 685 684
1 3 524 525 686 685
1 3 525 526 687 686
1 3 526 527 688 687
1 3 527 528 689 688
1 3 528 529 690 689
1 3 529 530 691 690
1 3 530 531 692 691
1 3 531 532 693 692
1 3 532 533 694 693
1 3 533 534 695 694
1 3 534 535 696 695
1 3 535 536 697 696
1 3 536 537 698 697
1 3 537 538 699 698
1 3 538 539 700 699
1 3 539 540 701 700
1 3 540 541 702 701
1 3 541 542 703 702
1 3 542 543 704 703
1 3 543 544 705 704
1 3 544 545 706 705
1 3 545 546 707 706
1 3 546 547 708 707
1 3 547 548 709 708
1 3 548 549 710 709
1 3 549 550 711 710
1 3 550 551 712 711
1 3 551 552 713 712
1 3 552 553 714 713
1 3 553 554 715 714
1 3 554 555 716 715
1 3 555 556 717 716
1 3 556 557 718 717
1 3 557 558 719 718
1 3 558 559 720 719
1 3 559 560 721 720
1 3 560 561 722 721
1 3 561 562 723 722
1 3 562 563 724 723
1 3 563 564 725 724
1 3 564 565 726 725
1 3 565 566 727 726
1 3 566 567 728 727
1 3 567 568 729 728
1 3 568 569 730 729
1 3 569 570 731 730
1 3 570 571 732 731
1 3 571 572 733 732
1 3 572 573 734 733
1 3 573 574 735 734
1 3 574 575 736 735
1 3 575 576 737 736
1 3 576 577 738 737
1 3 577 578 739 738
1 3 578 579 740 739
1 3 579 580 741 740
1 3 580 581 742 741
1 3 581 582 743 742
1 3 582 583 744 743
1 3 583 584 745 744
1 3 584 585 746 745
1 3 585 586 747 746
1 3 586 587 748 747
1 3 587 588 749 748
1 3 588 589 750 749
1 3 589 590 751 750
1 3 590 591 752 751
1 3 591 592 753 752
1 3 592 593 754 753
1 3 593 594 755 754
1 3 594 595 756 755
1 3 595 596 757 756
1 3 596 597 758 757
1 3 597 598 759 758
1 3 598 599 760 759
1 3 599 600 761 760
1 3 600 601 762 761
1 3 601 602 763 762
1 3 602 603 764 763
1 3 603 604 765 764
1 3 604 605 766 765
1 3 605 606 767 766
1 3 606 607 768 767
1 3 607 608 769 768
1 3 608 609 770 769
1 3 609 610 771 770
1 3 610 611 772 771
1 3 611 612 773 772
1 3 612 613 774 773
1 3 613 614 775 774
1 3 614 615 776 775
1 3 615 616 777 776
1 3 616 617 778 777
1 3 617 618 779 778
1 3 618 619 780 779
1 3 619 620 781 780
1 3 620 621 782 781
1 3 621 622 783 782
1 3 622 623 784 783
1 3 623 624 785 784
1 3 624 625 786 785
1 3 625 626 787 786
1 3 626 627 788 787
1 3 627 628 789 788
1 3 628 629 790 789
1 3 629 630 791 790
1 3 630 631 792 791
1 3 631 632 793 792
1 3 632 633 794 793
1 3 633 634 795 794
1 3 634 635 796 795
1 3 635 636 797 796
1 3 636 637 798 797
1 3 637 638 799 798
1 3 638 639 800 799
1 3 639 640 801 800
1 3 640 641 802 801
1 3 641 642 803 802
1 3 642 643 804 803
1 3 644 645 806 805
1 3 645 646 807 806
1 3 646 647 808 807
1 3 647 648 809 808
1 3 648 649 810 809
1 3 649 650 811 810
1 3 650 651 812 811
1 3 651 652 813 812
1 3 652 653 814 813
1 3 653 654 815 814
1 3 654 655 816 815
1 3 655 656 817 816
1 3 656 657 818 817
1 3 657 658 819 818
1 3 658 659 820 819
1 3 659 660 821 820
1 3 660 661 822 821
1 3 661 662 823 822
1 3 662 663 824 823
1 3 663 664 825 824
1 3 664 665 826 825
1 3 665 666 827 826
1 3 666 667 828 827
1 3 667 668 829 828
1 3 668 669 830 829
1 3 669 670 831 830
1 3 670 671 832 831
1 3 671 672 833 832
1 3 672 673 834 833
1 3 673 674 835 834
1 3 674 675 836 835
1 3 675 676 837 836
1 3 676 677 838 837
1 3 677 678 839 838
1 3 678 679 840 839
1 3 679 680 841 840
1 3 680 681 842 841
1 3 681 682 843 842
1 3 682 683 844 843
1 3 683 684 845 844
1 3 684 685 846 845
1 3 685 686 847 846
1 3 686 687 848 847
1 3 687 688 849 848
1 3 688 689 850 849
1 3 689 690 851 850
1 3 690 691 852 851
1 3 691 692 853 852
1 3 692 693 854 853
1 3 693 694 855 854
1 3 694 695 856 855
1 3 695 696 857 856
1 3 696 697 858 857
1 3 697 698 859 858
1 3 698 699 860 859
1 3 699 700 861 860
1 3 700 701 862 861
1 3 701 702 863 862
1 3 702 703 864 863
1 3 703 704 865 864
1 3 704 705 866 865
1 3 705 706 867 866
1 3 706 707 868 867
1 3 707 708 869 868
1 3 708 709 870 869
1 3 709 710 871 870
1 3 710 711 872 871
1 3 711 712 873 872
1 3 712 713 874 873
1 3 713 714 875 874
1 3 714 715 876 875
1 3 715 716 877 876
1 3 716 717 878 877
1 3 717 718 879 878
1 3 718 719 880 879
1 3 719 720 881 880
1 3 720 721 882 881
1 3 721 722 883 882
1 3 722 723 884 883
1 3 723 724 885 884
1 3 724 725 886 885
1 3 725 726 887 886
1 3 726 727 888 887
1 3 727 728 889 888
1 3 728 729 890 889
1 3 729 730 891 890
1 3 730 731 892 891
1 3 731 732 893 892
1 3 732 733 894 893
1 3 733 734 895 894
1 3 734 735 896 895
1 3 735 736 897 896
1 3 736 737 898 897
1 3 737 738 899 898
1 3 738 739 900 899
1 3 739 740 901 900
1 3 740 741 902 901
1 3 741 742 903 902
1 3 742 743 904 903
1 3 743 744 905 904
1 3 744 745 906 905
1 3 745 746 907 906
1 3 746 747 908 907
1 3 747 748 909 908
1 3 748 749 910 909
1 3 749 750 911 910
1 3 750 751 912 911
1 3 751 752 913 912
1 3 752 753 914 913
1 3 753 754 915 914
1 3 754 755 916 915
1 3 755 756 917 916
1 3 756 757 918 917
1 3 757 758 919 918
1 3 758 759 920 919
1 3 759 760 921 920
1 3 760 761 922 921
1 3 761 762 923 922
1 3 762 763 924 923
1 3 763 764 925 924
1 3 764 765 926 925
1 3 765 766 927 926
1 3 766 767 928 927
1 3 767 768 929 928
1 3 768 769 930 929
1 3 769 770 931 930
1 3 770 771 932 931
1 3 771 772 933 932
1 3 772 773 934 933
1 3 773 774 935 934
1 3 774 775 936 935
1 3 775 776 937 936
1 3 776 777 938 937
1 3 777 778 939 938
1 3 778 779 940 939
1 3 779 780 941 940
1 3 780 781 942 941
1 3 781 782 943 942
1 3 782 783 944 943
1 3 783 784 945 944
1 3 784 785 946 945
1 3 785 786 947 946
1 3 786 787 948 947
1 3 787 788 949 948
1 3 788 789 950 949
1 3 789 790 951 950
1 3 790 791 952 951
1 3 791 792 953 952
1 3 792 793 954 953
1 3 793 794 955 954
1 3 794 795 956 955
1 3 795 796 957 956
1 3 796 797 958 957
1 3 797 798 959 958
1 3 798 799 960 959
1 3 799 800 961 960
1 3 800 801 962 961
1 3 801 802 963 962
1 3 802 803 964 963
1 3 803 804 965 964
1 3 805 806 967 966
1 3 806 807 968 967
1 3 807 808 969 968
1 3 808 809 970 969
1 3 809 810 971 970
1 3 810 811 972 971
1 3 811 812 973 972
1 3 812 813 974 973
1 3 813 814 975 974
1 3 814 815 976 975
1 3 815 816 977 976
1 3 816 817 978 977
1 3 817 818 979 978
1 3 818 819 980 979
1 3 819 820 981 980
1 3 820 821 982 981
1 3 821 822 983 982
1 3 822 823 984 983
1 3 823 824 985 984
1 3 824 825 986 985
1 3 825 826 987 986
1 3 826 827 988 987
1 3 827 828 989 988
1 3 828 829 990 989
1 3 829 830 991 990
1 3 830 831 992 991
1 3 831 832 993 992
1 3 832 833 994 993
1 3 833 834 995 994
1 3 834 835 996 995
1 3 835 836 997 996
1 3 836 837 998 997
1 3 837 838 999 998
1 3 838 839 1000 999
1 3 839 840 1001 1000
1 3 840 841 1002 1001
1 3 841 842 1003 1002
1 3 842 843 1004 1003
1 3 843 844 1005 1004
1 3 844 845 1006 1005
1 3 845 846 1007 1006
1 3 846 847 1008 1007
1 3 847 848 1009 1008
1 3 848 849 1010 1009
1 3 849 850 1011 1010
1 3 850 851 1012 1011
1 3 851 852 1013 1012
1 3 852 853 1014 1013
1 3 853 854 1015 1014
1 3 854 855 1016 1015
1 3 855 856 1017 1016
1 3 856 857 1018 1017
1 3 857 858 1019 1018
1 3 858 859 1020 1019
1 3 859 860 1021 1020
1 3 860 861 1022 1021
1 3 861 862 1023 1022
1 3 862 863 1024 1023
1 3 863 864 1025 1024
1 3 864 865 1026 1025
1 3 865 866 1027 1026
1 3 866 867 1028 1027
1 3 867 868 1029 1028
1 3 868 869 1030 1029
1 3 869 870 1031 1030
1 3 870 871 1032 1031
1 3 871 872 1033 1032
1 3 872 873 1034 1033
1 3 873 874 1035 1034
1 3 874 875 1036 1035
1 3 875 876 1037 1036
1 3 876 877 1038 1037
1 3 877 878 1039 1038
1 3 878 879 1040 1039
1 3 879 880 1041 1040
1 3 880 881 1042 1041
1 3 881 882 1043 1042
1 3 882 883 1044 1043
1 3 883 884 1045 1044
1 3 884 885 1046 1045
1 3 885 886 1047 1046
1 3 886 887 1048 1047
1 3 887 888 1049 1048
1 3 888 889 1050 1049
1 3 889 890 1051 1050
1 3 890 891 1052 1051
1 3 891 892 1053 1052
1 3 892 893 1054 1053
1 3 893 894 1055 1054
1 3 894 895 1056 1055
1 3 895 896 1057 1056
1 3 896 897 1058 1057
1 3 897 898 1059 1058
1 3 898 899 1060 1059
1 3 899 900 1061 1060
1 3 900 901 1062 1061
1 3 901 902 1063 1062
1 3 902 903 1064 1063
1 3 903 904 1065 1064
1 3 904 905 1066 1065
1 3 905 906 1067 1066
1 3 906 907 1068 1067
1 3 907 908 1069 1068
1 3 908 909 1070 1069
1 3 909 910 1071 1070
1 3 910 911 1072 1071
1 3 911 912 1073 1072
1 3 912 913 1074 1073
1 3 913 914 1075 1074
1 3 914 915 1076 1075
1 3 915 916 1077 1076
1 3 916 917 1078 1077
1 3 917 918 1079 1078
1 3 918 919 1080 1079
1 3 919 920 1081 1080
1 3 920 921 1082 1081
1 3 921 922 1083 1082
1 3 922 923 1084 1083
1 3 923 924 1085 1084
1 3 924 925 1086 1085
1 3 925 926 1087 1086
1 3 926 927 1088 1087
1 3 927 928 1089 1088
1 3 928 929 1090 1089
1 3 929 930 1091 1090
1 3 930 931 1092 1091
1 3 931 932 1093 1092
1 3 932 933 1094 1093
1 3 933 934 1095 1094
1 3 934 935 1096 1095
1 3 935 936 1097 1096
1 3 936 937 1098 1097
1 3 937 938 1099 1098
1 3 938 939 1100 1099
1 3 939 940 1101 1100
1 3 940 941 1102 1101
1 3 941 942 1103 1102
1 3 942 943 1104 1103
1 3 943 944 1105 1104
1 3 944 945 1106 1105
1 3 945 946 1107 1106
1 3 946 947 1108 1107
1 3 947 948 1109 1108
1 3 948 949 1110 1109
1 3 949 950 1111 1110
1 3 950 951 1112 1111
1 3 951 952 1113 1112
1 3 952 953 1114 1113
1 3 953 954 1115 1114
1 3 954 955 1116 1115
1 3 955 956 1117 1116
1 3 956 957 1118 1117
1 3 957 958 1119 1118
1 3 958 959 1120 1119
1 3 959 960 1121 1120
1 3 960 961 1122 1121
1 3 961 962 1123 1122
1 3 962 963 1124 1123
1 3 963 964 1125 1124
1 3 964 965 1126 1125
1 3 966 967 1128 1127
1 3 967 968 1129 1128
1 3 968 969 1130 1129
1 3 969 970 1131 1130
1 3 970 971 1132 1131
1 3 971 972 1133 1132
1 3 972 973 1134 1133
1 3 973 974 1135 1134
1 3 974 975 1136 1135
1 3 975 976 1137 1136
1 3 976 977 1138 1137
1 3 977 978 1139 1138
1 3 978 979 1140 1139
1 3 979 980 1141 1140
1 3 980 981 1142 1141
1 3 981 982 1143 1142
1 3 982 983 1144 1143
1 3 983 984 1145 1144
1 3 984 985 1146 1145
1 3 985 986 1147 1146
1 3 986 987 1148 1147
1 3 987 988 1149 1148
1 3 988 989 1150 1149
1 3 989 990 1151 1150
1 3 990 991 1152 1151
1 3 991 992 1153 1152
1 3 992 993 1154 1153
1 3 993 994 1155 1154
1 3 994 995 1156 1155
1 3 995 996 1157 1156
1 3 996 997 1158 1157
1 3 997 998 1159 1158
1 3 998 999 1160 1159
1 3 999 1000 1161 1160
1 3 1000 1001 1162 1161
1 3 1001 1002 1163 1162
1 3 1002 1003 1164 1163
1 3 1003 1004 1165 1164
1 3 1004 1005 1166 1165
1 3 1005 1006 1167 1166
1 3 1006 1007 1168 1167
1 3 1007 1008 1169 1168
1 3 1008 1009 1170 1169
1 3 1009 1010 1171 1170
1 3 1010 1011 1172 1171
1 3 1011 1012 1173 1172
1 3 1012 1013 1174 1173
1 3 1013 1014 1175 1174
1 3 1014 1015 1176 1175
1 3 1015 1016 1177 1176
1 3 1016 1017 1178 1177
1 3 1017 1018 1179 1178
1 3 1018 1019 1180 1179
1 3 1019 1020 1181 1180
1 3 1020 1021 1182 1181
1 3 1021 1022 1183 1182
1 3 1022 1023 1184 1183
1 3 1023 1024 1185 1184
1 3 1024 1025 1186 1185
1 3 1025 1026 1187 1186
1 3 1026 1027 1188 1187
1 3 1027 1028 1189 1188
1 3 1028 1029 1190 1189
1 3 1029 1030 1191 1190
1 3 1030 1031 1192 1191
1 3 1031 1032 1193 1192
1 3 1032 1033 1194 1193
1 3 1033 1034 1195 1194
1 3 1034 1035 1196 1195
1 3 1035 1036 1197 1196
1 3 1036 1037 1198 1197
1 3 1037 1038 1199 1198
1 3 1038 1039 1200 1199
1 3 1039 1040 1201 1200
1 3 1040 1041 1202 1201
1 3 1041 1042 1203 1202
1 3 1042 1043 1204 1203
1 3 1043 1044 1205 1204
1 3 1044 1045 1206 1205
1 3 1045 1046 1207 1206
1 3 1046 1047 1208 1207
1 3 1047 1048 1209 1208
1 3 1048 1049 1210 1209
1 3 1049 1050 1211 1210
1 3 1050 1051 1212 1211
1 3 1051 1052 1213 1212
1 3 1052 1053 1214 1213
1 3 1053 1054 1215 1214
1 3 1054 1055 1216 1215
1 3 1055 1056 1217 1216
1 3 1056 1057 1218 1217
1 3 1057 1058 1219 1218
1 3 1058 1059 1220 1219
1 3 1059 1060 1221 1220
1 3 1060 1061 1222 1221
1 3 1061 1062 1223 1222
1 3 1062 1063 1224 1223
1 3 1063 1064 1225 1224
1 3 1064 1065 1226 1225
1 3 1065 1066 1227 1226
1 3 1066 1067 1228 1227
1 3 1067 1068 1229 1228
1 3 1068 1069 1230 1229
1 3 1069 1070 1231 1230
1 3 1070 1071 1232 1231
1 3 1071 1072 1233 1232
1 3 1072 1073 1234 1233
1 3 1073 1074 1235 1234
1 3 1074 1075 1236 1235
1 3 1075 1076 1237 1236
1 3 1076 1077 1238 1237
1 3 1077 1078 1239 1238
1 3 1078 1079 1240 1239
1 3 1079 1080 1241 1240
1 3 1080 1081 1242 1241
1 3 1081 1082 1243 1242
1 3 1082 1083 1244 1243
1 3 1083 1084 1245 1244
1 3 1084 1085 1246 1245
1 3 1085 1086 1247 1246
1 3 1086 1087 1248 1247
1 3 1087 1088 1249 1248
1 3 1088 1089 1250 1249
1 3 1089 1090 1251 1250
1 3 1090 1091 1252 1251
1 3 1091 1092 1253 1252
1 3 1092 1093 1254 1253
1 3 1093 1094 1255 1254
1 3 1094 1095 1256 1255
1 3 1095 1096 1257 1256
1 3 1096 1097 1258 1257
1 3 1097 1098 1259 1258
1 3 1098 1099 1260 1259
1 3 1099 1100 1261 1260
1 3 1100 1101 1262 1261
1 3 1101 1102 1263 1262
1 3 1102 1103 1264 1263
1 3 1103 1104 1265 1264
1 3 1104 1105 1266 1265
1 3 1105 1106 1267 1266
1 3 1106 1107 1268 1267
1 3 1107 1108 1269 1268
1 3 1108 1109 1270 1269
1 3 1109 1110 1271 1270
1 3 1110 1111 1272 1271
1 3 1111 1112 1273 1272
1 3 1112 1113 1274 1273
1 3 1113 1114 1275 1274
1 3 1114 1115 1276 1275
1 3 1115 1116 1277 1276
1 3 1116 1117 1278 1277
1 3 1117 1118 1279 1278
1 3 1118 1119 1280 1279
1 3 1119 1120 1281 1280
1 3 1120 1121 1282 1281
1 3 1121 1122 1283 1282
1 3 1122 1123 1284 1283
1 3 1123 1124 1285 1284
1 3 1124 1125 1286 1285
1 3 1125 1126 1287 1286
1 3 1127 1128 1289 1288
1 3 1128 1129 1290 1289
1 3 1129 1130 1291 1290
1 3 1130 1131 1292 1291
1 3 1131 1132 1293 1292
1 3 1132 1133 1294 1293
1 3 1133 1134 1295 1294
1 3 1134 1135 1296 1295
1 3 1135 1136 1297 1296
1 3 1136 1137 1298 1297
1 3 1137 1138 1299 1298
1 3 1138 1139 1300 1299
1 3 1139 1140 1301 1300
1 3 1140 1141 1302 1301
1 3 1141 1142 1303 1302
1 3 1142 1143 1304 1303
1 3 1143 1144 1305 1304
1 3 1144 1145 1306 1305
1 3 1145 1146 1307 1306
1 3 1146 1147 1308 1307
1 3 1147 1148 1309 1308
1 3 1148 1149 1310 1309
1 3 1149 1150 1311 1310
1 3 1150 1151 1312 1311
1 3 1151 1152 1313 1312
1 3 1152 1153 1314 1313
1 3 1153 1154 1315 1314
1 3 1154 1155 1316 1315
1 3 1155 1156 1317 1316
1 3 1156 1157 1318 1317
1 3 1157 1158 1319 1318
1 3 1158 1159 1320 1319
1 3 1159 1160 1321 1320
1 3 1160 1161 1322 1321
1 3 1161 1162 1323 1322
1 3 1162 1163 1324 1323
1 3 1163 1164 1325 1324
1 3 1164 1165 1326 1325
1 3 1165 1166 1327 1326
1 3 1166 1167 1328 1327
1 3 1167 1168 1329 1328
1 3 1168 1169 1330 1329
1 3 1169 1170 1331 1330
1 3 1170 1171 1332 1331
1 3 1171 1172 1333 1332
1 3 1172 1173 1334 1333
1 3 1173 1174 1335 1334
1 3 1174 1175 1336 1335
1 3 1175 1176 1337 1336
1 3 1176 1177 1338 1337
1 3 1177 1178 1339 1338
1 3 1178 1179 1340 1339
1 3 1179 1180 1341 1340
1 3 1180 1181 1342 1341
1 3 1181 1182 1343 1342
1 3 1182 1183 1344 1343
1 3 1183 1184 1345 1344
1 3 1184 1185 1346 1345
1 3 1185 1186 1347 1346
1 3 1186 1187 1348 1347
1 3 1187 1188 1349 1348
1 3 1188 1189 1350 1349
1 3 1189 1190 1351 1350
1 3 1190 1191 1352 1351
1 3 1191 1192 1353 1352
1 3 1192 1193 1354 1353
1 3 1193 1194 1355 1354
1 3 1194 1195 1356 1355
1 3 1195 1196 1357 1356
1 3 1196 1197 1358 1357
1 3 1197 1198 1359 1358
1 3 1198 1199 1360 1359
1 3 1199 1200 1361 1360
1 3 1200 1201 1362 1361
1 3 1201 1202 1363 1362
1 3 1202 1203 1364 1363
1 3 1203 1204 1365 1364
1 3 1204 1205 1366 1365
1 3 1205 1206 1367 1366
1 3 1206 1207 1368 1367
1 3 1207 1208 1369 1368
1 3 1208 1209 1370 1369
1 3 1209 1210 1371 1370
1 3 1210 1211 1372 1371
1 3 1211 1212 1373 1372
1 3 1212 1213 1374 1373
1 3 1213 1214 1375 1374
1 3 1214 1215 1376 1375
1 3 1215 1216 1377 1376
1 3 1216 1217 1378 1377
1 3 1217 1218 1379 1378
1 3 1218 1219 1380 1379
1 3 1219 1220 1381 1380
1 3 1220 1221 1382 1381
1 3 1221 1222 1383 1382
1 3 1222 1223 1384 1383
1 3 1223 1224 1385 1384
1 3 1224 1225 1386 1385
1 3 1225 1226 1387 1386
1 3 1226 1227 1388 1387
1 3 1227 1228 1389 1388
1 3 1228 1229 1390 1389
1 3 1229 1230 1391 1390
1 3 1230 1231 1392 1391
1 3 1231 1232 1393 1392
1 3 1232 1233 1394 1393
1 3 1233 1234 1395 1394
1 3 1234 1235 1396 1395
1 3 1235 1236 1397 1396
1 3 1236 1237 1398 1397
1 3 1237 1238 1399 1398
1 3 1238 1239 1400 1399
1 3 1239 1240 1401 1400
1 3 1240 1241 1402 1401
1 3 1241 1242 1403 1402
1 3 1242 1243 1404 1403
1 3 1243 1244 1405 1404
1 3 1244 1245 1406 1405
1 3 1245 1246 1407 1406
1 3 1246 1247 1408 1407
1 3 1247 1248 1409 1408
1 3 1248 1249 1410 1409
1 3 1249 1250 1411 1410
1 3 1250 1251 1412 1411
1 3 1251 1252 1413 1412
1 3 1252 1253 1414 1413
1 3 1253 1254 1415 1414
1 3 1254 1255 1416 1415
1 3 1255 1256 1417 1416
1 3 1256 1257 1418 1417
1 3 1257 1258 1419 1418
1 3 1258 1259 1420 1419
1 3 1259 1260 1421 1420
1 3 1260 1261 1422 1421
1 3 1261 1262 1423 1422
1 3 1262 1263 1424 1423
1 3 1263 1264 1425 1424
1 3 1264 1265 1426 1425
1 3 1265 1266 1427 1426
1 3 1266 1267 1428 1427
1 3 1267 1268 1429 1428
1 3 1268 1269 1430 1429
1 3 1269 1270 1431 1430
1 3 1270 1271 1432 1431
1 3 1271 1272 1433 1432
1 3 1272 1273 1434 1433
1 3 1273 1274 1435 1434
1 3 1274 1275 1436 1435
1 3 1275 1276 1437 1436
1 3 1276 1277 1438 1437
1 3 1277 1278 1439 1438
1 3 1278 1279 1440 1439
1 3 1279 1280 1441 1440
1 3 1280 1281 1442 1441
1 3 1281 1282 1443 1442
1 3 1282 1283 1444 1443
1 3 1283 1284 1445 1444
1 3 1284 1285 1446 1445
1 3 1285 1286 1447 1446
1 3 1286 1287 1448 1447
1 3 1288 1289 1450 1449
1 3 1289 1290 1451 1450
1 3 1290 1291 1452 1451
1 3 1291 1292 1453 1452
1 3 1292 1293 1454 1453
1 3 1293 1294 1455 1454
1 3 1294 1295 1456 1455
1 3 1295 1296 1457 1456
1 3 1296 1297 1458 1457
1 3 1297 1298 1459 1458
1 3 1298 1299 1460 1459
1 3 1299 1300 1461 1460
1 3 1300 1301 1462 1461
1 3 1301 1302 1463 1462
1 3 1302 1303 1464 1463
1 3 1303 1304 1465 1464
1 3 1304 1305 1466 1465
1 3 1305 1306 1467 1466
1 3 1306 1307 1468 1467
1 3 1307 1308 1469 1468
1 3 1308 1309 1470 1469
1 3 1309 1310 1471 1470
1 3 1310 1311 1472 1471
1 3 1311 1312 1473 1472
1 3 1312 1313 1474 1473
1 3 1313 1314 1475 1474
1 3 1314 1315 1476 1475
1 3 1315 1316 1477 1476
1 3 1316 1317 1478 1477
1 3 1317 1318 1479 1478
1 3 1318 1319 1480 1479
1 3 1319 1320 1481 1480
1 3 1320 1321 1482 1481
1 3 1321 1322 1483 1482
1 3 1322 1323 1484 1483
1 3 1323 1324 1485 1484
1 3 1324 1325 1486 1485
1 3 1325 1326 1487 1486
1 3 1326 1327 1488 1487
1 3 1327 1328 1489 1488
1 3 1328 1329 1490 1489
1 3 1329 1330 1491 1490
1 3 1330 1331 1492 1491
1 3 1331 1332 1493 1492
1 3 1332 1333 1494 1493
1 3 1333 1334 1495 1494
1 3 1334 1335 1496 1495
1 3 1335 1336 1497 1496
1 3 1336 1337 1498 1497
1 3 1337 1338 1499 1498
1 3 1338 1339 1500 1499
1 3 1339 1340 1501 1500
1 3 1340 1341 1502 1501
1 3 1341 1342 1503 1502
1 3 1342 1343 1504 1503
1 3 1343 1344 1505 1504
1 3 1344 1345 1506 1505
1 3 1345 1346 1507 1506
1 3 1346 1347 1508 1507
1 3 1347 1348 1509 1508
1 3 1348 1349 1510 1509
1 3 1349 1350 1511 1510
1 3 1350 1351 1512 1511
1 3 1351 1352 1513 1512
1 3 1352 1353 1514 1513
1 3 1353 1354 1515 1514
1 3 1354 1355 1516 1515
1 3 1355 1356 1517 1516
1 3 1356 1357 1518 1517
1 3 1357 1358 1519 1518
1 3 1358 1359 1520 1519
1 3 1359 1360 1521 1520
1 3 1360 1361 1522 1521
1 3 1361 1362 1523 1522
1 3 1362 1363 1524 1523
1 3 1363 1364 1525 1524
1 3 1364 1365 1526 1525
1 3 1365 1366 1527 1526
1 3 1366 1367 1528 1527
1 3 1367 1368 1529 1528
1 3 1368 1369 1530 1529
1 3 1369 1370 1531 1530
1 3 1370 1371 1532 1531
1 3 1371 1372 1533 1532
1 3 1372 1373 1534 1533
1 3 1373 1374 1535 1534
1 3 1374 1375 1536 1535
1 3 1375 1376 1537 1536
1 3 1376 1377 1538 1537
1 3 1377 1378 1539 1538
1 3 1378 1379 1540 1539
1 3 1379 1380 1541 1540
1 3 1380 1381 1542 1541
1 3 1381 1382 1543 1542
1 3 1382 1383 1544 1543
1 3 1383 1384 1545 1544
1 3 1384 1385 1546 1545
1 3 1385 1386 1547 1546
1 3 1386 1387 1548 1547
1 3 1387 1388 1549 1548
1 3 1388 1389 1550 1549
1 3 1389 1390 1551 1550
1 3 1390 1391 1552 1551
1 3 1391 1392 1553 1552
1 3 1392 1393 1554 1553
1 3 1393 1394 1555 1554
1 3 1394 1395 1556 1555
1 3 1395 1396 1557 1556
1 3 1396 1397 1558 1557
1 3 1397 1398 1559 1558
1 3 1398 1399 1560 1559
1 3 1399 1400 1561 1560
1 3 1400 1401 1562 1561
1 3 1401 1402 1563 1562
1 3 1402 1403 1564 1563
1 3 1403 1404 1565 1564
1 3 1404 1405 1566 1565
1 3 1405 1406 1567 1566
1 3 1406 1407 1568 1567
1 3 1407 1408 1569 1568
1 3 1408 1409 1570 1569
1 3 1409 1410 1571 1570
1 3 1410 1411 1572 1571
1 3 1411 1412 1573 1572
1 3 1412 1413 1574 1573
1 3 1413 1414 1575 1574
1 3 1414 1415 1576 1575
1 3 1415 1416 1577 1576
1 3 1416 1417 1578 1577
1 3 1417 1418 1579 1578
1 3 1418 1419 1580 1579
1 3 1419 1420 1581 1580
1 3 1420 1421 1582 1581
1 3 1421 1422 1583 1582
1 3 1422 1423 1584 1583
1 3 1423 1424 1585 1584
1 3 1424 1425 1586 1585
1 3 1425 1426 1587 1586
1 3 1426 1427 1588 1587
1 3 1427 1428 1589 1588
1 3 1428 1429 1590 1589
1 3 1429 1430 1591 1590
1 3 1430 1431 1592 1591
1 3 1431 1432 1593 1592
1 3 1432 1433 1594 1593
1 3 1433 1434 1595 1594
1 3 1434 1435 1596 1595
1 3 1435 1436 1597 1596
1 3 1436 1437 1598 1597
1 3 1437 1438 1599 1598
1 3 1438 1439 1600 1599
1 3 1439 1440 1601 1600
1 3 1440 1441 1602 1601
1 3 1441 1442 1603 1602
1 3 1442 1443 1604 1603
1 3 1443 1444 1605 1604
1 3 1444 1445 1606 1605
1 3 1445 1446 1607 1606
1 3 1446 1447 1608 1607
1 3 1447 1448 1609 1608
1 3 1449 1450 1611 1610
1 3 1450 1451 1612 1611
1 3 1451 1452 1613 1612
1 3 1452 1453 1614 1613
1 3 1453 1454 1615 1614
1 3 1454 1455 1616 1615
1 3 1455 1456 1617 1616
1 3 1456 1457 1618 1617
1 3 1457 1458 1619 1618
1 3 1458 1459 1620 1619
1 3 1459 1460 1621 1620
1 3 1460 1461 1622 1621
1 3 1461 1462 1623 1622
1 3 1462 1463 1624 1623
1 3 1463 1464 1625 1624
1 3 1464 1465 1626 1625
1 3 1465 1466 1627 1626
1 3 1466 1467 1628 1627
1 3 1467 1468 1629 1628
1 3 1468 1469 1630 1629
1 3 1469 1470 1631 1630
1 3 1470 1471 1632 1631
1 3 1471 1472 1633 1632
1 3 1472 1473 1634 1633
1 3 1473 1474 1635 1634
1 3 1474 1475 1636 1635
1 3 1475 1476 1637 1636
1 3 1476 1477 1638 1637
1 3 1477 1478 1639 1638
1 3 1478 1479 1640 1639
1 3 1479 1480 1641 1640
1 3 1480 1481 1642 1641
1 3 1481 1482 1643 1642
1 3 1482 1483 1644 1643
1 3 1483 1484 1645 1644
1 3 1484 1485 1646 1645
1 3 1485 1486 1647 1646
1 3 1486 1487 1648 1647
1 3 1487 1488 1649 1648
1 3 1488 1489 1650 1649
1 3 1489 1490 1651 1650
1 3 1490 1491 1652 1651
1 3 1491 1492 1653 1652
1 3 1492 1493 1654 1653
1 3 1493 1494 1655 1654
1 3 1494 1495 1656 1655
1 3 1495 1496 1657 1656
1 3 1496 1497 1658 1657
1 3 1497 1498 1659 1658
1 3 1498 1499 1660 1659
1 3 1499 1500 1661 1660
1 3 1500 1501 1662 1661
1 3 1501 1502 1663 1662
1 3 1502 1503 1664 1663
1 3 1503 1504 1665 1664
1 3 1504 1505 1666 1665
1 3 1505 1506 1667 1666
1 3 1506 1507 1668 1667
1 3 1507 1508 1669 1668
1 3 1508 1509 1670 1669
1 3 1509 1510 1671 1670
1 3 1510 1511 1672 1671
1 3 1511 1512 1673 1672
1 3 1512 1513 1674 1673
1 3 1513 1514 1675 1674
1 3 1514 1515 1676 1675
1 3 1515 1516 1677 1676
1 3 1516 1517 1678 1677
1 3 1517 1518 1679 1678
1 3 1518 1519 1680 1679
1 3 1519 1520 1681 1680
1 3 1520 1521 1682 1681
1 3 1521 1522 1683 1682
1 3 1522 1523 1684 1683
1 3 1523 1524 1685 1684
1 3 1524 1525 1686 1685
1 3 1525 1526 1687 1686
1 3 1526 1527 1688 1687
1 3 1527 1528 1689 1688
1 3 1528 1529 1690 1689
1 3 1529 1530 1691 1690
1 3 1530 1531 1692 1691
1 3 1531 1532 1693 1692
1 3 1532 1533 1694 1693
1 3 1533 1534 1695 1694
1 3 1534 1535 1696 1695
1 3 1535 1536 1697 1696
1 3 1536 1537 1698 1697
1 3 1537 1538 1699 1698
1 3 1538 1539 1700 1699
1 3 1539 1540 1701 1700
1 3 1540 1541 1702 1701
1 3 1541 1542 1703 1702
1 3 1542 1543 1704 1703
1 3 1543 1544 1705 1704
1 3 1544 1545 1706 1705
1 3 1545 1546 1707 1706
1 3 1546 1547 1708 1707
1 3 1547 1548 1709 1708
1 3 1548 1549 1710 1709
1 3 1549 1550 1711 1710
1 3 1550 1551 1712 1711
1 3 1551 1552 1713 1712
1 3 1552 1553 1714 1713
1 3 1553 1554 1715 1714
1 3 1554 1555 1716 1715
1 3 1555 1556 1717 1716
1 3 1556 1557 1718 1717
1 3 1557 1558 1719 1718
1 3 1558 1559 1720 1719
1 3 1559 1560 1721 1720
1 3 1560 1561 1722 1721
1 3 1561 1562 1723 1722
1 3 1562 1563 1724 1723
1 3 1563 1564 1725 1724
1 3 1564 1565 1726 1725
1 3 1565 1566 1727 1726
1 3 1566 1567 1728 1727
1 3 1567 1568 1729 1728
1 3 1568 1569 1730 1729
1 3 1569 1570 1731 1730
1 3 1570 1571 1732 1731
1 3 1571 1572 1733 1732
1 3 1572 1573 1734 1733
1 3 1573 1574 1735 1734
1 3 1574 1575 1736 1735
1 3 1575 1576 1737 1736
1 3 1576 1577 1738 1737
1 3 1577 1578 1739 1738
1 3 1578 1579 1740 1739
1 3 1579 1580 1741 1740
1 3 1580 1581 1742 1741
1 3 1581 1582 1743 1742
1 3 1582 1583 1744 1743
1 3 1583 1584 1745 1744
1 3 1584 1585 1746 1745
1 3 1585 1586 1747 1746
1 3 1586 1587 1748 1747
1 3 1587 1588 1749 1748
1 3 1588 1589 1750 1749
1 3 1589 1590 1751 1750
1 3 1590 1591 1752 1751
1 3 1591 1592 1753 1752
1 3 1592 1593 1754 1753
1 3 1593 1594 1755 1754
1 3 1594 1595 1756 1755
1 3 1595 1596 1757 1756
1 3 1596 1597 1758 1757
1 3 1597 1598 1759 1758
1 3 1598 1599 1760 1759
1 3 1599 1600 1761 1760
1 3 1600 1601 1762 1761
1 3 1601 1602 1763 1762
1 3 1602 1603 1764 1763
1 3 1603 1604 1765 1764
1 3 1604 1605 1766 1765
1 3 1605 1606 1767 1766
1 3 1606 1607 1768 1767
1 3 1607 1608 1769 1768
1 3 1608 1609 1770 1769
1 3 1610 1611 1772 1771
1 3 1611 1612 1773 1772
1 3 1612 1613 1774 1773
1 3 1613 1614 1775 1774
1 3 1614 1615 1776 1775
1 3 1615 1616 1777 1776
1 3 1616 1617 1778 1777
1 3 1617 1618 1779 1778
1 3 1618 1619 1780 1779
1 3 1619 1620 1781 1780
1 3 1620 1621 1782 1781
1 3 1621 1622 1783 1782
1 3 1622 1623 1784 1783
1 3 1623 1624 1785 1784
1 3 1624 1625 1786 1785
1 3 1625 1626 1787 1786
1 3 1626 1627 1788 1787
1 3 1627 1628 1789 1788
1 3 1628 1629 1790 1789
1 3 1629 1630 1791 1790
1 3 1630 1631 1792 1791
1 3 1631 1632 1793 1792
1 3 1632 1633 1794 1793
1 3 1633 1634 1795 1794
1 3 1634 1635 1796 1795
1 3 1635 1636 1797 1796
1 3 1636 1637 1798 1797
1 3 1637 1638 1799 1798
1 3 1638 1639 1800 1799
1 3 1639 1640 1801 1800
1 3 1640 1641 1802 1801
1 3 1641 1642 1803 1802
1 3 1642 1643 1804 1803
1 3 1643 1644 1805 1804
1 3 1644 1645 1806 1805
1 3 1645 1646 1807 1806
1 3 1646 1647 1808 1807
1 3 1647 1648 1809 1808
1 3 1648 1649 1810 1809
1 3 1649 1650 1811 1810
1 3 1650 1651 1812 1811
1 3 1651 1652 1813 1812
1 3 1652 1653 1814 1813
1 3 1653 1654 1815 1814
1 3 1654 1655 1816 1815
1 3 1655 1656 1817 1816
1 3 1656 1657 1818 1817
1 3 1657 1658 1819 1818
1 3 1658 1659 1820 1819
1 3 1659 1660 1821 1820
1 3 1660 1661 1822 1821
1 3 1661 1662 1823 1822
1 3 1662 1663 1824 1823
1 3 1663 1664 1825 1824
1 3 1664 1665 1826 1825
1 3 1665 1666 1827 1826
1 3 1666 1667 1828 1827
1 3 1667 1668 1829 1828
1 3 1668 1669 1830 1829
1 3 1669 1670 1831 1830
1 3 1670 1671 1832 1831
1 3 1671 1672 1833 1832
1 3 1672 1673 1834 1833
1 3 1673 1674 1835 1834
1 3 1674 1675 1836 1835
1 3 1675 1676 1837 1836
1 3 1676 1677 1838 1837
1 3 1677 1678 1839 1838
1 3 1678 1679 1840 1839
1 3 1679 1680 1841 1840
1 3 1680 1681 1842 1841
1 3 1681 1682 1843 1842
1 3 1682 1683 1844 1843
1 3 1683 1684 1845 1844
1 3 1684 1685 1846 1845
1 3 1685 1686 1847 1846
1 3 1686 1687 1848 1847
1 3 1687 1688 1849 1848
1 3 1688 1689 1850 1849
1 3 1689 1690 1851 1850
1 3 1690 1691 1852 1851
1 3 1691 1692 1853 1852
1 3 1692 1693 1854 1853
1 3 1693 1694 1855 1854
1 3 1694 1695 1856 1855
1 3 1695 1696 1857 1856
1 3 1696 1697 1858 1857
1 3 1697 1698 1859 1858
1 3 1698 1699 1860 1859
1 3 1699 1700 1861 1860
1 3 1700 1701 1862 1861
1 3 1701 1702 1863 1862
1 3 1702 1703 1864 1863
1 3 1703 1704 1865 1864
1 3 1704 1705 1866 1865
1 3 1705 1706 1867 1866
1 3 1706 1707 1868 1867
1 3 1707 1708 1869 1868
1 3 1708 1709 1870 1869
1 3 1709 1710 1871 1870
1 3 1710 1711 1872 1871
1 3 1711 1712 1873 1872
1 3 1712 1713 1874 1873
1 3 1713 1714 1875 1874
1 3 1714 1715 1876 1875
1 3 1715 1716 1877 1876
1 3 1716 1717 1878 1877
1 3 1717 1718 1879 1878
1 3 1718 1719 1880 1879
1 3 1719 1720 1881 1880
1 3 1720 1721 1882 1881
1 3 1721 1722 1883 1882
1 3 1722 1723 1884 1883
1 3 1723 1724 1885 1884
1 3 1724 1725 1886 1885
1 3 1725 1726 1887 1886
1 3 1726 1727 1888 1887
1 3 1727 1728 1889 1888
1 3 1728 1729 1890 1889
1 3 1729 1730 1891 1890
1 3 1730 1731 1892 1891
1 3 1731 1732 1893 1892
1 3 1732 1733 1894 1893
1 3 1733 1734 1895 1894
1 3 1734 1735 1896 1895
1 3 1735 1736 1897 1896
1 3 1736 1737 1898 1897
1 3 1737 1738 1899 1898
1 3 1738 1739 1900 1899
1 3 1739 1740 1901 1900
1 3 1740 1741 1902 1901
1 3 1741 1742 1903 1902
1 3 1742 1743 1904 1903
1 3 1743 1744 1905 1904
1 3 1744 1745 1906 1905
1 3 1745 1746 1907 1906
1 3 1746 1747 1908 1907
1 3 1747 1748 1909 1908
1 3 1748 1749 1910 1909
1 3 1749 1750 1911 1910
1 3 1750 1751 1912 1911
1 3 1751 1752 1913 1912
1 3 1752 1753 1914 1913
1 3 1753 1754 1915 1914
1 3 1754 1755 1916 1915
1 3 1755 1756 1917 1916
1 3 1756 1757 1918 1917
1 3 1757 1758 1919 1918
1 3 1758 1759 1920 1919
1 3 1759 1760 1921 1920
1 3 1760 1761 1922 1921
1 3 1761 1762 1923 1922
1 3 1762 1763 1924 1923
1 3 1763 1764 1925 1924
1 3 1764 1765 1926 1925
1 3 1765 1766 1927 1926
1 3 1766 1767 1928 1927
1 3 1767 1768 1929 1928
1 3 1768 1769 1930 1929
1 3 1769 1770 1931 1930
1 3 1771 1772 1933 1932
1 3 1772 1773 1934 1933
1 3 1773 1774 1935 1934
1 3 1774 1775 1936 1935
1 3 1775 1776 1937 1936
1 3 1776 1777 1938 1937
1 3 1777 1778 1939 1938
1 3 1778 1779 1940 1939
1 3 1779 1780 1941 1940
1 3 1780 1781 1942 1941
1 3 1781 1782 1943 1942
1 3 1782 1783 1944 1943
1 3 1783 1784 1945 1944
1 3 1784 1785 1946 1945
1 3 1785 1786 1947 1946
1 3 1786 1787 1948 1947
1 3 1787 1788 1949 1948
1 3 1788 1789 1950 1949
1 3 1789 1790 1951 1950
1 3 1790 1791 1952 1951
1 3 1791 1792 1953 1952
1 3 1792 1793 1954 1953
1 3 1793 1794 1955 1954
1 3 1794 1795 1956 1955
1 3 1795 1796 1957 1956
1 3 1796 1797 1958 1957
1 3 1797 1798 1959 1958
1 3 1798 1799 1960 1959
1 3 1799 1800 1961 1960
1 3 1800 1801 1962 1961
1 3 1801 1802 1963 1962
1 3 1802 1803 1964 1963
1 3 1803 1804 1965 1964
1 3 1804 1805 1966 1965
1 3 1805 1806 1967 1966
1 3 1806 1807 1968 1967
1 3 1807 1808 1969 1968
1 3 1808 1809 1970 1969
1 3 1809 1810 1971 1970
1 3 1810 1811 1972 1971
1 3 1811 1812 1973 1972
1 3 1812 1813 1974 1973
1 3 1813 1814 1975 1974
1 3 1814 1815 1976 1975
1 3 1815 1816 1977 1976
1 3 1816 1817 1978 1977
1 3 1817 1818 1979 1978
1 3 1818 1819 1980 1979
1 3 1819 1820 1981 1980
1 3 1820 1821 1982 1981
1 3 1821 1822 1983 1982
1 3 1822 1823 1984 1983
1 3 1823 1824 1985 1984
1 3 1824 1825 1986 1985
1 3 1825 1826 1987 1986
1 3 1826 1827 1988 1987
1 3 1827 1828 1989 1988
1 3 1828 1829 1990 1989
1 3 1829 1830 1991 1990
1 3 1830 1831 1992 1991
1 3 1831 1832 1993 1992
1 3 1832 1833 1994 1993
1 3 1833 1834 1995 1994
1 3 1834 1835 1996 1995
1 3 1835 1836 1997 1996
1 3 1836 1837 1998 1997
1 3 1837 1838 1999 1998
1 3 1838 1839 2000 1999
1 3 1839 1840 2001 2000
1 3 1840 1841 2002 2001
1 3 1841 1842 2003 2002
1 3 1842 1843 2004 2003
1 3 1843 1844 2005 2004
1 3 1844 1845 2006 2005
1 3 1845 1846 2007 2006
1 3 1846 1847 2008 2007
1 3 1847 1848 2009 2008
1 3 1848 1849 2010 2009
1 3 1849 1850 2011 2010
1 3 1850 1851 2012 2011
1 3 1851 1852 2013 2012
1 3 1852 1853 2014 2013
1 3 1853 1854 2015 2014
1 3 1854 1855 2016 2015
1 3 1855 1856 2017 2016
1 3 1856 1857 2018 2017
1 3 1857 1858 2019 2018
1 3 1858 1859 2020 2019
1 3 1859 1860 2021 2020
1 3 1860 1861 2022 2021
1 3 1861 1862 2023 2022
1 3 1862 1863 2024 2023
1 3 1863 1864 2025 2024
1 3 1864 1865 2026 2025
1 3 1865 1866 2027 2026
1 3 1866 1867 2028 2027
1 3 1867 1868 2029 2028
1 3 1868 1869 2030 2029
1 3 1869 1870 2031 2030
1 3 1870 1871 2032 2031
1 3 1871 1872 2033 2032
1 3 1872 1873 2034 2033
1 3 1873 1874 2035 2034
1 3 1874 1875 2036 2035
1 3 1875 1876 2037 2036
1 3 1876 1877 2038 2037
1 3 1877 1878 2039 2038
1 3 1878 1879 2040 2039
1 3 1879 1880 2041 2040
1 3 1880 1881 2042 2041
1 3 1881 1882 2043 2042
1 3 1882 1883 2044 2043
1 3 1883 1884 2045 2044
1 3 1884 1885 2046 2045
1 3 1885 1886 2047 2046
1 3 1886 1887 2048 2047
1 3 1887 1888 2049 2048
1 3 1888 1889 2050 2049
1 3 1889 1890 2051 2050
1 3 1890 1891 2052 2051
1 3 1891 1892 2053 2052
1 3 1892 1893 2054 2053
1 3 1893 1894 2055 2054
1 3 1894 1895 2056 2055
1 3 1895 1896 2057 2056
1 3 1896 1897 2058 2057
1 3 1897 1898 2059 2058
1 3 1898 1899 2060 2059
1 3 1899 1900 2061 2060
1 3 1900 1901 2062 2061
1 3 1901 1902 2063 2062
1 3 1902 1903 2064 2063
1 3 1903 1904 2065 2064
1 3 1904 1905 2066 2065
1 3 1905 1906 2067 2066
1 3 1906 1907 2068 2067
1 3 1907 1908 2069 2068
1 3 1908 1909 2070 2069
1 3 1909 1910 2071 2070
1 3 1910 1911 2072 2071
1 3 1911 1912 2073 2072
1 3 1912 1913 2074 2073
1 3 1913 1914 2075 2074
1 3 1914 1915 2076 2075
1 3 1915 1916 2077 2076
1 3 1916 1917 2078 2077
1 3 1917 1918 2079 2078
1 3 1918 1919 2080 2079
1 3 1919 1920 2081 2080
1 3 1920 1921 2082 2081
1 3 1921 1922 2083 2082
1 3 1922 1923 2084 2083
1 3 1923 1924 2085 2084
1 3 1924 1925 2086 2085
1 3 1925 1926 2087 2086
1 3 1926 1927 2088 2087
1 3 1927 1928 2089 2088
1 3 1928 1929 2090 2089
1 3 1929 1930 2091 2090
1 3 1930 1931 2092 2091
1 3 1932 1933 2094 2093
1 3 1933 1934 2095 2094
1 3 1934 1935 2096 2095
1 3 1935 1936 2097 2096
1 3 1936 1937 2098 2097
1 3 1937 1938 2099 2098
1 3 1938 1939 2100 2099
1 3 1939 1940 2101 2100
1 3 1940 1941 2102 2101
1 3 1941 1942 2103 2102
1 3 1942 1943 2104 2103
1 3 1943 1944 2105 2104
1 3 1944 1945 2106 2105
1 3 1945 1946 2107 2106
1 3 1946 1947 2108 2107
1 3 1947 1948 2109 2108
1 3 1948 1949 2110 2109
1 3 1949 1950 2111 2110
1 3 1950 1951 2112 2111
1 3 1951 1952 2113 2112
1 3 1952 1953 2114 2113
1 3 1953 1954 2115 2114
1 3 1954 1955 2116 2115
1 3 1955 1956 2117 2116
1 3 1956 1957 2118 2117
1 3 1957 1958 2119 2118
1 3 1958 1959 2120 2119
1 3 1959 1960 2121 2120
1 3 1960 1961 2122 2121
1 3 1961 1962 2123 2122
1 3 1962 1963 2124 2123
1 3 1963 1964 2125 2124
1 3 1964 1965 2126 2125
1 3 1965 1966 2127 2126
1 3 1966 1967 2128 2127
1 3 1967 1968 2129 2128
1 3 1968 1969 2130 2129
1 3 1969 1970 2131 2130
1 3 1970 1971 2132 2131
1 3 1971 1972 2133 2132
1 3 1972 1973 2134 2133
1 3 1973 1974 2135 2134
1 3 1974 1975 2136 2135
1 3 1975 1976 2137 2136
1 3 1976 1977 2138 2137
1 3 1977 1978 2139 2138
1 3 1978 1979 2140 2139
1 3 1979 1980 2141 2140
1 3 1980 1981 2142 2141
1 3 1981 1982 2143 2142
1 3 1982 1983 2144 2143
1 3 1983 1984 2145 2144
1 3 1984 1985 2146 2145
1 3 1985 1986 2147 2146
1 3 1986 1987 2148 2147
1 3 1987 1988 2149 2148
1 3 1988 1989 2150 2149
1 3 1989 1990 2151 2150
1 3 1990 1991 2152 2151
1 3 1991 1992 2153 2152
1 3 1992 1993 2154 2153
1 3 1993 1994 2155 2154
1 3 1994 1995 2156 2155
1 3 1995 1996 2157 2156
1 3 1996 1997 2158 2157
1 3 1997 1998 2159 2158
1 3 1998 1999 2160 2159
1 3 1999 2000 2161 2160
1 3 2000 2001 2162 2161
1 3 2001 2002 2163 2162
1 3 2002 2003 2164 2163
1 3 2003 2004 2165 2164
1 3 2004 2005 2166 2165
1 3 2005 2006 2167 2166
1 3 2006 2007 2168 2167
1 3 2007 2008 2169 2168
1 3 2008 2009 2170 2169
1 3 2009 2010 2171 2170
1 3 2010 2011 2172 2171
1 3 2011 2012 2173 2172
1 3 2012 2013 2174 2173
1 3 2013 2014 2175 2174
1 3 2014 2015 2176 2175
1 3 2015 2016 2177 2176
1 3 2016 2017 2178 2177
1 3 2017 2018 2179 2178
1 3 2018 2019 2180 2179
1 3 2019 2020 2181 2180
1 3 2020 2021 2182 2181
1 3 2021 2022 2183 2182
1 3 2022 2023 2184 2183
1 3 2023 2024 2185 2184
1 3 2024 2025 2186 2185
1 3 2025 2026 2187 2186
1 3 2026 2027 2188 2187
1 3 2027 2028 2189 2188
1 3 2028 2029 2190 2189
1 3 2029 2030 2191 2190
1 3 2030 2031 2192 2191
1 3 2031 2032 2193 2192
1 3 2032 2033 2194 2193
1 3 2033 2034 2195 2194
1 3 2034 2035 2196 2195
1 3 2035 2036 2197 2196
1 3 2036 2037 2198 2197
1 3 2037 2038 2199 2198
1 3 2038 2039 2200 2199
1 3 2039 2040 2201 2200
1 3 2040 2041 2202 2201
1 3 2041 2042 2203 2202
1 3 2042 2043 2204 2203
1 3 2043 2044 2205 2204
1 3 2044 2045 2206 2205
1 3 2045 2046 2207 2206
1 3 2046 2047 2208 2207
1 3 2047 2048 2209 2208
1 3 2048 2049 2210 2209
1 3 2049 2050 2211 2210
1 3 2050 2051 2212 2211
1 3 2051 2052 2213 2212
1 3 2052 2053 2214 2213
1 3 2053 2054 2215 2214
1 3 2054 2055 2216 2215
1 3 2055 2056 2217 2216
1 3 2056 2057 2218 2217
1 3 2057 2058 2219 2218
1 3 2058 2059 2220 2219
1 3 2059 2060 2221 2220
1 3 2060 2061 2222 2221
1 3 2061 2062 2223 2222
1 3 2062 2063 2224 2223
1 3 2063 2064 2225 2224
1 3 2064 2065 2226 2225
1 3 2065 2066 2227 2226
1 3 2066 2067 2228 2227
1 3 2067 2068 2229 2228
1 3 2068 2069 2230 2229
1 3 2069 2070 2231 2230
1 3 2070 2071 2232 2231
1 3 2071 2072 2233 2232
1 3 2072 2073 2234 2233
1 3 2073 2074 2235 2234
1 3 2074 2075 2236 2235
1 3 2075 2076 2237 2236
1 3 2076 2077 2238 2237
1 3 2077 2078 2239 2238
1 3 2078 2079 2240 2239
1 3 2079 2080 2241 2240
1 3 2080 2081 2242 2241
1 3 2081 2082 2243 2242
1 3 2082 2083 2244 2243
1 3 2083 2084 2245 2244
1 3 2084 2085 2246 2245
1 3 2085 2086 2247 2246
1 3 2086 2087 2248 2247
1 3 2087 2088 2249 2248
1 3 2088 2089 2250 2249
1 3 2089 2090 2251 2250
1 3 2090 2091 2252 2251
1 3 2091 2092 2253 2252
1 3 2093 2094 2255 2254
1 3 2094 2095 2256 2255
1 3 2095 2096 2257 2256
1 3 2096 2097 2258 2257
1 3 2097 2098 2259 2258
1 3 2098 2099 2260 2259
1 3 2099 2100 2261 2260
1 3 2100 2101 2262 2261
1 3 2101 2102 2263 2262
1 3 2102 2103 2264 2263
1 3 2103 2104 2265 2264
1 3 2104 2105 2266 2265
1 3 2105 2106 2267 2266
1 3 2106 2107 2268 2267
1 3 2107 2108 2269 2268
1 3 2108 2109 2270 2269
1 3 2109 2110 2271 2270
1 3 2110 2111 2272 2271
1 3 2111 2112 2273 2272
1 3 2112 2113 2274 2273
1 3 2113 2114 2275 2274
1 3 2114 2115 2276 2275
1 3 2115 2116 2277 2276
1 3 2116 2117 2278 2277
1 3 2117 2118 2279 2278
1 3 2118 2119 2280 2279
1 3 2119 2120 2281 2280
1 3 2120 2121 2282 2281
1 3 2121 2122 2283 2282
1 3 2122 2123 2284 2283
1 3 2123 2124 2285 2284
1 3 2124 2125 2286 2285
1 3 2125 2126 2287 2286
1 3 2126 2127 2288 2287
1 3 2127 2128 2289 2288
1 3 2128 2129 2290 2289
1 3 2129 2130 2291 2290
1 3 2130 2131 2292 2291
1 3 2131 2132 2293 2292
1 3 2132 2133 2294 2293
1 3 2133 2134 2295 2294
1 3 2134 2135 2296 2295
1 3 2135 2136 2297 2296
1 3 2136 2137 2298 2297
1 3 2137 2138 2299 2298
1 3 2138 2139 2300 2299
1 3 2139 2140 2301 2300
1 3 2140 2141 2302 2301
1 3 2141 2142 2303 2302
1 3 2142 2143 2304 2303
1 3 2143 2144 2305 2304
1 3 2144 2145 2306 2305
1 3 2145 2146 2307 2306
1 3 2146 2147 2308 2307
1 3 2147 2148 2309 2308
1 3 2148 2149 2310 2309
1 3 2149 2150 2311 2310
1 3 2150 2151 2312 2311
1 3 2151 2152 2313 2312
1 3 2152 2153 2314 2313
1 3 2153 2154 2315 2314
1 3 2154 2155 2316 2315
1 3 2155 2156 2317 2316
1 3 2156 2157 2318 2317
1 3 2157 2158 2319 2318
1 3 2158 2159 2320 2319
1 3 2159 2160 2321 2320
1 3 2160 2161 2322 2321
1 3 2161 2162 2323 2322
1 3 2162 2163 2324 2323
1 3 2163 2164 2325 2324
1 3 2164 2165 2326 2325
1 3 2165 2166 2327 2326
1 3 2166 2167 2328 2327
1 3 2167 2168 2329 2328
1 3 2168 2169 2330 2329
1 3 2169 2170 2331 2330
1 3 2170 2171 2332 2331
1 3 2171 2172 2333 2332
1 3 2172 2173 2334 2333
1 3 2173 2174 2335 2334
1 3 2174 2175 2336 2335
1 3 2175 2176 2337 2336
1 3 2176 2177 2338 2337
1 3 2177 2178 2339 2338
1 3 2178 2179 2340 2339
1 3 2179 2180 2341 2340
1 3 2180 2181 2342 2341
1 3 2181 2182 2343 2342
1 3 2182 2183 2344 2343
1 3 2183 2184 2345 2344
1 3 2184 2185 2346 2345
1 3 2185 2186 2347 2346
1 3 2186 2187 2348 2347
1 3 2187 2188 2349 2348
1 3 2188 2189 2350 2349
1 3 2189 2190 2351 2350
1 3 2190 2191 2352 2351
1 3 2191 2192 2353 2352
1 3 2192 2193 2354 2353
1 3 2193 2194 2355 2354
1 3 2194 2195 2356 2355
1 3 2195 2196 2357 2356
1 3 2196 2197 2358 2357
1 3 2197 2198 2359 2358
1 3 2198 2199 2360 2359
1 3 2199 2200 2361 2360
1 3 2200 2201 2362 2361
1 3 2201 2202 2363 2362
1 3 2202 2203 2364 2363
1 3 2203 2204 2365 2364
1 3 2204 2205 2366 2365
1 3 2205 2206 2367 2366
1 3 2206 2207 2368 2367
1 3 2207 2208 2369 2368
1 3 2208 2209 2370 2369
1 3 2209 2210 2371 2370
1 3 2210 2211 2372 2371
1 3 2211 2212 2373 2372
1 3 2212 2213 2374 2373
1 3 2213 2214 2375 2374
1 3 2214 2215 2376 2375
1 3 2215 2216 2377 2376
1 3 2216 2217 2378 2377
1 3 2217 2218 2379 2378
1 3 2218 2219 2380 2379
1 3 2219 2220 2381 2380
1 3 2220 2221 2382 2381
1 3 2221 2222 2383 2382
1 3 2222 2223 2384 2383
1 3 2223 2224 2385 2384
1 3 2224 2225 2386 2385
1 3 2225 2226 2387 2386
1 3 2226 2227 2388 2387
1 3 2227 2228 2389 2388
1 3 2228 2229 2390 2389
1 3 2229 2230 2391 2390
1 3 2230 2231 2392 2391
1 3 2231 2232 2393 2392
1 3 2232 2233 2394 2393
1 3 2233 2234 2395 2394
1 3 2234 2235 2396 2395
1 3 2235 2236 2397 2396
1 3 2236 2237 2398 2397
1 3 2237 2238 2399 2398
1 3 2238 2239 2400 2399
1 3 2239 2240 2401 2400
1 3 2240 2241 2402 2401
1 3 2241 2242 2403 2402
1 3 2242 2243 2404 2403
1 3 2243 2244 2405 2404
1 3 2244 2245 2406 2405
1 3 2245 2246 2407 2406
1 3 2246 2247 2408 2407
1 3 2247 2248 2409 2408
1 3 2248 2249 2410 2409
1 3 2249 2250 2411 2410
1 3 2250 2251 2412 2411
1 3 2251 2252 2413 2412
1 3 2252 2253 2414 2413
1 3 2254 2255 2416 2415
1 3 2255 2256 2417 2416
1 3 2256 2257 2418 2417
1 3 2257 2258 2419 2418
1 3 2258 2259 2420 2419
1 3 2259 2260 2421 2420
1 3 2260 2261 2422 2421
1 3 2261 2262 2423 2422
1 3 2262 2263 2424 2423
1 3 2263 2264 2425 2424
1 3 2264 2265 2426 2425
1 3 2265 2266 2427 2426
1 3 2266 2267 2428 2427
1 3 2267 2268 2429 2428
1 3 2268 2269 2430 2429
1 3 2269 2270 2431 2430
1 3 2270 2271 2432 2431
1 3 2271 2272 2433 2432
1 3 2272 2273 2434 2433
1 3 2273 2274 2435 2434
1 3 2274 2275 2436 2435
1 3 2275 2276 2437 2436
1 3 2276 2277 2438 2437
1 3 2277 2278 2439 2438
1 3 2278 2279 2440 2439
1 3 2279 2280 2441 2440
1 3 2280 2281 2442 2441
1 3 2281 2282 2443 2442
1 3 2282 2283 2444 2443
1 3 2283 2284 2445 2444
1 3 2284 2285 2446 2445
1 3 2285 2286 2447 2446
1 3 2286 2287 2448 2447
1 3 2287 2288 2449 2448
1 3 2288 2289 2450 2449
1 3 2289 2290 2451 2450
1 3 2290 2291 2452 2451
1 3 2291 2292 2453 2452
1 3 2292 2293 2454 2453
1 3 2293 2294 2455 2454
1 3 2294 2295 2456 2455
1 3 2295 2296 2457 2456
1 3 2296 2297 2458 2457
1 3 2297 2298 2459 2458
1 3 2298 2299 2460 2459
1 3 2299 2300 2461 2460
1 3 2300 2301 2462 2461
1 3 2301 2302 2463 2462
1 3 2302 2303 2464 2463
1 3 2303 2304 2465 2464
1 3 2304 2305 2466 2465
1 3 2305 2306 2467 2466
1 3 2306 2307 2468 2467
1 3 2307 2308 2469 2468
1 3 2308 2309 2470 2469
1 3 2309 2310 2471 2470
1 3 2310 2311 2472 2471
1 3 2311 2312 2473 2472
1 3 2312 2313 2474 2473
1 3 2313 2314 2475 2474
1 3 2314 2315 2476 2475
1 3 2315 2316 2477 2476
1 3 2316 2317 2478 2477
1 3 2317 2318 2479 2478
1 3 2318 2319 2480 2479
1 3 2319 2320 2481 2480
1 3 2320 2321 2482 2481
1 3 2321 2322 2483 2482
1 3 2322 2323 2484 2483
1 3 2323 2324 2485 2484
1 3 2324 2325 2486 2485
1 3 2325 2326 2487 2486
1 3 2326 2327 2488 2487
1 3 2327 2328 2489 2488
1 3 2328 2329 2490 2489
1 3 2329 2330 2491 2490
1 3 2330 2331 2492 2491
1 3 2331 2332 2493 2492
1 3 2332 2333 2494 2493
1 3 2333 2334 2495 2494
1 3 2334 2335 2496 2495
1 3 2335 2336 2497 2496
1 3 2336 2337 2498 2497
1 3 2337 2338 2499 2498
1 3 2338 2339 2500 2499
1 3 2339 2340 2501 2500
1 3 2340 2341 2502 2501
1 3 2341 2342 2503 2502
1 3 2342 2343 2504 2503
1 3 2343 2344 2505 2504
1 3 2344 2345 2506 2505
1 3 2345 2346 2507 2506
1 3 2346 2347 2508 2507
1 3 2347 2348 2509 2508
1 3 2348 2349 2510 2509
1 3 2349 2350 2511 2510
1 3 2350 2351 2512 2511
1 3 2351 2352 2513 2512
1 3 2352 2353 2514 2513
1 3 2353 2354 2515 2514
1 3 2354 2355 2516 2515
1 3 2355 2356 2517 2516
1 3 2356 2357 2518 2517
1 3 2357 2358 2519 2518
1 3 2358 2359 2520 2519
1 3 2359 2360 2521 2520
1 3 2360 2361 2522 2521
1 3 2361 2362 2523 2522
1 3 2362 2363 2524 2523
1 3 2363 2364 2525 2524
1 3 2364 2365 2526 2525
1 3 2365 2366 2527 2526
1 3 2366 2367 2528 2527
1 3 2367 2368 2529 2528
1 3 2368 2369 2530 2529
1 3 2369 2370 2531 2530
1 3 2370 2371 2532 2531
1 3 2371 2372 2533 2532
1 3 2372 2373 2534 2533
1 3 2373 2374 2535 2534
1 3 2374 2375 2536 2535
1 3 2375 2376 2537 2536
1 3 2376 2377 2538 2537
1 3 2377 2378 2539 2538
1 3 2378 2379 2540 2539
1 3 2379 2380 2541 2540
1 3 2380 2381 2542 2541
1 3 2381 2382 2543 2542
1 3 2382 2383 2544 2543
1 3 2383 2384 2545 2544
1 3 2384 2385 2546 2545
1 3 2385 2386 2547 2546
1 3 2386 2387 2548 2547
1 3 2387 2388 2549 2548
1 3 2388 2389 2550 2549
1 3 2389 2390 2551 2550
1 3 2390 2391 2552 2551
1 3 2391 2392 2553 2552
1 3 2392 2393 2554 2553
1 3 2393 2394 2555 2554
1 3 2394 2395 2556 2555
1 3 2395 2396 2557 2556
1 3 2396 2397 2558 2557
1 3 2397 2398 2559 2558
1 3 2398 2399 2560 2559
1 3 2399 2400 2561 2560
1 3 2400 2401 2562 2561
1 3 2401 2402 2563 2562
1 3 2402 2403 2564 2563
1 3 2403 2404 2565 2564
1 3 2404 2405 2566 2565
1 3 2405 2406 2567 2566
1 3 2406 2407 2568 2567
1 3 2407 2408 2569 2568
1 3 2408 2409 2570 2569
1 3 2409 2410 2571 2570
1 3 2410 2411 2572 2571
1 3 2411 2412 2573 2572
1 3 2412 2413 2574 2573
1 3 2413 2414 2575 2574
1 3 2415 2416 2577 2576
1 3 2416 2417 2578 2577
1 3 2417 2418 2579 2578
1 3 2418 2419 2580 2579
1 3 2419 2420 2581 2580
1 3 2420 2421 2582 2581
1 3 2421 2422 2583 2582
1 3 2422 2423 2584 2583
1 3 2423 2424 2585 2584
1 3 2424 2425 2586 2585
1 3 2425 2426 2587 2586
1 3 2426 2427 2588 2587
1 3 2427 2428 2589 2588
1 3 2428 2429 2590 2589
1 3 2429 2430 2591 2590
1 3 2430 2431 2592 2591
1 3 2431 2432 2593 2592
1 3 2432 2433 2594 2593
1 3 2433 2434 2595 2594
1 3 2434 2435 2596 2595
1 3 2435 2436 2597 2596
1 3 2436 2437 2598 2597
1 3 2437 2438 2599 2598
1 3 2438 2439 2600 2599
1 3 2439 2440 2601 2600
1 3 2440 2441 2602 2601
1 3 2441 2442 2603 2602
1 3 2442 2443 2604 2603
1 3 2443 2444 2605 2604
1 3 2444 2445 2606 2605
1 3 2445 2446 2607 2606
1 3 2446 2447 2608 2607
1 3 2447 2448 2609 2608
1 3 2448 2449 2610 2609
1 3 2449 2450 2611 2610
1 3 2450 2451 2612 2611
1 3 2451 2452 2613 2612
1 3 2452 2453 2614 2613
1 3 2453 2454 2615 2614
1 3 2454 2455 2616 2615
1 3 2455 2456 2617 2616
1 3 2456 2457 2618 2617
1 3 2457 2458 2619 2618
1 3 2458 2459 2620 2619
1 3 2459 2460 2621 2620
1 3 2460 2461 2622 2621
1 3 2461 2462 2623 2622
1 3 2462 2463 2624 2623
1 3 2463 2464 2625 2624
1 3 2464 2465 2626 2625
1 3 2465 2466 2627 2626
1 3 2466 2467 2628 2627
1 3 2467 2468 2629 2628
1 3 2468 2469 2630 2629
1 3 2469 2470 2631 2630
1 3 2470 2471 2632 2631
1 3 2471 2472 2633 2632
1 3 2472 2473 2634 2633
1 3 2473 2474 2635 2634
1 3 2474 2475 2636 2635
1 3 2475 2476 2637 2636
1 3 2476 2477 2638 2637
1 3 2477 2478 2639 2638
1 3 2478 2479 2640 2639
1 3 2479 2480 2641 2640
1 3 2480 2481 2642 2641
1 3 2481 2482 2643 2642
1 3 2482 2483 2644 2643
1 3 2483 2484 2645 2644
1 3 2484 2485 2646 2645
1 3 2485 2486 2647 2646
1 3 2486 2487 2648 2647
1 3 2487 2488 2649 2648
1 3 2488 2489 2650 2649
1 3 2489 2490 2651 2650
1 3 2490 2491 2652 2651
1 3 2491 2492 2653 2652
1 3 2492 2493 2654 2653
1 3 2493 2494 2655 2654
1 3 2494 2495 2656 2655
1 3 2495 2496 2657 2656
1 3 2496 2497 2658 2657
1 3 2497 2498 2659 2658
1 3 2498 2499 2660 2659
1 3 2499 2500 2661 2660
1 3 2500 2501 2662 2661
1 3 2501 2502 2663 2662
1 3 2502 2503 2664 2663
1 3 2503 2504 2665 2664
1 3 2504 2505 2666 2665
1 3 2505 2506 2667 2666
1 3 2506 2507 2668 2667
1 3 2507 2508 2669 2668
1 3 2508 2509 2670 2669
1 3 2509 2510 2671 2670
1 3 2510 2511 2672 2671
1 3 2511 2512 2673 2672
1 3 2512 2513 2674 2673
1 3 2513 2514 2675 2674
1 3 2514 2515 2676 2675
1 3 2515 2516 2677 2676
1 3 2516 2517 2678 2677
1 3 2517 2518 2679 2678
1 3 2518 2519 2680 2679
1 3 2519 2520 2681 2680
1 3 2520 2521 2682 2681
1 3 2521 2522 2683 2682
1 3 2522 2523 2684 2683
1 3 2523 2524 2685 2684
1 3 2524 2525 2686 2685
1 3 2525 2526 2687 2686
1 3 2526 2527 2688 2687
1 3 2527 2528 2689 2688
1 3 2528 2529 2690 2689
1 3 2529 2530 2691 2690
1 3 2530 2531 2692 2691
1 3 2531 2532 2693 2692
1 3 2532 2533 2694 2693
1 3 2533 2534 2695 2694
1 3 2534 2535 2696 2695
1 3 2535 2536 2697 2696
1 3 2536 2537 2698 2697
1 3 2537 2538 2699 2698
1 3 2538 2539 2700 2699
1 3 2539 2540 2701 2700
1 3 2540 2541 2702 2701
1 3 2541 2542 2703 2702
1 3 2542 2543 2704 2703
1 3 2543 2544 2705 2704
1 3 2544 2545 2706 2705
1 3 2545 2546 2707 2706
1 3 2546 2547 2708 2707
1 3 2547 2548 2709 2708
1 3 2548 2549 2710 2709
1 3 2549 2550 2711 2710
1 3 2550 2551 2712 2711
1 3 2551 2552 2713 2712
1 3 2552 2553 2714 2713
1 3 2553 2554 2715 2714
1 3 2554 2555 2716 2715
1 3 2555 2556 2717 2716
1 3 2556 2557 2718 2717
1 3 2557 2558 2719 2718
1 3 2558 2559 2720 2719
1 3 2559 2560 2721 2720
1 3 2560 2561 2722 2721
1 3 2561 2562 2723 2722
1 3 2562 2563 2724 2723
1 3 2563 2564 2725 2724
1 3 2564 2565 2726 2725
1 3 2565 2566 2727 2726
1 3 2566 2567 2728 2727
1 3 2567 2568 2729 2728
1 3 2568 2569 2730 2729
1 3 2569 2570 2731 2730
1 3 2570 2571 2732 2731
1 3 2571 2572 2733 2732
1 3 2572 2573 2734 2733
1 3 2573 2574 2735 2734
1 3 2574 2575 2736 2735
1 3 2576 2577 2738 2737
1 3 2577 2578 2739 2738
1 3 2578 2579 2740 2739
1 3 2579 2580 2741 2740
1 3 2580 2581 2742 2741
1 3 2581 2582 2743 2742
1 3 2582 2583 2744 2743
1 3 2583 2584 2745 2744
1 3 2584 2585 2746 2745
1 3 2585 2586 2747 2746
1 3 2586 2587 2748 2747
1 3 2587 2588 2749 2748
1 3 2588 2589 2750 2749
1 3 2589 2590 2751 2750
1 3 2590 2591 2752 2751
1 3 2591 2592 2753 2752
1 3 2592 2593 2754 2753
1 3 2593 2594 2755 2754
1 3 2594 2595 2756 2755
1 3 2595 2596 2757 2756
1 3 2596 2597 2758 2757
1 3 2597 2598 2759 2758
1 3 2598 2599 2760 2759
1 3 2599 2600 2761 2760
1 3 2600 2601 2762 2761
1 3 2601 2602 2763 2762
1 3 2602 2603 2764 2763
1 3 2603 2604 2765 2764
1 3 2604 2605 2766 2765
1 3 2605 2606 2767 2766
1 3 2606 2607 2768 2767
1 3 2607 2608 2769 2768
1 3 2608 2609 2770 2769
1 3 2609 2610 2771 2770
1 3 2610 2611 2772 2771
1 3 2611 2612 2773 2772
1 3 2612 2613 2774 2773
1 3 2613 2614 2775 2774
1 3 2614 2615 2776 2775
1 3 2615 2616 2777 2776
1 3 2616 2617 2778 2777
1 3 2617 2618 2779 2778
1 3 2618 2619 2780 2779
1 3 2619 2620 2781 2780
1 3 2620 2621 2782 2781
1 3 2621 2622 2783 2782
1 3 2622 2623 2784 2783
1 3 2623 2624 2785 2784
1 3 2624 2625 2786 2785
1 3 2625 2626 2787 2786
1 3 2626 2627 2788 2787
1 3 2627 2628 2789 2788
1 3 2628 2629 2790 2789
1 3 2629 2630 2791 2790
1 3 2630 2631 2792 2791
1 3 2631 2632 2793 2792
1 3 2632 2633 2794 2793
1 3 2633 2634 2795 2794
1 3 2634 2635 2796 2795
1 3 2635 2636 2797 2796
1 3 2636 2637 2798 2797
1 3 2637 2638 2799 2798
1 3 2638 2639 2800 2799
1 3 2639 2640 2801 2800
1 3 2640 2641 2802 2801
1 3 2641 2642 2803 2802
1 3 2642 2643 2804 2803
1 3 2643 2644 2805 2804
1 3 2644 2645 2806 2805
1 3 2645 2646 2807 2806
1 3 2646 2647 2808 2807
1 3 2647 2648 2809 2808
1 3 2648 2649 2810 2809
1 3 2649 2650 2811 2810
1 3 2650 2651 2812 2811
1 3 2651 2652 2813 2812
1 3 2652 2653 2814 2813
1 3 2653 2654 2815 2814
1 3 2654 2655 2816 2815
1 3 2655 2656 2817 2816
1 3 2656 2657 2818 2817
1 3 2657 2658 2819 2818
1 3 2658 2659 2820 2819
1 3 2659 2660 2821 2820
1 3 2660 2661 2822 2821
1 3 2661 2662 2823 2822
1 3 2662 2663 2824 2823
1 3 2663 2664 2825 2824
1 3 2664 2665 2826 2825
1 3 2665 2666 2827 2826
1 3 2666 2667 2828 2827
1 3 2667 2668 2829 2828
1 3 2668 2669 2830 2829
1 3 2669 2670 2831 2830
1 3 2670 2671 2832 2831
1 3 2671 2672 2833 2832
1 3 2672 2673 2834 2833
1 3 2673 2674 2835 2834
1 3 2674 2675 2836 2835
1 3 2675 2676 2837 2836
1 3 2676 2677 2838 2837
1 3 2677 2678 2839 2838
1 3 2678 2679 2840 2839
1 3 2679 2680 2841 2840
1 3 2680 2681 2842 2841
1 3 2681 2682 2843 2842
1 3 2682 2683 2844 2843
1 3 2683 2684 2845 2844
1 3 2684 2685 2846 2845
1 3 2685 2686 2847 2846
1 3 2686 2687 2848 2847
1 3 2687 2688 2849 2848
1 3 2688 2689 2850 2849
1 3 2689 2690 2851 2850
1 3 2690 2691 2852 2851
1 3 2691 2692 2853 2852
1 3 2692 2693 2854 2853
1 3 2693 2694 2855 2854
1 3 2694 2695 2856 2855
1 3 2695 2696 2857 2856
1 3 2696 2697 2858 2857
1 3 2697 2698 2859 2858
1 3 2698 2699 2860 2859
1 3 2699 2700 2861 2860
1 3 2700 2701 2862 2861
1 3 2701 2702 2863 2862
1 3 2702 2703 2864 2863
1 3 2703 2704 2865 2864
1 3 2704 2705 2866 2865
1 3 2705 2706 2867 2866
1 3 2706 2707 2868 2867
1 3 2707 2708 2869 2868
1 3 2708 2709 2870 2869
1 3 2709 2710 2871 2870
1 3 2710 2711 2872 2871
1 3 2711 2712 2873 2872
1 3 2712 2713 2874 2873
1 3 2713 2714 2875 2874
1 3 2714 2715 2876 2875
1 3 2715 2716 2877 2876
1 3 2716 2717 2878 2877
1 3 2717 2718 2879 2878
1 3 2718 2719 2880 2879
1 3 2719 2720 2881 2880
1 3 2720 2721 2882 2881
1 3 2721 2722 2883 2882
1 3 2722 2723 2884 2883
1 3 2723 2724 2885 2884
1 3 2724 2725 2886 2885
1 3 2725 2726 2887 2886
1 3 2726 2727 2888 2887
1 3 2727 2728 2889 2888
1 3 2728 2729 2890 2889
1 3 2729 2730 2891 2890
1 3 2730 2731 2892 2891
1 3 2731 2732 2893 2892
1 3 2732 2733 2894 2893
1 3 2733 2734 2895 2894
1 3 2734 2735 2896 2895
1 3 2735 2736 2897 2896
1 3 2737 2738 2899 2898
1 3 2738 2739 2900 2899
1 3 2739 2740 2901 2900
1 3 2740 2741 2902 2901
1 3 2741 2742 2903 2902
1 3 2742 2743 2904 2903
1 3 2743 2744 2905 2904
1 3 2744 2745 2906 2905
1 3 2745 2746 2907 2906
1 3 2746 2747 2908 2907
1 3 2747 2748 2909 2908
1 3 2748 2749 2910 2909
1 3 2749 2750 2911 2910
1 3 2750 2751 2912 2911
1 3 2751 2752 2913 2912
1 3 2752 2753 2914 2913
1 3 2753 2754 2915 2914
1 3 2754 2755 2916 2915
1 3 2755 2756 2917 2916
1 3 2756 2757 2918 2917
1 3 2757 2758 2919 2918
1 3 2758 2759 2920 2919
1 3 2759 2760 2921 2920
1 3 2760 2761 2922 2921
1 3 2761 2762 2923 2922
1 3 2762 2763 2924 2923
1 3 2763 2764 2925 2924
1 3 2764 2765 2926 2925
1 3 2765 2766 2927 2926
1 3 2766 2767 2928 2927
1 3 2767 2768 2929 2928
1 3 2768 2769 2930 2929
1 3 2769 2770 2931 2930
1 3 2770 2771 2932 2931
1 3 2771 2772 2933 2932
1 3 2772 2773 2934 2933
1 3 2773 2774 2935 2934
1 3 2774 2775 2936 2935
1 3 2775 2776 2937 2936
1 3 2776 2777 2938 2937
1 3 2777 2778 2939 2938
1 3 2778 2779 2940 2939
1 3 2779 2780 2941 2940
1 3 2780 2781 2942 2941
1 3 2781 2782 2943 2942
1 3 2782 2783 2944 2943
1 3 2783 2784 2945 2944
1 3 2784 2785 2946 2945
1 3 2785 2786 2947 2946
1 3 2786 2787 2948 2947
1 3 2787 2788 2949 2948
1 3 2788 2789 2950 2949
1 3 2789 2790 2951 2950
1 3 2790 2791 2952 2951
1 3 2791 2792 2953 2952
1 3 2792 2793 2954 2953
1 3 2793 2794 2955 2954
1 3 2794 2795 2956 2955
1 3 2795 2796 2957 2956
1 3 2796 2797 2958 2957
1 3 2797 2798 2959 2958
1 3 2798 2799 2960 2959
1 3 2799 2800 2961 2960
1 3 2800 2801 2962 2961
1 3 2801 2802 2963 2962
1 3 2802 2803 2964 2963
1 3 2803 2804 2965 2964
1 3 2804 2805 2966 2965
1 3 2805 2806 2967 2966
1 3 2806 2807 2968 2967
1 3 2807 2808 2969 2968
1 3 2808 2809 2970 2969
1 3 2809 2810 2971 2970
1 3 2810 2811 2972 2971
1 3 2811 2812 2973 2972
1 3 2812 2813 2974 2973
1 3 2813 2814 2975 2974
1 3 2814 2815 2976 2975
1 3 2815 2816 2977 2976
1 3 2816 2817 2978 2977
1 3 2817 2818 2979 2978
1 3 2818 2819 2980 2979
1 3 2819 2820 2981 2980
1 3 2820 2821 2982 2981
1 3 2821 2822 2983 2982
1 3 2822 2823 2984 2983
1 3 2823 2824 2985 2984
1 3 2824 2825 2986 2985
1 3 2825 2826 2987 2986
1 3 2826 2827 2988 2987
1 3 2827 2828 2989 2988
1 3 2828 2829 2990 2989
1 3 2829 2830 2991 2990
1 3 2830 2831 2992 2991
1 3 2831 2832 2993 2992
1 3 2832 2833 2994 2993
1 3 2833 2834 2995 2994
1 3 2834 2835 2996 2995
1 3 2835 2836 2997 2996
1 3 2836 2837 2998 2997
1 3 2837 2838 2999 2998
1 3 2838 2839 3000 2999
1 3 2839 2840 3001 3000
1 3 2840 2841 3002 3001
1 3 2841 2842 3003 3002
1 3 2842 2843 3004 3003
1 3 2843 2844 3005 3004
1 3 2844 2845 3006 3005
1 3 2845 2846 3007 3006
1 3 2846 2847 3008 3007
1 3 2847 2848 3009 3008
1 3 2848 2849 3010 3009
1 3 2849 2850 3011 3010
1 3 2850 2851 3012 3011
1 3 2851 2852 3013 3012
1 3 2852 2853 3014 3013
1 3 2853 2854 3015 3014
1 3 2854 2855 3016 3015
1 3 2855 2856 3017 3016
1 3 2856 2857 3018 3017
1 3 2857 2858 3019 3018
1 3 2858 2859 3020 3019
1 3 2859 2860 3021 3020
1 3 2860 2861 3022 3021
1 3 2861 2862 3023 3022
1 3 2862 2863 3024 3023
1 3 2863 2864 3025 3024
1 3 2864 2865 3026 3025
1 3 2865 2866 3027 3026
1 3 2866 2867 3028 3027
1 3 2867 2868 3029 3028
1 3 2868 2869 3030 3029
1 3 2869 2870 3031 3030
1 3 2870 2871 3032 3031
1 3 2871 2872 3033 3032
1 3 2872 2873 3034 3033
1 3 2873 2874 3035 3034
1 3 2874 2875 3036 3035
1 3 2875 2876 3037 3036
1 3 2876 2877 3038 3037
1 3 2877 2878 3039 3038
1 3 2878 2879 3040 3039
1 3 2879 2880 3041 3040
1 3 2880 2881 3042 3041
1 3 2881 2882 3043 3042
1 3 2882 2883 3044 3043
1 3 2883 2884 3045 3044
1 3 2884 2885 3046 3045
1 3 2885 2886 3047 3046
1 3 2886 2887 3048 3047
1 3 2887 2888 3049 3048
1 3 2888 2889 3050 3049
1 3 2889 2890 3051 3050
1 3 2890 2891 3052 3051
1 3 2891 2892 3053 3052
1 3 2892 2893 3054 3053
1 3 2893 2894 3055 3054
1 3 2894 2895 3056 3055
1 3 2895 2896 3057 3056
1 3 2896 2897 3058 3057
1 3 2898 2899 3060 3059
1 3 2899 2900 3061 3060
1 3 2900 2901 3062 3061
1 3 2901 2902 3063 3062
1 3 2902 2903 3064 3063
1 3 2903 2904 3065 3064
1 3 2904 2905 3066 3065
1 3 2905 2906 3067 3066
1 3 2906 2907 3068 3067
1 3 2907 2908 3069 3068
1 3 2908 2909 3070 3069
1 3 2909 2910 3071 3070
1 3 2910 2911 3072 3071
1 3 2911 2912 3073 3072
1 3 2912 2913 3074 3073
1 3 2913 2914 3075 3074
1 3 2914 2915 3076 3075
1 3 2915 2916 3077 3076
1 3 2916 2917 3078 3077
1 3 2917 2918 3079 3078
1 3 2918 2919 3080 3079
1 3 2919 2920 3081 3080
1 3 2920 2921 3082 3081
1 3 2921 2922 3083 3082
1 3 2922 2923 3084 3083
1 3 2923 2924 3085 3084
1 3 2924 2925 3086 3085
1 3 2925 2926 3087 3086
1 3 2926 2927 3088 3087
1 3 2927 2928 3089 3088
1 3 2928 2929 3090 3089
1 3 2929 2930 3091 3090
1 3 2930 2931 3092 3091
1 3 2931 2932 3093 3092
1 3 2932 2933 3094 3093
1 3 2933 2934 3095 3094
1 3 2934 2935 3096 3095
1 3 2935 2936 3097 3096
1 3 2936 2937 3098 3097
1 3 2937 2938 3099 3098
1 3 2938 2939 3100 3099
1 3 2939 2940 3101 3100
1 3 2940 2941 3102 3101
1 3 2941 2942 3103 3102
1 3 2942 2943 3104 3103
1 3 2943 2944 3105 3104
1 3 2944 2945 3106 3105
1 3 2945 2946 3107 3106
1 3 2946 2947 3108 3107
1 3 2947 2948 3109 3108
1 3 2948 2949 3110 3109
1 3 2949 2950 3111 3110
1 3 2950 2951 3112 3111
1 3 2951 2952 3113 3112
1 3 2952 2953 3114 3113
1 3 2953 2954 3115 3114
1 3 2954 2955 3116 3115
1 3 2955 2956 3117 3116
1 3 2956 2957 3118 3117
1 3 2957 2958 3119 3118
1 3 2958 2959 3120 3119
1 3 2959 2960 3121 3120
1 3 2960 2961 3122 3121
1 3 2961 2962 3123 3122
1 3 2962 2963 3124 3123
1 3 2963 2964 3125 3124
1 3 2964 2965 3126 3125
1 3 2965 2966 3127 3126
1 3 2966 2967 3128 3127
1 3 2967 2968 3129 3128
1 3 2968 2969 3130 3129
1 3 2969 2970 3131 3130
1 3 2970 2971 3132 3131
1 3 2971 2972 3133 3132
1 3 2972 2973 3134 3133
1 3 2973 2974 3135 3134
1 3 2974 2975 3136 3135
1 3 2975 2976 3137 3136
1 3 2976 2977 3138 3137
1 3 2977 2978 3139 3138
1 3 2978 2979 3140 3139
1 3 2979 2980 3141 3140
1 3 2980 2981 3142 3141
1 3 2981 2982 3143 3142
1 3 2982 2983 3144 3143
1 3 2983 2984 3145 3144
1 3 2984 2985 3146 3145
1 3 2985 2986 3147 3146
1 3 2986 2987 3148 3147
1 3 2987 2988 3149 3148
1 3 2988 2989 3150 3149
1 3 2989 2990 3151 3150
1 3 2990 2991 3152 3151
1 3 2991 2992 3153 3152
1 3 2992 2993 3154 3153
1 3 2993 2994 3155 3154
1 3 2994 2995 3156 3155
1 3 2995 2996 3157 3156
1 3 2996 2997 3158 3157
1 3 2997 2998 3159 3158
1 3 2998 2999 3160 3159
1 3 2999 3000 3161 3160
1 3 3000 3001 3162 3161
1 3 3001 3002 3163 3162
1 3 3002 3003 3164 3163
1 3 3003 3004 3165 3164
1 3 3004 3005 3166 3165
1 3 3005 3006 3167 3166
1 3 3006 3007 3168 3167
1 3 3007 3008 3169 3168
1 3 3008 3009 3170 3169
1 3 3009 3010 3171 3170
1 3 3010 3011 3172 3171
1 3 3011 3012 3173 3172
1 3 3012 3013 3174 3173
1 3 3013 3014 3175 3174
1 3 3014 3015 3176 3175
1 3 3015 3016 3177 3176
1 3 3016 3017 3178 3177
1 3 3017 3018 3179 3178
1 3 3018 3019 3180 3179
1 3 3019 3020 3181 3180
1 3 3020 3021 3182 3181
1 3 3021 3022 3183 3182
1 3 3022 3023 3184 3183
1 3 3023 3024 3185 3184
1 3 3024 3025 3186 3185
1 3 3025 3026 3187 3186
1 3 3026 3027 3188 3187
1 3 3027 3028 3189 3188
1 3 3028 3029 3190 3189
1 3 3029 3030 3191 3190
1 3 3030 3031 3192 3191
1 3 3031 3032 3193 3192
1 3 3032 3033 3194 3193
1 3 3033 3034 3195 3194
1 3 3034 3035 3196 3195
1 3 3035 3036 3197 3196
1 3 3036 3037 3198 3197
1 3 3037 3038 3199 3198
1 3 3038 3039 3200 3199
1 3 3039 3040 3201 3200
1 3 3040 3041 3202 3201
1 3 3041 3042 3203 3202
1 3 3042 3043 3204 3203
1 3 3043 3044 3205 3204
1 3 3044 3045 3206 3205
1 3 3045 3046 3207 3206
1 3 3046 3047 3208 3207
1 3 3047 3048 3209 3208
1 3 3048 3049 3210 3209
1 3 3049 3050 3211 3210
1 3 3050 3051 3212 3211
1 3 3051 3052 3213 3212
1 3 3052 3053 3214 3213
1 3 3053 3054 3215 3214
1 3 3054 3055 3216 3215
1 3 3055 3056 3217 3216
1 3 3056 3057 3218 3217
1 3 3057 3058 3219 3218
1 3 3059 3060 3221 3220
1 3 3060 3061 3222 3221
1 3 3061 3062 3223 3222
1 3 3062 3063 3224 3223
1 3 3063 3064 3225 3224
1 3 3064 3065 3226 3225
1 3 3065 3066 3227 3226
1 3 3066 3067 3228 3227
1 3 3067 3068 3229 3228
1 3 3068 3069 3230 3229
1 3 3069 3070 3231 3230
1 3 3070 3071 3232 3231
1 3 3071 3072 3233 3232
1 3 3072 3073 3234 3233
1 3 3073 3074 3235 3234
1 3 3074 3075 3236 3235
1 3 3075 3076 3237 3236
1 3 3076 3077 3238 3237
1 3 3077 3078 3239 3238
1 3 3078 3079 3240 3239
1 3 3079 3080 3241 3240
1 3 3080 3081 3242 3241
1 3 3081 3082 3243 3242
1 3 3082 3083 3244 3243
1 3 3083 3084 3245 3244
1 3 3084 3085 3246 3245
1 3 3085 3086 3247 3246
1 3 3086 3087 3248 3247
1 3 3087 3088 3249 3248
1 3 3088 3089 3250 3249
1 3 3089 3090 3251 3250
1 3 3090 3091 3252 3251
1 3 3091 3092 3253 3252
1 3 3092 3093 3254 3253
1 3 3093 3094 3255 3254
1 3 3094 3095 3256 3255
1 3 3095 3096 3257 3256
1 3 3096 3097 3258 3257
1 3 3097 3098 3259 3258
1 3 3098 3099 3260 3259
1 3 3099 3100 3261 3260
1 3 3100 3101 3262 3261
1 3 3101 3102 3263 3262
1 3 3102 3103 3264 3263
1 3 3103 3104 3265 3264
1 3 3104 3105 3266 3265
1 3 3105 3106 3267 3266
1 3 3106 3107 3268 3267
1 3 3107 3108 3269 3268
1 3 3108 3109 3270 3269
1 3 3109 3110 3271 3270
1 3 3110 3111 3272 3271
1 3 3111 3112 3273 3272
1 3 3112 3113 3274 3273
1 3 3113 3114 3275 3274
1 3 3114 3115 3276 3275
1 3 3115 3116 3277 3276
1 3 3116 3117 3278 3277
1 3 3117 3118 3279 3278
1 3 3118 3119 3280 3279
1 3 3119 3120 3281 3280
1 3 3120 3121 3282 3281
1 3 3121 3122 3283 3282
1 3 3122 3123 3284 3283
1 3 3123 3124 3285 3284
1 3 3124 3125 3286 3285
1 3 3125 3126 3287 3286
1 3 3126 3127 3288 3287
1 3 3127 3128 3289 3288
1 3 3128 3129 3290 3289
1 3 3129 3130 3291 3290
1 3 3130 3131 3292 3291
1 3 3131 3132 3293 3292
1 3 3132 3133 3294 3293
1 3 3133 3134 3295 3294
1 3 3134 3135 3296 3295
1 3 3135 3136 3297 3296
1 3 3136 3137 3298 3297
1 3 3137 3138 3299 3298
1 3 3138 3139 3300 3299
1 3 3139 3140 3301 3300
1 3 3140 3141 3302 3301
1 3 3141 3142 3303 3302
1 3 3142 3143 3304 3303
1 3 3143 3144 3305 3304
1 3 3144 3145 3306 3305
1 3 3145 3146 3307 3306
1 3 3146 3147 3308 3307
1 3 3147 3148 3309 3308
1 3 3148 3149 3310 3309
1 3 3149 3150 3311 3310
1 3 3150 3151 3312 3311
1 3 3151 3152 3313 3312
1 3 3152 3153 3314 3313
1 3 3153 3154 3315 3314
1 3 3154 3155 3316 3315
1 3 3155 3156 3317 3316
1 3 3156 3157 3318 3317
1 3 3157 3158 3319 3318
1 3 3158 3159 3320 3319
1 3 3159 3160 3321 3320
1 3 3160 3161 3322 3321
1 3 3161 3162 3323 3322
1 3 3162 3163 3324 3323
1 3 3163 3164 3325 3324
1 3 3164 3165 3326 3325
1 3 3165 3166 3327 3326
1 3 3166 3167 3328 3327
1 3 3167 3168 3329 3328
1 3 3168 3169 3330 3329
1 3 3169 3170 3331 3330
1 3 3170 3171 3332 3331
1 3 3171 3172 3333 3332
1 3 3172 3173 3334 3333
1 3 3173 3174 3335 3334
1 3 3174 3175 3336 3335
1 3 3175 3176 3337 3336
1 3 3176 3177 3338 3337
1 3 3177 3178 3339 3338
1 3 3178 3179 3340 3339
1 3 3179 3180 3341 3340
1 3 3180 3181 3342 3341
1 3 3181 3182 3343 3342
1 3 3182 3183 3344 3343
1 3 3183 3184 3345 3344
1 3 3184 3185 3346 3345
1 3 3185 3186 3347 3346
1 3 3186 3187 3348 3347
1 3 3187 3188 3349 3348
1 3 3188 3189 3350 3349
1 3 3189 3190 3351 3350
1 3 3190 3191 3352 3351
1 3 3191 3192 3353 3352
1 3 3192 3193 3354 3353
1 3 3193 3194 3355 3354
1 3 3194 3195 3356 3355
1 3 3195 3196 3357 3356
1 3 3196 3197 3358 3357
1 3 3197 3198 3359 3358
1 3 3198 3199 3360 3359
1 3 3199 3200 3361 3360
1 3 3200 3201 3362 3361
1 3 3201 3202 3363 3362
1 3 3202 3203 3364 3363
1 3 3203 3204 3365 3364
1 3 3204 3205 3366 3365
1 3 3205 3206 3367 3366
1 3 3206 3207 3368 3367
1 3 3207 3208 3369 3368
1 3 3208 3209 3370 3369
1 3 3209 3210 3371 3370
1 3 3210 3211 3372 3371
1 3 3211 3212 3373 3372
1 3 3212 3213 3374 3373
1 3 3213 3214 3375 3374
1 3 3214 3215 3376 3375
1 3 3215 3216 3377 3376
1 3 3216 3217 3378 3377
1 3 3217 3218 3379 3378
1 3 3218 3219 3380 3379
1 3 3220 3221 3382 3381
1 3 3221 3222 3383 3382
1 3 3222 3223 3384 3383
1 3 3223 3224 3385 3384
1 3 3224 3225 3386 3385
1 3 3225 3226 3387 3386
1 3 3226 3227 3388 3387
1 3 3227 3228 3389 3388
1 3 3228 3229 3390 3389
1 3 3229 3230 3391 3390
1 3 3230 3231 3392 3391
1 3 3231 3232 3393 3392
1 3 3232 3233 3394 3393
1 3 3233 3234 3395 3394
1 3 3234 3235 3396 3395
1 3 3235 3236 3397 3396
1 3 3236 3237 3398 3397
1 3 3237 3238 3399 3398
1 3 3238 3239 3400 3399
1 3 3239 3240 3401 3400
1 3 3240 3241 3402 3401
1 3 3241 3242 3403 3402
1 3 3242 3243 3404 3403
1 3 3243 3244 3405 3404
1 3 3244 3245 3406 3405
1 3 3245 3246 3407 3406
1 3 3246 3247 3408 3407
1 3 3247 3248 3409 3408
1 3 3248 3249 3410 3409
1 3 3249 3250 3411 3410
1 3 3250 3251 3412 3411
1 3 3251 3252 3413 3412
1 3 3252 3253 3414 3413
1 3 3253 3254 3415 3414
1 3 3254 3255 3416 3415
1 3 3255 3256 3417 3416
1 3 3256 3257 3418 3417
1 3 3257 3258 3419 3418
1 3 3258 3259 3420 3419
1 3 3259 3260 3421 3420
1 3 3260 3261 3422 3421
1 3 3261 3262 3423 3422
1 3 3262 3263 3424 3423
1 3 3263 3264 3425 3424
1 3 3264 3265 3426 3425
1 3 3265 3266 3427 3426
1 3 3266 3267 3428 3427
1 3 3267 3268 3429 3428
1 3 3268 3269 3430 3429
1 3 3269 3270 3431 3430
1 3 3270 3271 3432 3431
1 3 3271 3272 3433 3432
1 3 3272 3273 3434 3433
1 3 3273 3274 3435 3434
1 3 3274 3275 3436 3435
1 3 3275 3276 3437 3436
1 3 3276 3277 3438 3437
1 3 3277 3278 3439 3438
1 3 3278 3279 3440 3439
1 3 3279 3280 3441 3440
1 3 3280 3281 3442 3441
1 3 3281 3282 3443 3442
1 3 3282 3283 3444 3443
1 3 3283 3284 3445 3444
1 3 3284 3285 3446 3445
1 3 3285 3286 3447 3446
1 3 3286 3287 3448 3447
1 3 3287 3288 3449 3448
1 3 3288 3289 3450 3449
1 3 3289 3290 3451 3450
1 3 3290 3291 3452 3451
1 3 3291 3292 3453 3452
1 3 3292 3293 3454 3453
1 3 3293 3294 3455 3454
1 3 3294 3295 3456 3455
1 3 3295 3296 3457 3456
1 3 3296 3297 3458 3457
1 3 3297 3298 3459 3458
1 3 3298 3299 3460 3459
1 3 3299 3300 3461 3460
1 3 3300 3301 3462 3461
1 3 3301 3302 3463 3462
1 3 3302 3303 3464 3463
1 3 3303 3304 3465 3464
1 3 3304 3305 3466 3465
1 3 3305 3306 3467 3466
1 3 3306 3307 3468 3467
1 3 3307 3308 3469 3468
1 3 3308 3309 3470 3469
1 3 3309 3310 3471 3470
1 3 3310 3311 3472 3471
1 3 3311 3312 3473 3472
1 3 3312 3313 3474 3473
1 3 3313 3314 3475 3474
1 3 3314 3315 3476 3475
1 3 3315 3316 3477 3476
1 3 3316 3317 3478 3477
1 3 3317 3318 3479 3478
1 3 3318 3319 3480 3479
1 3 3319 3320 3481 3480
1 3 3320 3321 3482 3481
1 3 3321 3322 3483 3482
1 3 3322 3323 3484 3483
1 3 3323 3324 3485 3484
1 3 3324 3325 3486 3485
1 3 3325 3326 3487 3486
1 3 3326 3327 3488 3487
1 3 3327 3328 3489 3488
1 3 3328 3329 3490 3489
1 3 3329 3330 3491 3490
1 3 3330 3331 3492 3491
1 3 3331 3332 3493 3492
1 3 3332 3333 3494 3493
1 3 3333 3334 3495 3494
1 3 3334 3335 3496 3495
1 3 3335 3336 3497 3496
1 3 3336 3337 3498 3497
1 3 3337 3338 3499 3498
1 3 3338 3339 3500 3499
1 3 3339 3340 3501 3500
1 3 3340 3341 3502 3501
1 3 3341 3342 3503 3502
1 3 3342 3343 3504 3503
1 3 3343 3344 3505 3504
1 3 3344 3345 3506 3505
1 3 3345 3346 3507 3506
1 3 3346 3347 3508 3507
1 3 3347 3348 3509 3508
1 3 3348 3349 3510 3509
1 3 3349 3350 3511 3510
1 3 3350 3351 3512 3511
1 3 3351 3352 3513 3512
1 3 3352 3353 3514 3513
1 3 3353 3354 3515 3514
1 3 3354 3355 3516 3515
1 3 3355 3356 3517 3516
1 3 3356 3357 3518 3517
1 3 3357 3358 3519 3518
1 3 3358 3359 3520 3519
1 3 3359 3360 3521 3520
1 3 3360 3361 3522 3521
1 3 3361 3362 3523 3522
1 3 3362 3363 3524 3523
1 3 3363 3364 3525 3524
1 3 3364 3365 3526 3525
1 3 3365 3366 3527 3526
1 3 3366 3367 3528 3527
1 3 3367 3368 3529 3528
1 3 3368 3369 3530 3529
1 3 3369 3370 3531 3530
1 3 3370 3371 3532 3531
1 3 3371 3372 3533 3532
1 3 3372 3373 3534 3533
1 3 3373 3374 3535 3534
1 3 3374 3375 3536 3535
1 3 3375 3376 3537 3536
1 3 3376 3377 3538 3537
1 3 3377 3378 3539 3538
1 3 3378 3379 3540 3539
1 3 3379 3380 3541 3540
1 3 3381 3382 3543 3542
1 3 3382 3383 3544 3543
1 3 3383 3384 3545 3544
1 3 3384 3385 3546 3545
1 3 3385 3386 3547 3546
1 3 3386 3387 3548 3547
1 3 3387 3388 3549 3548
1 3 3388 3389 3550 3549
1 3 3389 3390 3551 3550
1 3 3390 3391 3552 3551
1 3 3391 3392 3553 3552
1 3 3392 3393 3554 3553
1 3 3393 3394 3555 3554
1 3 3394 3395 3556 3555
1 3 3395 3396 3557 3556
1 3 3396 3397 3558 3557
1 3 3397 3398 3559 3558
1 3 3398 3399 3560 3559
1 3 3399 3400 3561 3560
1 3 3400 3401 3562 3561
1 3 3401 3402 3563 3562
1 3 3402 3403 3564 3563
1 3 3403 3404 3565 3564
1 3 3404 3405 3566 3565
1 3 3405 3406 3567 3566
1 3 3406 3407 3568 3567
1 3 3407 3408 3569 3568
1 3 3408 3409 3570 3569
1 3 3409 3410 3571 3570
1 3 3410 3411 3572 3571
1 3 3411 3412 3573 3572
1 3 3412 3413 3574 3573
1 3 3413 3414 3575 3574
1 3 3414 3415 3576 3575
1 3 3415 3416 3577 3576
1 3 3416 3417 3578 3577
1 3 3417 3418 3579 3578
1 3 3418 3419 3580 3579
1 3 3419 3420 3581 3580
1 3 3420 3421 3582 3581
1 3 3421 3422 3583 3582
1 3 3422 3423 3584 3583
1 3 3423 3424 3585 3584
1 3 3424 3425 3586 3585
1 3 3425 3426 3587 3586
1 3 3426 3427 3588 3587
1 3 3427 3428 3589 3588
1 3 3428 3429 3590 3589
1 3 3429 3430 3591 3590
1 3 3430 3431 3592 3591
1 3 3431 3432 3593 3592
1 3 3432 3433 3594 3593
1 3 3433 3434 3595 3594
1 3 3434 3435 3596 3595
1 3 3435 3436 3597 3596
1 3 3436 3437 3598 3597
1 3 3437 3438 3599 3598
1 3 3438 3439 3600 3599
1 3 3439 3440 3601 3600
1 3 3440 3441 3602 3601
1 3 3441 3442 3603 3602
1 3 3442 3443 3604 3603
1 3 3443 3444 3605 3604
1 3 3444 3445 3606 3605
1 3 3445 3446 3607 3606
1 3 3446 3447 3608 3607
1 3 3447 3448 3609 3608
1 3 3448 3449 3610 3609
1 3 3449 3450 3611 3610
1 3 3450 3451 3612 3611
1 3 3451 3452 3613 3612
1 3 3452 3453 3614 3613
1 3 3453 3454 3615 3614
1 3 3454 3455 3616 3615
1 3 3455 3456 3617 3616
1 3 3456 3457 3618 3617
1 3 3457 3458 3619 3618
1 3 3458 3459 3620 3619
1 3 3459 3460 3621 3620
1 3 3460 3461 3622 3621
1 3 3461 3462 3623 3622
1 3 3462 3463 3624 3623
1 3 3463 3464 3625 3624
1 3 3464 3465 3626 3625
1 3 3465 3466 3627 3626
1 3 3466 3467 3628 3627
1 3 3467 3468 3629 3628
1 3 3468 3469 3630 3629
1 3 3469 3470 3631 3630
1 3 3470 3471 3632 3631
1 3 3471 3472 3633 3632
1 3 3472 3473 3634 3633
1 3 3473 3474 3635 3634
1 3 3474 3475 3636 3635
1 3 3475 3476 3637 3636
1 3 3476 3477 3638 3637
1 3 3477 3478 3639 3638
1 3 3478 3479 3640 3639
1 3 3479 3480 3641 3640
1 3 3480 3481 3642 3641
1 3 3481 3482 3643 3642
1 3 3482 3483 3644 3643
1 3 3483 3484 3645 3644
1 3 3484 3485 3646 3645
1 3 3485 3486 3647 3646
1 3 3486 3487 3648 3647
1 3 3487 3488 3649 3648
1 3 3488 3489 3650 3649
1 3 3489 3490 3651 3650
1 3 3490 3491 3652 3651
1 3 3491 3492 3653 3652
1 3 3492 3493 3654 3653
1 3 3493 3494 3655 3654
1 3 3494 3495 3656 3655
1 3 3495 3496 3657 3656
1 3 3496 3497 3658 3657
1 3 3497 3498 3659 3658
1 3 3498 3499 3660 3659
1 3 3499 3500 3661 3660
1 3 3500 3501 3662 3661
1 3 3501 3502 3663 3662
1 3 3502 3503 3664 3663
1 3 3503 3504 3665 3664
1 3 3504 3505 3666 3665
1 3 3505 3506 3667 3666
1 3 3506 3507 3668 3667
1 3 3507 3508 3669 3668
1 3 3508 3509 3670 3669
1 3 3509 3510 3671 3670
1 3 3510 3511 3672 3671
1 3 3511 3512 3673 3672
1 3 3512 3513 3674 3673
1 3 3513 3514 3675 3674
1 3 3514 3515 3676 3675
1 3 3515 3516 3677 3676
1 3 3516 3517 3678 3677
1 3 3517 3518 3679 3678
1 3 3518 3519 3680 3679
1 3 3519 3520 3681 3680
1 3 3520 3521 3682 3681
1 3 3521 3522 3683 3682
1 3 3522 3523 3684 3683
1 3 3523 3524 3685 3684
1 3 3524 3525 3686 3685
1 3 3525 3526 3687 3686
1 3 3526 3527 3688 3687
1 3 3527 3528 3689 3688
1 3 3528 3529 3690 3689
1 3 3529 3530 3691 3690
1 3 3530 3531 3692 3691
1 3 3531 3532 3693 3692
1 3 3532 3533 3694 3693
1 3 3533 3534 3695 3694
1 3 3534 3535 3696 3695
1 3 3535 3536 3697 3696
1 3 3536 3537 3698 3697
1 3 3537 3538 3699 3698
1 3 3538 3539 3700 3699
1 3 3539 3540 3701 3700
1 3 3540 3541 3702 3701
1 3 3542 3543 3704 3703
1 3 3543 3544 3705 3704
1 3 3544 3545 3706 3705
1 3 3545 3546 3707 3706
1 3 3546 3547 3708 3707
1 3 3547 3548 3709 3708
1 3 3548 3549 3710 3709
1 3 3549 3550 3711 3710
1 3 3550 3551 3712 3711
1 3 3551 3552 3713 3712
1 3 3552 3553 3714 3713
1 3 3553 3554 3715 3714
1 3 3554 3555 3716 3715
1 3 3555 3556 3717 3716
1 3 3556 3557 3718 3717
1 3 3557 3558 3719 3718
1 3 3558 3559 3720 3719
1 3 3559 3560 3721 3720
1 3 3560 3561 3722 3721
1 3 3561 3562 3723 3722
1 3 3562 3563 3724 3723
1 3 3563 3564 3725 3724
1 3 3564 3565 3726 3725
1 3 3565 3566 3727 3726
1 3 3566 3567 3728 3727
1 3 3567 3568 3729 3728
1 3 3568 3569 3730 3729
1 3 3569 3570 3731 3730
1 3 3570 3571 3732 3731
1 3 3571 3572 3733 3732
1 3 3572 3573 3734 3733
1 3 3573 3574 3735 3734
1 3 3574 3575 3736 3735
1 3 3575 3576 3737 3736
1 3 3576 3577 3738 3737
1 3 3577 3578 3739 3738
1 3 3578 3579 3740 3739
1 3 3579 3580 3741 3740
1 3 3580 3581 3742 3741
1 3 3581 3582 3743 3742
1 3 3582 3583 3744 3743
1 3 3583 3584 3745 3744
1 3 3584 3585 3746 3745
1 3 3585 3586 3747 3746
1 3 3586 3587 3748 3747
1 3 3587 3588 3749 3748
1 3 3588 3589 3750 3749
1 3 3589 3590 3751 3750
1 3 3590 3591 3752 3751
1 3 3591 3592 3753 3752
1 3 3592 3593 3754 3753
1 3 3593 3594 3755 3754
1 3 3594 3595 3756 3755
1 3 3595 3596 3757 3756
1 3 3596 3597 3758 3757
1 3 3597 3598 3759 3758
1 3 3598 3599 3760 3759
1 3 3599 3600 3761 3760
1 3 3600 3601 3762 3761
1 3 3601 3602 3763 3762
1 3 3602 3603 3764 3763
1 3 3603 3604 3765 3764
1 3 3604 3605 3766 3765
1 3 3605 3606 3767 3766
1 3 3606 3607 3768 3767
1 3 3607 3608 3769 3768
1 3 3608 3609 3770 3769
1 3 3609 3610 3771 3770
1 3 3610 3611 3772 3771
1 3 3611 3612 3773 3772
1 3 3612 3613 3774 3773
1 3 3613 3614 3775 3774
1 3 3614 3615 3776 3775
1 3 3615 3616 3777 3776
1 3 3616 3617 3778 3777
1 3 3617 3618 3779 3778
1 3 3618 3619 3780 3779
1 3 3619 3620 3781 3780
1 3 3620 3621 3782 3781
1 3 3621 3622 3783 3782
1 3 3622 3623 3784 3783
1 3 3623 3624 3785 3784
1 3 3624 3625 3786 3785
1 3 3625 3626 3787 3786
1 3 3626 3627 3788 3787
1 3 3627 3628 3789 3788
1 3 3628 3629 3790 3789
1 3 3629 3630 3791 3790
1 3 3630 3631 3792 3791
1 3 3631 3632 3793 3792
1 3 3632 3633 3794 3793
1 3 3633 3634 3795 3794
1 3 3634 3635 3796 3795
1 3 3635 3636 3797 3796
1 3 3636 3637 3798 3797
1 3 3637 3638 3799 3798
1 3 3638 3639 3800 3799
1 3 3639 3640 3801 3800
1 3 3640 3641 3802 3801
1 3 3641 3642 3803 3802
1 3 3642 3643 3804 3803
1 3 3643 3644 3805 3804
1 3 3644 3645 3806 3805
1 3 3645 3646 3807 3806
1 3 3646 3647 3808 3807
1 3 3647 3648 3809 3808
1 3 3648 3649 3810 3809
1 3 3649 3650 3811 3810
1 3 3650 3651 3812 3811
1 3 3651 3652 3813 3812
1 3 3652 3653 3814 3813
1 3 3653 3654 3815 3814
1 3 3654 3655 3816 3815
1 3 3655 3656 3817 3816
1 3 3656 3657 3818 3817
1 3 3657 3658 3819 3818
1 3 3658 3659 3820 3819
1 3 3659 3660 3821 3820
1 3 3660 3661 3822 3821
1 3 3661 3662 3823 3822
1 3 3662 3663 3824 3823
1 3 3663 3664 3825 3824
1 3 3664 3665 3826 3825
1 3 3665 3666 3827 3826
1 3 3666 3667 3828 3827
1 3 3667 3668 3829 3828
1 3 3668 3669 3830 3829
1 3 3669 3670 3831 3830
1 3 3670 3671 3832 3831
1 3 3671 3672 3833 3832
1 3 3672 3673 3834 3833
1 3 3673 3674 3835 3834
1 3 3674 3675 3836 3835
1 3 3675 3676 3837 3836
1 3 3676 3677 3838 3837
1 3 3677 3678 3839 3838
1 3 3678 3679 3840 3839
1 3 3679 3680 3841 3840
1 3 3680 3681 3842 3841
1 3 3681 3682 3843 3842
1 3 3682 3683 3844 3843
1 3 3683 3684 3845 3844
1 3 3684 3685 3846 3845
1 3 3685 3686 3847 3846
1 3 3686 3687 3848 3847
1 3 3687 3688 3849 3848
1 3 3688 3689 3850 3849
1 3 3689 3690 3851 3850
1 3 3690 3691 3852 3851
1 3 3691 3692 3853 3852
1 3 3692 3693 3854 3853
1 3 3693 3694 3855 3854
1 3 3694 3695 3856 3855
1 3 3695 3696 3857 3856
1 3 3696 3697 3858 3857
1 3 3697 3698 3859 3858
1 3 3698 3699 3860 3859
1 3 3699 3700 3861 3860
1 3 3700 3701 3862 3861
1 3 3701 3702 3863 3862
1 3 3703 3704 3865 3864
1 3 3704 3705 3866 3865
1 3 3705 3706 3867 3866
1 3 3706 3707 3868 3867
1 3 3707 3708 3869 3868
1 3 3708 3709 3870 3869
1 3 3709 3710 3871 3870
1 3 3710 3711 3872 3871
1 3 3711 3712 3873 3872
1 3 3712 3713 3874 3873
1 3 3713 3714 3875 3874
1 3 3714 3715 3876 3875
1 3 3715 3716 3877 3876
1 3 3716 3717 3878 3877
1 3 3717 3718 3879 3878
1 3 3718 3719 3880 3879
1 3 3719 3720 3881 3880
1 3 3720 3721 3882 3881
1 3 3721 3722 3883 3882
1 3 3722 3723 3884 3883
1 3 3723 3724 3885 3884
1 3 3724 3725 3886 3885
1 3 3725 3726 3887 3886
1 3 3726 3727 3888 3887
1 3 3727 3728 3889 3888
1 3 3728 3729 3890 3889
1 3 3729 3730 3891 3890
1 3 3730 3731 3892 3891
1 3 3731 3732 3893 3892
1 3 3732 3733 3894 3893
1 3 3733 3734 3895 3894
1 3 3734 3735 3896 3895
1 3 3735 3736 3897 3896
1 3 3736 3737 3898 3897
1 3 3737 3738 3899 3898
1 3 3738 3739 3900 3899
1 3 3739 3740 3901 3900
1 3 3740 3741 3902 3901
1 3 3741 3742 3903 3902
1 3 3742 3743 3904 3903
1 3 3743 3744 3905 3904
1 3 3744 3745 3906 3905
1 3 3745 3746 3907 3906
1 3 3746 3747 3908 3907
1 3 3747 3748 3909 3908
1 3 3748 3749 3910 3909
1 3 3749 3750 3911 3910
1 3 3750 3751 3912 3911
1 3 3751 3752 3913 3912
1 3 3752 3753 3914 3913
1 3 3753 3754 3915 3914
1 3 3754 3755 3916 3915
1 3 3755 3756 3917 3916
1 3 3756 3757 3918 3917
1 3 3757 3758 3919 3918
1 3 3758 3759 3920 3919
1 3 3759 3760 3921 3920
1 3 3760 3761 3922 3921
1 3 3761 3762 3923 3922
1 3 3762 3763 3924 3923
1 3 3763 3764 3925 3924
1 3 3764 3765 3926 3925
1 3 3765 3766 3927 3926
1 3 3766 3767 3928 3927
1 3 3767 3768 3929 3928
1 3 3768 3769 3930 3929
1 3 3769 3770 3931 3930
1 3 3770 3771 3932 3931
1 3 3771 3772 3933 3932
1 3 3772 3773 3934 3933
1 3 3773 3774 3935 3934
1 3 3774 3775 3936 3935
1 3 3775 3776 3937 3936
1 3 3776 3777 3938 3937
1 3 3777 3778 3939 3938
1 3 3778 3779 3940 3939
1 3 3779 3780 3941 3940
1 3 3780 3781 3942 3941
1 3 3781 3782 3943 3942
1 3 3782 3783 3944 3943
1 3 3783 3784 3945 3944
1 3 3784 3785 3946 3945
1 3 3785 3786 3947 3946
1 3 3786 3787 3948 3947
1 3 3787 3788 3949 3948
1 3 3788 3789 3950 3949
1 3 3789 3790 3951 3950
1 3 3790 3791 3952 3951
1 3 3791 3792 3953 3952
1 3 3792 3793 3954 3953
1 3 3793 3794 3955 3954
1 3 3794 3795 3956 3955
1 3 3795 3796 3957 3956
1 3 3796 3797 3958 3957
1 3 3797 3798 3959 3958
1 3 3798 3799 3960 3959
1 3 3799 3800 3961 3960
1 3 3800 3801 3962 3961
1 3 3801 3802 3963 3962
1 3 3802 3803 3964 3963
1 3 3803 3804 3965 3964
1 3 3804 3805 3966 3965
1 3 3805 3806 3967 3966
1 3 3806 3807 3968 3967
1 3 3807 3808 3969 3968
1 3 3808 3809 3970 3969
1 3 3809 3810 3971 3970
1 3 3810 3811 3972 3971
1 3 3811 3812 3973 3972
1 3 3812 3813 3974 3973
1 3 3813 3814 3975 3974
1 3 3814 3815 3976 3975
1 3 3815 3816 3977 3976
1 3 3816 3817 3978 3977
1 3 3817 3818 3979 3978
1 3 3818 3819 3980 3979
1 3 3819 3820 3981 3980
1 3 3820 3821 3982 3981
1 3 3821 3822 3983 3982
1 3 3822 3823 3984 3983
1 3 3823 3824 3985 3984
1 3 3824 3825 3986 3985
1 3 3825 3826 3987 3986
1 3 3826 3827 3988 3987
1 3 3827 3828 3989 3988
1 3 3828 3829 3990 3989
1 3 3829 3830 3991 3990
1 3 3830 3831 3992 3991
1 3 3831 3832 3993 3992
1 3 3832 3833 3994 3993
1 3 3833 3834 3995 3994
1 3 3834 3835 3996 3995
1 3 3835 3836 3997 3996
1 3 3836 3837 3998 3997
1 3 3837 3838 3999 3998
1 3 3838 3839 4000 3999
1 3 3839 3840 4001 4000
1 3 3840 3841 4002 4001
1 3 3841 3842 4003 4002
1 3 3842 3843 4004 4003
1 3 3843 3844 4005 4004
1 3 3844 3845 4006 4005
1 3 3845 3846 4007 4006
1 3 3846 3847 4008 4007
1 3 3847 3848 4009 4008
1 3 3848 3849 4010 4009
1 3 3849 3850 4011 4010
1 3 3850 3851 4012 4011
1 3 3851 3852 4013 4012
1 3 3852 3853 4014 4013
1 3 3853 3854 4015 4014
1 3 3854 3855 4016 4015
1 3 3855 3856 4017 4016
1 3 3856 3857 4018 4017
1 3 3857 3858 4019 4018
1 3 3858 3859 4020 4019
1 3 3859 3860 4021 4020
1 3 3860 3861 4022 4021
1 3 3861 3862 4023 4022
1 3 3862 3863 4024 4023
1 3 3864 3865 4026 4025
1 3 3865 3866 4027 4026
1 3 3866 3867 4028 4027
1 3 3867 3868 4029 4028
1 3 3868 3869 4030 4029
1 3 3869 3870 4031 4030
1 3 3870 3871 4032 4031
1 3 3871 3872 4033 4032
1 3 3872 3873 4034 4033
1 3 3873 3874 4035 4034
1 3 3874 3875 4036 4035
1 3 3875 3876 4037 4036
1 3 3876 3877 4038 4037
1 3 3877 3878 4039 4038
1 3 3878 3879 4040 4039
1 3 3879 3880 4041 4040
1 3 3880 3881 4042 4041
1 3 3881 3882 4043 4042
1 3 3882 3883 4044 4043
1 3 3883 3884 4045 4044
1 3 3884 3885 4046 4045
1 3 3885 3886 4047 4046
1 3 3886 3887 4048 4047
1 3 3887 3888 4049 4048
1 3 3888 3889 4050 4049
1 3 3889 3890 4051 4050
1 3 3890 3891 4052 4051
1 3 3891 3892 4053 4052
1 3 3892 3893 4054 4053
1 3 3893 3894 4055 4054
1 3 3894 3895 4056 4055
1 3 3895 3896 4057 4056
1 3 3896 3897 4058 4057
1 3 3897 3898 4059 4058
1 3 3898 3899 4060 4059
1 3 3899 3900 4061 4060
1 3 3900 3901 4062 4061
1 3 3901 3902 4063 4062
1 3 3902 3903 4064 4063
1 3 3903 3904 4065 4064
1 3 3904 3905 4066 4065
1 3 3905 3906 4067 4066
1 3 3906 3907 4068 4067
1 3 3907 3908 4069 4068
1 3 3908 3909 4070 4069
1 3 3909 3910 4071 4070
1 3 3910 3911 4072 4071
1 3 3911 3912 4073 4072
1 3 3912 3913 4074 4073
1 3 3913 3914 4075 4074
1 3 3914 3915 4076 4075
1 3 3915 3916 4077 4076
1 3 3916 3917 4078 4077
1 3 3917 3918 4079 4078
1 3 3918 3919 4080 4079
1 3 3919 3920 4081 4080
1 3 3920 3921 4082 4081
1 3 3921 3922 4083 4082
1 3 3922 3923 4084 4083
1 3 3923 3924 4085 4084
1 3 3924 3925 4086 4085
1 3 3925 3926 4087 4086
1 3 3926 3927 4088 4087
1 3 3927 3928 4089 4088
1 3 3928 3929 4090 4089
1 3 3929 3930 4091 4090
1 3 3930 3931 4092 4091
1 3 3931 3932 4093 4092
1 3 3932 3933 4094 4093
1 3 3933 3934 4095 4094
1 3 3934 3935 4096 4095
1 3 3935 3936 4097 4096
1 3 3936 3937 4098 4097
1 3 3937 3938 4099 4098
1 3 3938 3939 4100 4099
1 3 3939 3940 4101 4100
1 3 3940 3941 4102 4101
1 3 3941 3942 4103 4102
1 3 3942 3943 4104 4103
1 3 3943 3944 4105 4104
1 3 3944 3945 4106 4105
1 3 3945 3946 4107 4106
1 3 3946 3947 4108 4107
1 3 3947 3948 4109 4108
1 3 3948 3949 4110 4109
1 3 3949 3950 4111 4110
1 3 3950 3951 4112 4111
1 3 3951 3952 4113 4112
1 3 3952 3953 4114 4113
1 3 3953 3954 4115 4114
1 3 3954 3955 4116 4115
1 3 3955 3956 4117 4116
1 3 3956 3957 4118 4117
1 3 3957 3958 4119 4118
1 3 3958 3959 4120 4119
1 3 3959 3960 4121 4120
1 3 3960 3961 4122 4121
1 3 3961 3962 4123 4122
1 3 3962 3963 4124 4123
1 3 3963 3964 4125 4124
1 3 3964 3965 4126 4125
1 3 3965 3966 4127 4126
1 3 3966 3967 4128 4127
1 3 3967 3968 4129 4128
1 3 3968 3969 4130 4129
1 3 3969 3970 4131 4130
1 3 3970 3971 4132 4131
1 3 3971 3972 4133 4132
1 3 3972 3973 4134 4133
1 3 3973 3974 4135 4134
1 3 3974 3975 4136 4135
1 3 3975 3976 4137 4136
1 3 3976 3977 4138 4137
1 3 3977 3978 4139 4138
1 3 3978 3979 4140 4139
1 3 3979 3980 4141 4140
1 3 3980 3981 4142 4141
1 3 3981 3982 4143 4142
1 3 3982 3983 4144 4143
1 3 3983 3984 4145 4144
1 3 3984 3985 4146 4145
1 3 3985 3986 4147 4146
1 3 3986 3987 4148 4147
1 3 3987 3988 4149 4148
1 3 3988 3989 4150 4149
1 3 3989 3990 4151 4150
1 3 3990 3991 4152 4151
1 3 3991 3992 4153 4152
1 3 3992 3993 4154 4153
1 3 3993 3994 4155 4154
1 3 3994 3995 4156 4155
1 3 3995 3996 4157 4156
1 3 3996 3997 4158 4157
1 3 3997 3998 4159 4158
1 3 3998 3999 4160 4159
1 3 3999 4000 4161 4160
1 3 4000 4001 4162 4161
1 3 4001 4002 4163 4162
1 3 4002 4003 4164 4163
1 3 4003 4004 4165 4164
1 3 4004 4005 4166 4165
1 3 4005 4006 4167 4166
1 3 4006 4007 4168 4167
1 3 4007 4008 4169 4168
1 3 4008 4009 4170 4169
1 3 4009 4010 4171 4170
1 3 4010 4011 4172 4171
1 3 4011 4012 4173 4172
1 3 4012 4013 4174 4173
1 3 4013 4014 4175 4174
1 3 4014 4015 4176 4175
1 3 4015 4016 4177 4176
1 3 4016 4017 4178 4177
1 3 4017 4018 4179 4178
1 3 4018 4019 4180 4179
1 3 4019 4020 4181 4180
1 3 4020 4021 4182 4181
1 3 4021 4022 4183 4182
1 3 4022 4023 4184 4183
1 3 4023 4024 4185 4184
1 3 4025 4026 4187 4186
1 3 4026 4027 4188 4187
1 3 4027 4028 4189 4188
1 3 4028 4029 4190 4189
1 3 4029 4030 4191 4190
1 3 4030 4031 4192 4191
1 3 4031 4032 4193 4192
1 3 4032 4033 4194 4193
1 3 4033 4034 4195 4194
1 3 4034 4035 4196 4195
1 3 4035 4036 4197 4196
1 3 4036 4037 4198 4197
1 3 4037 4038 4199 4198
1 3 4038 4039 4200 4199
1 3 4039 4040 4201 4200
1 3 4040 4041 4202 4201
1 3 4041 4042 4203 4202
1 3 4042 4043 4204 4203
1 3 4043 4044 4205 4204
1 3 4044 4045 4206 4205
1 3 4045 4046 4207 4206
1 3 4046 4047 4208 4207
1 3 4047 4048 4209 4208
1 3 4048 4049 4210 4209
1 3 4049 4050 4211 4210
1 3 4050 4051 4212 4211
1 3 4051 4052 4213 4212
1 3 4052 4053 4214 4213
1 3 4053 4054 4215 4214
1 3 4054 4055 4216 4215
1 3 4055 4056 4217 4216
1 3 4056 4057 4218 4217
1 3 4057 4058 4219 4218
1 3 4058 4059 4220 4219
1 3 4059 4060 4221 4220
1 3 4060 4061 4222 4221
1 3 4061 4062 4223 4222
1 3 4062 4063 4224 4223
1 3 4063 4064 4225 4224
1 3 4064 4065 4226 4225
1 3 4065 4066 4227 4226
1 3 4066 4067 4228 4227
1 3 4067 4068 4229 4228
1 3 4068 4069 4230 4229
1 3 4069 4070 4231 4230
1 3 4070 4071 4232 4231
1 3 4071 4072 4233 4232
1 3 4072 4073 4234 4233
1 3 4073 4074 4235 4234
1 3 4074 4075 4236 4235
1 3 4075 4076 4237 4236
1 3 4076 4077 4238 4237
1 3 4077 4078 4239 4238
1 3 4078 4079 4240 4239
1 3 4079 4080 4241 4240
1 3 4080 4081 4242 4241
1 3 4081 4082 4243 4242
1 3 4082 4083 4244 4243
1 3 4083 4084 4245 4244
1 3 4084 4085 4246 4245
1 3 4085 4086 4247 4246
1 3 4086 4087 4248 4247
1 3 4087 4088 4249 4248
1 3 4088 4089 4250 4249
1 3 4089 4090 4251 4250
1 3 4090 4091 4252 4251
1 3 4091 4092 4253 4252
1 3 4092 4093 4254 4253
1 3 4093 4094 4255 4254
1 3 4094 4095 4256 4255
1 3 4095 4096 4257 4256
1 3 4096 4097 4258 4257
1 3 4097 4098 4259 4258
1 3 4098 4099 4260 4259
1 3 4099 4100 4261 4260
1 3 4100 4101 4262 4261
1 3 4101 4102 4263 4262
1 3 4102 4103 4264 4263
1 3 4103 4104 4265 4264
1 3 4104 4105 4266 4265
1 3 4105 4106 4267 4266
1 3 4106 4107 4268 4267
1 3 4107 4108 4269 4268
1 3 4108 4109 4270 4269
1 3 4109 4110 4271 4270
1 3 4110 4111 4272 4271
1 3 4111 4112 4273 4272
1 3 4112 4113 4274 4273
1 3 4113 4114 4275 4274
1 3 4114 4115 4276 4275
1 3 4115 4116 4277 4276
1 3 4116 4117 4278 4277
1 3 4117 4118 4279 4278
1 3 4118 4119 4280 4279
1 3 4119 4120 4281 4280
1 3 4120 4121 4282 4281
1 3 4121 4122 4283 4282
1 3 4122 4123 4284 4283
1 3 4123 4124 4285 4284
1 3 4124 4125 4286 4285
1 3 4125 4126 4287 4286
1 3 4126 4127 4288 4287
1 3 4127 4128 4289 4288
1 3 4128 4129 4290 4289
1 3 4129 4130 4291 4290
1 3 4130 4131 4292 4291
1 3 4131 4132 4293 4292
1 3 4132 4133 4294 4293
1 3 4133 4134 4295 4294
1 3 4134 4135 4296 4295
1 3 4135 4136 4297 4296
1 3 4136 4137 4298 4297
1 3 4137 4138 4299 4298
1 3 4138 4139 4300 4299
1 3 4139 4140 4301 4300
1 3 4140 4141 4302 4301
1 3 4141 4142 4303 4302
1 3 4142 4143 4304 4303
1 3 4143 4144 4305 4304
1 3 4144 4145 4306 4305
1 3 4145 4146 4307 4306
1 3 4146 4147 4308 4307
1 3 4147 4148 4309 4308
1 3 4148 4149 4310 4309
1 3 4149 4150 4311 4310
1 3 4150 4151 4312 4311
1 3 4151 4152 4313 4312
1 3 4152 4153 4314 4313
1 3 4153 4154 4315 4314
1 3 4154 4155 4316 4315
1 3 4155 4156 4317 4316
1 3 4156 4157 4318 4317
1 3 4157 4158 4319 4318
1 3 4158 4159 4320 4319
1 3 4159 4160 4321 4320
1 3 4160 4161 4322 4321
1 3 4161 4162 4323 4322
1 3 4162 4163 4324 4323
1 3 4163 4164 4325 4324
1 3 4164 4165 4326 4325
1 3 4165 4166 4327 4326
1 3 4166 4167 4328 4327
1 3 4167 4168 4329 4328
1 3 4168 4169 4330 4329
1 3 4169 4170 4331 4330
1 3 4170 4171 4332 4331
1 3 4171 4172 4333 4332
1 3 4172 4173 4334 4333
1 3 4173 4174 4335 4334
1 3 4174 4175 4336 4335
1 3 4175 4176 4337 4336
1 3 4176 4177 4338 4337
1 3 4177 4178 4339 4338
1 3 4178 4179 4340 4339
1 3 4179 4180 4341 4340
1 3 4180 4181 4342 4341
1 3 4181 4182 4343 4342
1 3 4182 4183 4344 4343
1 3 4183 4184 4345 4344
1 3 4184 4185 4346 4345
1 3 4186 4187 4348 4347
1 3 4187 4188 4349 4348
1 3 4188 4189 4350 4349
1 3 4189 4190 4351 4350
1 3 4190 4191 4352 4351
1 3 4191 4192 4353 4352
1 3 4192 4193 4354 4353
1 3 4193 4194 4355 4354
1 3 4194 4195 4356 4355
1 3 4195 4196 4357 4356
1 3 4196 4197 4358 4357
1 3 4197 4198 4359 4358
1 3 4198 4199 4360 4359
1 3 4199 4200 4361 4360
1 3 4200 4201 4362 4361
1 3 4201 4202 4363 4362
1 3 4202 4203 4364 4363
1 3 4203 4204 4365 4364
1 3 4204 4205 4366 4365
1 3 4205 4206 4367 4366
1 3 4206 4207 4368 4367
1 3 4207 4208 4369 4368
1 3 4208 4209 4370 4369
1 3 4209 4210 4371 4370
1 3 4210 4211 4372 4371
1 3 4211 4212 4373 4372
1 3 4212 4213 4374 4373
1 3 4213 4214 4375 4374
1 3 4214 4215 4376 4375
1 3 4215 4216 4377 4376
1 3 4216 4217 4378 4377
1 3 4217 4218 4379 4378
1 3 4218 4219 4380 4379
1 3 4219 4220 4381 4380
1 3 4220 4221 4382 4381
1 3 4221 4222 4383 4382
1 3 4222 4223 4384 4383
1 3 4223 4224 4385 4384
1 3 4224 4225 4386 4385
1 3 4225 4226 4387 4386
1 3 4226 4227 4388 4387
1 3 4227 4228 4389 4388
1 3 4228 4229 4390 4389
1 3 4229 4230 4391 4390
1 3 4230 4231 4392 4391
1 3 4231 4232 4393 4392
1 3 4232 4233 4394 4393
1 3 4233 4234 4395 4394
1 3 4234 4235 4396 4395
1 3 4235 4236 4397 4396
1 3 4236 4237 4398 4397
1 3 4237 4238 4399 4398
1 3 4238 4239 4400 4399
1 3 4239 4240 4401 4400
1 3 4240 4241 4402 4401
1 3 4241 4242 4403 4402
1 3 4242 4243 4404 4403
1 3 4243 4244 4405 4404
1 3 4244 4245 4406 4405
1 3 4245 4246 4407 4406
1 3 4246 4247 4408 4407
1 3 4247 4248 4409 4408
1 3 4248 4249 4410 4409
1 3 4249 4250 4411 4410
1 3 4250 4251 4412 4411
1 3 4251 4252 4413 4412
1 3 4252 4253 4414 4413
1 3 4253 4254 4415 4414
1 3 4254 4255 4416 4415
1 3 4255 4256 4417 4416
1 3 4256 4257 4418 4417
1 3 4257 4258 4419 4418
1 3 4258 4259 4420 4419
1 3 4259 4260 4421 4420
1 3 4260 4261 4422 4421
1 3 4261 4262 4423 4422
1 3 4262 4263 4424 4423
1 3 4263 4264 4425 4424
1 3 4264 4265 4426 4425
1 3 4265 4266 4427 4426
1 3 4266 4267 4428 4427
1 3 4267 4268 4429 4428
1 3 4268 4269 4430 4429
1 3 4269 4270 4431 4430
1 3 4270 4271 4432 4431
1 3 4271 4272 4433 4432
1 3 4272 4273 4434 4433
1 3 4273 4274 4435 4434
1 3 4274 4275 4436 4435
1 3 4275 4276 4437 4436
1 3 4276 4277 4438 4437
1 3 4277 4278 4439 4438
1 3 4278 4279 4440 4439
1 3 4279 4280 4441 4440
1 3 4280 4281 4442 4441
1 3 4281 4282 4443 4442
1 3 4282 4283 4444 4443
1 3 4283 4284 4445 4444
1 3 4284 4285 4446 4445
1 3 4285 4286 4447 4446
1 3 4286 4287 4448 4447
1 3 4287 4288 4449 4448
1 3 4288 4289 4450 4449
1 3 4289 4290 4451 4450
1 3 4290 4291 4452 4451
1 3 4291 4292 4453 4452
1 3 4292 4293 4454 4453
1 3 4293 4294 4455 4454
1 3 4294 4295 4456 4455
1 3 4295 4296 4457 4456
1 3 4296 4297 4458 4457
1 3 4297 4298 4459 4458
1 3 4298 4299 4460 4459
1 3 4299 4300 4461 4460
1 3 4300 4301 4462 4461
1 3 4301 4302 4463 4462
1 3 4302 4303 4464 4463
1 3 4303 4304 4465 4464
1 3 4304 4305 4466 4465
1 3 4305 4306 4467 4466
1 3 4306 4307 4468 4467
1 3 4307 4308 4469 4468
1 3 4308 4309 4470 4469
1 3 4309 4310 4471 4470
1 3 4310 4311 4472 4471
1 3 4311 4312 4473 4472
1 3 4312 4313 4474 4473
1 3 4313 4314 4475 4474
1 3 4314 4315 4476 4475
1 3 4315 4316 4477 4476
1 3 4316 4317 4478 4477
1 3 4317 4318 4479 4478
1 3 4318 4319 4480 4479
1 3 4319 4320 4481 4480
1 3 4320 4321 4482 4481
1 3 4321 4322 4483 4482
1 3 4322 4323 4484 4483
1 3 4323 4324 4485 4484
1 3 4324 4325 4486 4485
1 3 4325 4326 4487 4486
1 3 4326 4327 4488 4487
1 3 4327 4328 4489 4488
1 3 4328 4329 4490 4489
1 3 4329 4330 4491 4490
1 3 4330 4331 4492 4491
1 3 4331 4332 4493 4492
1 3 4332 4333 4494 4493
1 3 4333 4334 4495 4494
1 3 4334 4335 4496 4495
1 3 4335 4336 4497 4496
1 3 4336 4337 4498 4497
1 3 4337 4338 4499 4498
1 3 4338 4339 4500 4499
1 3 4339 4340 4501 4500
1 3 4340 4341 4502 4501
1 3 4341 4342 4503 4502
1 3 4342 4343 4504 4503
1 3 4343 4344 4505 4504
1 3 4344 4345 4506 4505
1 3 4345 4346 4507 4506
1 3 4347 4348 4509 4508
1 3 4348 4349 4510 4509
1 3 4349 4350 4511 4510
1 3 4350 4351 4512 4511
1 3 4351 4352 4513 4512
1 3 4352 4353 4514 4513
1 3 4353 4354 4515 4514
1 3 4354 4355 4516 4515
1 3 4355 4356 4517 4516
1 3 4356 4357 4518 4517
1 3 4357 4358 4519 4518
1 3 4358 4359 4520 4519
1 3 4359 4360 4521 4520
1 3 4360 4361 4522 4521
1 3 4361 4362 4523 4522
1 3 4362 4363 4524 4523
1 3 4363 4364 4525 4524
1 3 4364 4365 4526 4525
1 3 4365 4366 4527 4526
1 3 4366 4367 4528 4527
1 3 4367 4368 4529 4528
1 3 4368 4369 4530 4529
1 3 4369 4370 4531 4530
1 3 4370 4371 4532 4531
1 3 4371 4372 4533 4532
1 3 4372 4373 4534 4533
1 3 4373 4374 4535 4534
1 3 4374 4375 4536 4535
1 3 4375 4376 4537 4536
1 3 4376 4377 4538 4537
1 3 4377 4378 4539 4538
1 3 4378 4379 4540 4539
1 3 4379 4380 4541 4540
1 3 4380 4381 4542 4541
1 3 4381 4382 4543 4542
1 3 4382 4383 4544 4543
1 3 4383 4384 4545 4544
1 3 4384 4385 4546 4545
1 3 4385 4386 4547 4546
1 3 4386 4387 4548 4547
1 3 4387 4388 4549 4548
1 3 4388 4389 4550 4549
1 3 4389 4390 4551 4550
1 3 4390 4391 4552 4551
1 3 4391 4392 4553 4552
1 3 4392 4393 4554 4553
1 3 4393 4394 4555 4554
1 3 4394 4395 4556 4555
1 3 4395 4396 4557 4556
1 3 4396 4397 4558 4557
1 3 4397 4398 4559 4558
1 3 4398 4399 4560 4559
1 3 4399 4400 4561 4560
1 3 4400 4401 4562 4561
1 3 4401 4402 4563 4562
1 3 4402 4403 4564 4563
1 3 4403 4404 4565 4564
1 3 4404 4405 4566 4565
1 3 4405 4406 4567 4566
1 3 4406 4407 4568 4567
1 3 4407 4408 4569 4568
1 3 4408 4409 4570 4569
1 3 4409 4410 4571 4570
1 3 4410 4411 4572 4571
1 3 4411 4412 4573 4572
1 3 4412 4413 4574 4573
1 3 4413 4414 4575 4574
1 3 4414 4415 4576 4575
1 3 4415 4416 4577 4576
1 3 4416 4417 4578 4577
1 3 4417 4418 4579 4578
1 3 4418 4419 4580 4579
1 3 4419 4420 4581 4580
1 3 4420 4421 4582 4581
1 3 4421 4422 4583 4582
1 3 4422 4423 4584 4583
1 3 4423 4424 4585 4584
1 3 4424 4425 4586 4585
1 3 4425 4426 4587 4586
1 3 4426 4427 4588 4587
1 3 4427 4428 4589 4588
1 3 4428 4429 4590 4589
1 3 4429 4430 4591 4590
1 3 4430 4431 4592 4591
1 3 4431 4432 4593 4592
1 3 4432 4433 4594 4593
1 3 4433 4434 4595 4594
1 3 4434 4435 4596 4595
1 3 4435 4436 4597 4596
1 3 4436 4437 4598 4597
1 3 4437 4438 4599 4598
1 3 4438 4439 4600 4599
1 3 4439 4440 4601 4600
1 3 4440 4441 4602 4601
1 3 4441 4442 4603 4602
1 3 4442 4443 4604 4603
1 3 4443 4444 4605 4604
1 3 4444 4445 4606 4605
1 3 4445 4446 4607 4606
1 3 4446 4447 4608 4607
1 3 4447 4448 4609 4608
1 3 4448 4449 4610 4609
1 3 4449 4450 4611 4610
1 3 4450 4451 4612 4611
1 3 4451 4452 4613 4612
1 3 4452 4453 4614 4613
1 3 4453 4454 4615 4614
1 3 4454 4455 4616 4615
1 3 4455 4456 4617 4616
1 3 4456 4457 4618 4617
1 3 4457 4458 4619 4618
1 3 4458 4459 4620 4619
1 3 4459 4460 4621 4620
1 3 4460 4461 4622 4621
1 3 4461 4462 4623 4622
1 3 4462 4463 4624 4623
1 3 4463 4464 4625 4624
1 3 4464 4465 4626 4625
1 3 4465 4466 4627 4626
1 3 4466 4467 4628 4627
1 3 4467 4468 4629 4628
1 3 4468 4469 4630 4629
1 3 4469 4470 4631 4630
1 3 4470 4471 4632 4631
1 3 4471 4472 4633 4632
1 3 4472 4473 4634 4633
1 3 4473 4474 4635 4634
1 3 4474 4475 4636 4635
1 3 4475 4476 4637 4636
1 3 4476 4477 4638 4637
1 3 4477 4478 4639 4638
1 3 4478 4479 4640 4639
1 3 4479 4480 4641 4640
1 3 4480 4481 4642 4641
1 3 4481 4482 4643 4642
1 3 4482 4483 4644 4643
1 3 4483 4484 4645 4644
1 3 4484 4485 4646 4645
1 3 4485 4486 4647 4646
1 3 4486 4487 4648 4647
1 3 4487 4488 4649 4648
1 3 4488 4489 4650 4649
1 3 4489 4490 4651 4650
1 3 4490 4491 4652 4651
1 3 4491 4492 4653 4652
1 3 4492 4493 4654 4653
1 3 4493 4494 4655 4654
1 3 4494 4495 4656 4655
1 3 4495 4496 4657 4656
1 3 4496 4497 4658 4657
1 3 4497 4498 4659 4658
1 3 4498 4499 4660 4659
1 3 4499 4500 4661 4660
1 3 4500 4501 4662 4661
1 3 4501 4502 4663 4662
1 3 4502 4503 4664 4663
1 3 4503 4504 4665 4664
1 3 4504 4505 4666 4665
1 3 4505 4506 4667 4666
1 3 4506 4507 4668 4667
1 3 4508 4509 4670 4669
1 3 4509 4510 4671 4670
1 3 4510 4511 4672 4671
1 3 4511 4512 4673 4672
1 3 4512 4513 4674 4673
1 3 4513 4514 4675 4674
1 3 4514 4515 4676 4675
1 3 4515 4516 4677 4676
1 3 4516 4517 4678 4677
1 3 4517 4518 4679 4678
1 3 4518 4519 4680 4679
1 3 4519 4520 4681 4680
1 3 4520 4521 4682 4681
1 3 4521 4522 4683 4682
1 3 4522 4523 4684 4683
1 3 4523 4524 4685 4684
1 3 4524 4525 4686 4685
1 3 4525 4526 4687 4686
1 3 4526 4527 4688 4687
1 3 4527 4528 4689 4688
1 3 4528 4529 4690 4689
1 3 4529 4530 4691 4690
1 3 4530 4531 4692 4691
1 3 4531 4532 4693 4692
1 3 4532 4533 4694 4693
1 3 4533 4534 4695 4694
1 3 4534 4535 4696 4695
1 3 4535 4536 4697 4696
1 3 4536 4537 4698 4697
1 3 4537 4538 4699 4698
1 3 4538 4539 4700 4699
1 3 4539 4540 4701 4700
1 3 4540 4541 4702 4701
1 3 4541 4542 4703 4702
1 3 4542 4543 4704 4703
1 3 4543 4544 4705 4704
1 3 4544 4545 4706 4705
1 3 4545 4546 4707 4706
1 3 4546 4547 4708 4707
1 3 4547 4548 4709 4708
1 3 4548 4549 4710 4709
1 3 4549 4550 4711 4710
1 3 4550 4551 4712 4711
1 3 4551 4552 4713 4712
1 3 4552 4553 4714 4713
1 3 4553 4554 4715 4714
1 3 4554 4555 4716 4715
1 3 4555 4556 4717 4716
1 3 4556 4557 4718 4717
1 3 4557 4558 4719 4718
1 3 4558 4559 4720 4719
1 3 4559 4560 4721 4720
1 3 4560 4561 4722 4721
1 3 4561 4562 4723 4722
1 3 4562 4563 4724 4723
1 3 4563 4564 4725 4724
1 3 4564 4565 4726 4725
1 3 4565 4566 4727 4726
1 3 4566 4567 4728 4727
1 3 4567 4568 4729 4728
1 3 4568 4569 4730 4729
1 3 4569 4570 4731 4730
1 3 4570 4571 4732 4731
1 3 4571 4572 4733 4732
1 3 4572 4573 4734 4733
1 3 4573 4574 4735 4734
1 3 4574 4575 4736 4735
1 3 4575 4576 4737 4736
1 3 4576 4577 4738 4737
1 3 4577 4578 4739 4738
1 3 4578 4579 4740 4739
1 3 4579 4580 4741 4740
1 3 4580 4581 4742 4741
1 3 4581 4582 4743 4742
1 3 4582 4583 4744 4743
1 3 4583 4584 4745 4744
1 3 4584 4585 4746 4745
1 3 4585 4586 4747 4746
1 3 4586 4587 4748 4747
1 3 4587 4588 4749 4748
1 3 4588 4589 4750 4749
1 3 4589 4590 4751 4750
1 3 4590 4591 4752 4751
1 3 4591 4592 4753 4752
1 3 4592 4593 4754 4753
1 3 4593 4594 4755 4754
1 3 4594 4595 4756 4755
1 3 4595 4596 4757 4756
1 3 4596 4597 4758 4757
1 3 4597 4598 4759 4758
1 3 4598 4599 4760 4759
1 3 4599 4600 4761 4760
1 3 4600 4601 4762 4761
1 3 4601 4602 4763 4762
1 3 4602 4603 4764 4763
1 3 4603 4604 4765 4764
1 3 4604 4605 4766 4765
1 3 4605 4606 4767 4766
1 3 4606 4607 4768 4767
1 3 4607 4608 4769 4768
1 3 4608 4609 4770 4769
1 3 4609 4610 4771 4770
1 3 4610 4611 4772 4771
1 3 4611 4612 4773 4772
1 3 4612 4613 4774 4773
1 3 4613 4614 4775 4774
1 3 4614 4615 4776 4775
1 3 4615 4616 4777 4776
1 3 4616 4617 4778 4777
1 3 4617 4618 4779 4778
1 3 4618 4619 4780 4779
1 3 4619 4620 4781 4780
1 3 4620 4621 4782 4781
1 3 4621 4622 4783 4782
1 3 4622 4623 4784 4783
1 3 4623 4624 4785 4784
1 3 4624 4625 4786 4785
1 3 4625 4626 4787 4786
1 3 4626 4627 4788 4787
1 3 4627 4628 4789 4788
1 3 4628 4629 4790 4789
1 3 4629 4630 4791 4790
1 3 4630 4631 4792 4791
1 3 4631 4632 4793 4792
1 3 4632 4633 4794 4793
1 3 4633 4634 4795 4794
1 3 4634 4635 4796 4795
1 3 4635 4636 4797 4796
1 3 4636 4637 4798 4797
1 3 4637 4638 4799 4798
1 3 4638 4639 4800 4799
1 3 4639 4640 4801 4800
1 3 4640 4641 4802 4801
1 3 4641 4642 4803 4802
1 3 4642 4643 4804 4803
1 3 4643 4644 4805 4804
1 3 4644 4645 4806 4805
1 3 4645 4646 4807 4806
1 3 4646 4647 4808 4807
1 3 4647 4648 4809 4808
1 3 4648 4649 4810 4809
1 3 4649 4650 4811 4810
1 3 4650 4651 4812 4811
1 3 4651 4652 4813 4812
1 3 4652 4653 4814 4813
1 3 4653 4654 4815 4814
1 3 4654 4655 4816 4815
1 3 4655 4656 4817 4816
1 3 4656 4657 4818 4817
1 3 4657 4658 4819 4818
1 3 4658 4659 4820 4819
1 3 4659 4660 4821 4820
1 3 4660 4661 4822 4821
1 3 4661 4662 4823 4822
1 3 4662 4663 4824 4823
1 3 4663 4664 4825 4824
1 3 4664 4665 4826 4825
1 3 4665 4666 4827 4826
1 3 4666 4667 4828 4827
1 3 4667 4668 4829 4828
1 3 4669 4670 4831 4830
1 3 4670 4671 4832 4831
1 3 4671 4672 4833 4832
1 3 4672 4673 4834 4833
1 3 4673 4674 4835 4834
1 3 4674 4675 4836 4835
1 3 4675 4676 4837 4836
1 3 4676 4677 4838 4837
1 3 4677 4678 4839 4838
1 3 4678 4679 4840 4839
1 3 4679 4680 4841 4840
1 3 4680 4681 4842 4841
1 3 4681 4682 4843 4842
1 3 4682 4683 4844 4843
1 3 4683 4684 4845 4844
1 3 4684 4685 4846 4845
1 3 4685 4686 4847 4846
1 3 4686 4687 4848 4847
1 3 4687 4688 4849 4848
1 3 4688 4689 4850 4849
1 3 4689 4690 4851 4850
1 3 4690 4691 4852 4851
1 3 4691 4692 4853 4852
1 3 4692 4693 4854 4853
1 3 4693 4694 4855 4854
1 3 4694 4695 4856 4855
1 3 4695 4696 4857 4856
1 3 4696 4697 4858 4857
1 3 4697 4698 4859 4858
1 3 4698 4699 4860 4859
1 3 4699 4700 4861 4860
1 3 4700 4701 4862 4861
1 3 4701 4702 4863 4862
1 3 4702 4703 4864 4863
1 3 4703 4704 4865 4864
1 3 4704 4705 4866 4865
1 3 4705 4706 4867 4866
1 3 4706 4707 4868 4867
1 3 4707 4708 4869 4868
1 3 4708 4709 4870 4869
1 3 4709 4710 4871 4870
1 3 4710 4711 4872 4871
1 3 4711 4712 4873 4872
1 3 4712 4713 4874 4873
1 3 4713 4714 4875 4874
1 3 4714 4715 4876 4875
1 3 4715 4716 4877 4876
1 3 4716 4717 4878 4877
1 3 4717 4718 4879 4878
1 3 4718 4719 4880 4879
1 3 4719 4720 4881 4880
1 3 4720 4721 4882 4881
1 3 4721 4722 4883 4882
1 3 4722 4723 4884 4883
1 3 4723 4724 4885 4884
1 3 4724 4725 4886 4885
1 3 4725 4726 4887 4886
1 3 4726 4727 4888 4887
1 3 4727 4728 4889 4888
1 3 4728 4729 4890 4889
1 3 4729 4730 4891 4890
1 3 4730 4731 4892 4891
1 3 4731 4732 4893 4892
1 3 4732 4733 4894 4893
1 3 4733 4734 4895 4894
1 3 4734 4735 4896 4895
1 3 4735 4736 4897 4896
1 3 4736 4737 4898 4897
1 3 4737 4738 4899 4898
1 3 4738 4739 4900 4899
1 3 4739 4740 4901 4900
1 3 4740 4741 4902 4901
1 3 4741 4742 4903 4902
1 3 4742 4743 4904 4903
1 3 4743 4744 4905 4904
1 3 4744 4745 4906 4905
1 3 4745 4746 4907 4906
1 3 4746 4747 4908 4907
1 3 4747 4748 4909 4908
1 3 4748 4749 4910 4909
1 3 4749 4750 4911 4910
1 3 4750 4751 4912 4911
1 3 4751 4752 4913 4912
1 3 4752 4753 4914 4913
1 3 4753 4754 4915 4914
1 3 4754 4755 4916 4915
1 3 4755 4756 4917 4916
1 3 4756 4757 4918 4917
1 3 4757 4758 4919 4918
1 3 4758 4759 4920 4919
1 3 4759 4760 4921 4920
1 3 4760 4761 4922 4921
1 3 4761 4762 4923 4922
1 3 4762 4763 4924 4923
1 3 4763 4764 4925 4924
1 3 4764 4765 4926 4925
1 3 4765 4766 4927 4926
1 3 4766 4767 4928 4927
1 3 4767 4768 4929 4928
1 3 4768 4769 4930 4929
1 3 4769 4770 4931 4930
1 3 4770 4771 4932 4931
1 3 4771 4772 4933 4932
1 3 4772 4773 4934 4933
1 3 4773 4774 4935 4934
1 3 4774 4775 4936 4935
1 3 4775 4776 4937 4936
1 3 4776 4777 4938 4937
1 3 4777 4778 4939 4938
1 3 4778 4779 4940 4939
1 3 4779 4780 4941 4940
1 3 4780 4781 4942 4941
1 3 4781 4782 4943 4942
1 3 4782 4783 4944 4943
1 3 4783 4784 4945 4944
1 3 4784 4785 4946 4945
1 3 4785 4786 4947 4946
1 3 4786 4787 4948 4947
1 3 4787 4788 4949 4948
1 3 4788 4789 4950 4949
1 3 4789 4790 4951 4950
1 3 4790 4791 4952 4951
1 3 4791 4792 4953 4952
1 3 4792 4793 4954 4953
1 3 4793 4794 4955 4954
1 3 4794 4795 4956 4955
1 3 4795 4796 4957 4956
1 3 4796 4797 4958 4957
1 3 4797 4798 4959 4958
1 3 4798 4799 4960 4959
1 3 4799 4800 4961 4960
1 3 4800 4801 4962 4961
1 3 4801 4802 4963 4962
1 3 4802 4803 4964 4963
1 3 4803 4804 4965 4964
1 3 4804 4805 4966 4965
1 3 4805 4806 4967 4966
1 3 4806 4807 4968 4967
1 3 4807 4808 4969 4968
1 3 4808 4809 4970 4969
1 3 4809 4810 4971 4970
1 3 4810 4811 4972 4971
1 3 4811 4812 4973 4972
1 3 4812 4813 4974 4973
1 3 4813 4814 4975 4974
1 3 4814 4815 4976 4975
1 3 4815 4816 4977 4976
1 3 4816 4817 4978 4977
1 3 4817 4818 4979 4978
1 3 4818 4819 4980 4979
1 3 4819 4820 4981 4980
1 3 4820 4821 4982 4981
1 3 4821 4822 4983 4982
1 3 4822 4823 4984 4983
1 3 4823 4824 4985 4984
1 3 4824 4825 4986 4985
1 3 4825 4826 4987 4986
1 3 4826 4827 4988 4987
1 3 4827 4828 4989 4988
1 3 4828 4829 4990 4989
1 3 4830 4831 4992 4991
1 3 4831 4832 4993 4992
1 3 4832 4833 4994 4993
1 3 4833 4834 4995 4994
1 3 4834 4835 4996 4995
1 3 4835 4836 4997 4996
1 3 4836 4837 4998 4997
1 3 4837 4838 4999 4998
1 3 4838 4839 5000 4999
1 3 4839 4840 5001 5000
1 3 4840 4841 5002 5001
1 3 4841 4842 5003 5002
1 3 4842 4843 5004 5003
1 3 4843 4844 5005 5004
1 3 4844 4845 5006 5005
1 3 4845 4846 5007 5006
1 3 4846 4847 5008 5007
1 3 4847 4848 5009 5008
1 3 4848 4849 5010 5009
1 3 4849 4850 5011 5010
1 3 4850 4851 5012 5011
1 3 4851 4852 5013 5012
1 3 4852 4853 5014 5013
1 3 4853 4854 5015 5014
1 3 4854 4855 5016 5015
1 3 4855 4856 5017 5016
1 3 4856 4857 5018 5017
1 3 4857 4858 5019 5018
1 3 4858 4859 5020 5019
1 3 4859 4860 5021 5020
1 3 4860 4861 5022 5021
1 3 4861 4862 5023 5022
1 3 4862 4863 5024 5023
1 3 4863 4864 5025 5024
1 3 4864 4865 5026 5025
1 3 4865 4866 5027 5026
1 3 4866 4867 5028 5027
1 3 4867 4868 5029 5028
1 3 4868 4869 5030 5029
1 3 4869 4870 5031 5030
1 3 4870 4871 5032 5031
1 3 4871 4872 5033 5032
1 3 4872 4873 5034 5033
1 3 4873 4874 5035 5034
1 3 4874 4875 5036 5035
1 3 4875 4876 5037 5036
1 3 4876 4877 5038 5037
1 3 4877 4878 5039 5038
1 3 4878 4879 5040 5039
1 3 4879 4880 5041 5040
1 3 4880 4881 5042 5041
1 3 4881 4882 5043 5042
1 3 4882 4883 5044 5043
1 3 4883 4884 5045 5044
1 3 4884 4885 5046 5045
1 3 4885 4886 5047 5046
1 3 4886 4887 5048 5047
1 3 4887 4888 5049 5048
1 3 4888 4889 5050 5049
1 3 4889 4890 5051 5050
1 3 4890 4891 5052 5051
1 3 4891 4892 5053 5052
1 3 4892 4893 5054 5053
1 3 4893 4894 5055 5054
1 3 4894 4895 5056 5055
1 3 4895 4896 5057 5056
1 3 4896 4897 5058 5057
1 3 4897 4898 5059 5058
1 3 4898 4899 5060 5059
1 3 4899 4900 5061 5060
1 3 4900 4901 5062 5061
1 3 4901 4902 5063 5062
1 3 4902 4903 5064 5063
1 3 4903 4904 5065 5064
1 3 4904 4905 5066 5065
1 3 4905 4906 5067 5066
1 3 4906 4907 5068 5067
1 3 4907 4908 5069 5068
1 3 4908 4909 5070 5069
1 3 4909 4910 5071 5070
1 3 4910 4911 5072 5071
1 3 4911 4912 5073 5072
1 3 4912 4913 5074 5073
1 3 4913 4914 5075 5074
1 3 4914 4915 5076 5075
1 3 4915 4916 5077 5076
1 3 4916 4917 5078 5077
1 3 4917 4918 5079 5078
1 3 4918 4919 5080 5079
1 3 4919 4920 5081 5080
1 3 4920 4921 5082 5081
1 3 4921 4922 5083 5082
1 3 4922 4923 5084 5083
1 3 4923 4924 5085 5084
1 3 4924 4925 5086 5085
1 3 4925 4926 5087 5086
1 3 4926 4927 5088 5087
1 3 4927 4928 5089 5088
1 3 4928 4929 5090 5089
1 3 4929 4930 5091 5090
1 3 4930 4931 5092 5091
1 3 4931 4932 5093 5092
1 3 4932 4933 5094 5093
1 3 4933 4934 5095 5094
1 3 4934 4935 5096 5095
1 3 4935 4936 5097 5096
1 3 4936 4937 5098 5097
1 3 4937 4938 5099 5098
1 3 4938 4939 5100 5099
1 3 4939 4940 5101 5100
1 3 4940 4941 5102 5101
1 3 4941 4942 5103 5102
1 3 4942 4943 5104 5103
1 3 4943 4944 5105 5104
1 3 4944 4945 5106 5105
1 3 4945 4946 5107 5106
1 3 4946 4947 5108 5107
1 3 4947 4948 5109 5108
1 3 4948 4949 5110 5109
1 3 4949 4950 5111 5110
1 3 4950 4951 5112 5111
1 3 4951 4952 5113 5112
1 3 4952 4953 5114 5113
1 3 4953 4954 5115 5114
1 3 4954 4955 5116 5115
1 3 4955 4956 5117 5116
1 3 4956 4957 5118 5117
1 3 4957 4958 5119 5118
1 3 4958 4959 5120 5119
1 3 4959 4960 5121 5120
1 3 4960 4961 5122 5121
1 3 4961 4962 5123 5122
1 3 4962 4963 5124 5123
1 3 4963 4964 5125 5124
1 3 4964 4965 5126 5125
1 3 4965 4966 5127 5126
1 3 4966 4967 5128 5127
1 3 4967 4968 5129 5128
1 3 4968 4969 5130 5129
1 3 4969 4970 5131 5130
1 3 4970 4971 5132 5131
1 3 4971 4972 5133 5132
1 3 4972 4973 5134 5133
1 3 4973 4974 5135 5134
1 3 4974 4975 5136 5135
1 3 4975 4976 5137 5136
1 3 4976 4977 5138 5137
1 3 4977 4978 5139 5138
1 3 4978 4979 5140 5139
1 3 4979 4980 5141 5140
1 3 4980 4981 5142 5141
1 3 4981 4982 5143 5142
1 3 4982 4983 5144 5143
1 3 4983 4984 5145 5144
1 3 4984 4985 5146 5145
1 3 4985 4986 5147 5146
1 3 4986 4987 5148 5147
1 3 4987 4988 5149 5148
1 3 4988 4989 5150 5149
1 3 4989 4990 5151 5150
1 3 4991 4992 5153 5152
1 3 4992 4993 5154 5153
1 3 4993 4994 5155 5154
1 3 4994 4995 5156 5155
1 3 4995 4996 5157 5156
1 3 4996 4997 5158 5157
1 3 4997 4998 5159 5158
1 3 4998 4999 5160 5159
1 3 4999 5000 5161 5160
1 3 5000 5001 5162 5161
1 3 5001 5002 5163 5162
1 3 5002 5003 5164 5163
1 3 5003 5004 5165 5164
1 3 5004 5005 5166 5165
1 3 5005 5006 5167 5166
1 3 5006 5007 5168 5167
1 3 5007 5008 5169 5168
1 3 5008 5009 5170 5169
1 3 5009 5010 5171 5170
1 3 5010 5011 5172 5171
1 3 5011 5012 5173 5172
1 3 5012 5013 5174 5173
1 3 5013 5014 5175 5174
1 3 5014 5015 5176 5175
1 3 5015 5016 5177 5176
1 3 5016 5017 5178 5177
1 3 5017 5018 5179 5178
1 3 5018 5019 5180 5179
1 3 5019 5020 5181 5180
1 3 5020 5021 5182 5181
1 3 5021 5022 5183 5182
1 3 5022 5023 5184 5183
1 3 5023 5024 5185 5184
1 3 5024 5025 5186 5185
1 3 5025 5026 5187 5186
1 3 5026 5027 5188 5187
1 3 5027 5028 5189 5188
1 3 5028 5029 5190 5189
1 3 5029 5030 5191 5190
1 3 5030 5031 5192 5191
1 3 5031 5032 5193 5192
1 3 5032 5033 5194 5193
1 3 5033 5034 5195 5194
1 3 5034 5035 5196 5195
1 3 5035 5036 5197 5196
1 3 5036 5037 5198 5197
1 3 5037 5038 5199 5198
1 3 5038 5039 5200 5199
1 3 5039 5040 5201 5200
1 3 5040 5041 5202 5201
1 3 5041 5042 5203 5202
1 3 5042 5043 5204 5203
1 3 5043 5044 5205 5204
1 3 5044 5045 5206 5205
1 3 5045 5046 5207 5206
1 3 5046 5047 5208 5207
1 3 5047 5048 5209 5208
1 3 5048 5049 5210 5209
1 3 5049 5050 5211 5210
1 3 5050 5051 5212 5211
1 3 5051 5052 5213 5212
1 3 5052 5053 5214 5213
1 3 5053 5054 5215 5214
1 3 5054 5055 5216 5215
1 3 5055 5056 5217 5216
1 3 5056 5057 5218 5217
1 3 5057 5058 5219 5218
1 3 5058 5059 5220 5219
1 3 5059 5060 5221 5220
1 3 5060 5061 5222 5221
1 3 5061 5062 5223 5222
1 3 5062 5063 5224 5223
1 3 5063 5064 5225 5224
1 3 5064 5065 5226 5225
1 3 5065 5066 5227 5226
1 3 5066 5067 5228 5227
1 3 5067 5068 5229 5228
1 3 5068 5069 5230 5229
1 3 5069 5070 5231 5230
1 3 5070 5071 5232 5231
1 3 5071 5072 5233 5232
1 3 5072 5073 5234 5233
1 3 5073 5074 5235 5234
1 3 5074 5075 5236 5235
1 3 5075 5076 5237 5236
1 3 5076 5077 5238 5237
1 3 5077 5078 5239 5238
1 3 5078 5079 5240 5239
1 3 5079 5080 5241 5240
1 3 5080 5081 5242 5241
1 3 5081 5082 5243 5242
1 3 5082 5083 5244 5243
1 3 5083 5084 5245 5244
1 3 5084 5085 5246 5245
1 3 5085 5086 5247 5246
1 3 5086 5087 5248 5247
1 3 5087 5088 5249 5248
1 3 5088 5089 5250 5249
1 3 5089 5090 5251 5250
1 3 5090 5091 5252 5251
1 3 5091 5092 5253 5252
1 3 5092 5093 5254 5253
1 3 5093 5094 5255 5254
1 3 5094 5095 5256 5255
1 3 5095 5096 5257 5256
1 3 5096 5097 5258 5257
1 3 5097 5098 5259 5258
1 3 5098 5099 5260 5259
1 3 5099 5100 5261 5260
1 3 5100 5101 5262 5261
1 3 5101 5102 5263 5262
1 3 5102 5103 5264 5263
1 3 5103 5104 5265 5264
1 3 5104 5105 5266 5265
1 3 5105 5106 5267 5266
1 3 5106 5107 5268 5267
1 3 5107 5108 5269 5268
1 3 5108 5109 5270 5269
1 3 5109 5110 5271 5270
1 3 5110 5111 5272 5271
1 3 5111 5112 5273 5272
1 3 5112 5113 5274 5273
1 3 5113 5114 5275 5274
1 3 5114 5115 5276 5275
1 3 5115 5116 5277 5276
1 3 5116 5117 5278 5277
1 3 5117 5118 5279 5278
1 3 5118 5119 5280 5279
1 3 5119 5120 5281 5280
1 3 5120 5121 5282 5281
1 3 5121 5122 5283 5282
1 3 5122 5123 5284 5283
1 3 5123 5124 5285 5284
1 3 5124 5125 5286 5285
1 3 5125 5126 5287 5286
1 3 5126 5127 5288 5287
1 3 5127 5128 5289 5288
1 3 5128 5129 5290 5289
1 3 5129 5130 5291 5290
1 3 5130 5131 5292 5291
1 3 5131 5132 5293 5292
1 3 5132 5133 5294 5293
1 3 5133 5134 5295 5294
1 3 5134 5135 5296 5295
1 3 5135 5136 5297 5296
1 3 5136 5137 5298 5297
1 3 5137 5138 5299 5298
1 3 5138 5139 5300 5299
1 3 5139 5140 5301 5300
1 3 5140 5141 5302 5301
1 3 5141 5142 5303 5302
1 3 5142 5143 5304 5303
1 3 5143 5144 5305 5304
1 3 5144 5145 5306 5305
1 3 5145 5146 5307 5306
1 3 5146 5147 5308 5307
1 3 5147 5148 5309 5308
1 3 5148 5149 5310 5309
1 3 5149 5150 5311 5310
1 3 5150 5151 5312 5311
1 3 5152 5153 5314 5313
1 3 5153 5154 5315 5314
1 3 5154 5155 5316 5315
1 3 5155 5156 5317 5316
1 3 5156 5157 5318 5317
1 3 5157 5158 5319 5318
1 3 5158 5159 5320 5319
1 3 5159 5160 5321 5320
1 3 5160 5161 5322 5321
1 3 5161 5162 5323 5322
1 3 5162 5163 5324 5323
1 3 5163 5164 5325 5324
1 3 5164 5165 5326 5325
1 3 5165 5166 5327 5326
1 3 5166 5167 5328 5327
1 3 5167 5168 5329 5328
1 3 5168 5169 5330 5329
1 3 5169 5170 5331 5330
1 3 5170 5171 5332 5331
1 3 5171 5172 5333 5332
1 3 5172 5173 5334 5333
1 3 5173 5174 5335 5334
1 3 5174 5175 5336 5335
1 3 5175 5176 5337 5336
1 3 5176 5177 5338 5337
1 3 5177 5178 5339 5338
1 3 5178 5179 5340 5339
1 3 5179 5180 5341 5340
1 3 5180 5181 5342 5341
1 3 5181 5182 5343 5342
1 3 5182 5183 5344 5343
1 3 5183 5184 5345 5344
1 3 5184 5185 5346 5345
1 3 5185 5186 5347 5346
1 3 5186 5187 5348 5347
1 3 5187 5188 5349 5348
1 3 5188 5189 5350 5349
1 3 5189 5190 5351 5350
1 3 5190 5191 5352 5351
1 3 5191 5192 5353 5352
1 3 5192 5193 5354 5353
1 3 5193 5194 5355 5354
1 3 5194 5195 5356 5355
1 3 5195 5196 5357 5356
1 3 5196 5197 5358 5357
1 3 5197 5198 5359 5358
1 3 5198 5199 5360 5359
1 3 5199 5200 5361 5360
1 3 5200 5201 5362 5361
1 3 5201 5202 5363 5362
1 3 5202 5203 5364 5363
1 3 5203 5204 5365 5364
1 3 5204 5205 5366 5365
1 3 5205 5206 5367 5366
1 3 5206 5207 5368 5367
1 3 5207 5208 5369 5368
1 3 5208 5209 5370 5369
1 3 5209 5210 5371 5370
1 3 5210 5211 5372 5371
1 3 5211 5212 5373 5372
1 3 5212 5213 5374 5373
1 3 5213 5214 5375 5374
1 3 5214 5215 5376 5375
1 3 5215 5216 5377 5376
1 3 5216 5217 5378 5377
1 3 5217 5218 5379 5378
1 3 5218 5219 5380 5379
1 3 5219 5220 5381 5380
1 3 5220 5221 5382 5381
1 3 5221 5222 5383 5382
1 3 5222 5223 5384 5383
1 3 5223 5224 5385 5384
1 3 5224 5225 5386 5385
1 3 5225 5226 5387 5386
1 3 5226 5227 5388 5387
1 3 5227 5228 5389 5388
1 3 5228 5229 5390 5389
1 3 5229 5230 5391 5390
1 3 5230 5231 5392 5391
1 3 5231 5232 5393 5392
1 3 5232 5233 5394 5393
1 3 5233 5234 5395 5394
1 3 5234 5235 5396 5395
1 3 5235 5236 5397 5396
1 3 5236 5237 5398 5397
1 3 5237 5238 5399 5398
1 3 5238 5239 5400 5399
1 3 5239 5240 5401 5400
1 3 5240 5241 5402 5401
1 3 5241 5242 5403 5402
1 3 5242 5243 5404 5403
1 3 5243 5244 5405 5404
1 3 5244 5245 5406 5405
1 3 5245 5246 5407 5406
1 3 5246 5247 5408 5407
1 3 5247 5248 5409 5408
1 3 5248 5249 5410 5409
1 3 5249 5250 5411 5410
1 3 5250 5251 5412 5411
1 3 5251 5252 5413 5412
1 3 5252 5253 5414 5413
1 3 5253 5254 5415 5414
1 3 5254 5255 5416 5415
1 3 5255 5256 5417 5416
1 3 5256 5257 5418 5417
1 3 5257 5258 5419 5418
1 3 5258 5259 5420 5419
1 3 5259 5260 5421 5420
1 3 5260 5261 5422 5421
1 3 5261 5262 5423 5422
1 3 5262 5263 5424 5423
1 3 5263 5264 5425 5424
1 3 5264 5265 5426 5425
1 3 5265 5266 5427 5426
1 3 5266 5267 5428 5427
1 3 5267 5268 5429 5428
1 3 5268 5269 5430 5429
1 3 5269 5270 5431 5430
1 3 5270 5271 5432 5431
1 3 5271 5272 5433 5432
1 3 5272 5273 5434 5433
1 3 5273 5274 5435 5434
1 3 5274 5275 5436 5435
1 3 5275 5276 5437 5436
1 3 5276 5277 5438 5437
1 3 5277 5278 5439 5438
1 3 5278 5279 5440 5439
1 3 5279 5280 5441 5440
1 3 5280 5281 5442 5441
1 3 5281 5282 5443 5442
1 3 5282 5283 5444 5443
1 3 5283 5284 5445 5444
1 3 5284 5285 5446 5445
1 3 5285 5286 5447 5446
1 3 5286 5287 5448 5447
1 3 5287 5288 5449 5448
1 3 5288 5289 5450 5449
1 3 5289 5290 5451 5450
1 3 5290 5291 5452 5451
1 3 5291 5292 5453 5452
1 3 5292 5293 5454 5453
1 3 5293 5294 5455 5454
1 3 5294 5295 5456 5455
1 3 5295 5296 5457 5456
1 3 5296 5297 5458 5457
1 3 5297 5298 5459 5458
1 3 5298 5299 5460 5459
1 3 5299 5300 5461 5460
1 3 5300 5301 5462 5461
1 3 5301 5302 5463 5462
1 3 5302 5303 5464 5463
1 3 5303 5304 5465 5464
1 3 5304 5305 5466 5465
1 3 5305 5306 5467 5466
1 3 5306 5307 5468 5467
1 3 5307 5308 5469 5468
1 3 5308 5309 5470 5469
1 3 5309 5310 5471 5470
1 3 5310 5311 5472 5471
1 3 5311 5312 5473 5472
1 3 5313 5314 5475 5474
1 3 5314 5315 5476 5475
1 3 5315 5316 5477 5476
1 3 5316 5317 5478 5477
1 3 5317 5318 5479 5478
1 3 5318 5319 5480 5479
1 3 5319 5320 5481 5480
1 3 5320 5321 5482 5481
1 3 5321 5322 5483 5482
1 3 5322 5323 5484 5483
1 3 5323 5324 5485 5484
1 3 5324 5325 5486 5485
1 3 5325 5326 5487 5486
1 3 5326 5327 5488 5487
1 3 5327 5328 5489 5488
1 3 5328 5329 5490 5489
1 3 5329 5330 5491 5490
1 3 5330 5331 5492 5491
1 3 5331 5332 5493 5492
1 3 5332 5333 5494 5493
1 3 5333 5334 5495 5494
1 3 5334 5335 5496 5495
1 3 5335 5336 5497 5496
1 3 5336 5337 5498 5497
1 3 5337 5338 5499 5498
1 3 5338 5339 5500 5499
1 3 5339 5340 5501 5500
1 3 5340 5341 5502 5501
1 3 5341 5342 5503 5502
1 3 5342 5343 5504 5503
1 3 5343 5344 5505 5504
1 3 5344 5345 5506 5505
1 3 5345 5346 5507 5506
1 3 5346 5347 5508 5507
1 3 5347 5348 5509 5508
1 3 5348 5349 5510 5509
1 3 5349 5350 5511 5510
1 3 5350 5351 5512 5511
1 3 5351 5352 5513 5512
1 3 5352 5353 5514 5513
1 3 5353 5354 5515 5514
1 3 5354 5355 5516 5515
1 3 5355 5356 5517 5516
1 3 5356 5357 5518 5517
1 3 5357 5358 5519 5518
1 3 5358 5359 5520 5519
1 3 5359 5360 5521 5520
1 3 5360 5361 5522 5521
1 3 5361 5362 5523 5522
1 3 5362 5363 5524 5523
1 3 5363 5364 5525 5524
1 3 5364 5365 5526 5525
1 3 5365 5366 5527 5526
1 3 5366 5367 5528 5527
1 3 5367 5368 5529 5528
1 3 5368 5369 5530 5529
1 3 5369 5370 5531 5530
1 3 5370 5371 5532 5531
1 3 5371 5372 5533 5532
1 3 5372 5373 5534 5533
1 3 5373 5374 5535 5534
1 3 5374 5375 5536 5535
1 3 5375 5376 5537 5536
1 3 5376 5377 5538 5537
1 3 5377 5378 5539 5538
1 3 5378 5379 5540 5539
1 3 5379 5380 5541 5540
1 3 5380 5381 5542 5541
1 3 5381 5382 5543 5542
1 3 5382 5383 5544 5543
1 3 5383 5384 5545 5544
1 3 5384 5385 5546 5545
1 3 5385 5386 5547 5546
1 3 5386 5387 5548 5547
1 3 5387 5388 5549 5548
1 3 5388 5389 5550 5549
1 3 5389 5390 5551 5550
1 3 5390 5391 5552 5551
1 3 5391 5392 5553 5552
1 3 5392 5393 5554 5553
1 3 5393 5394 5555 5554
1 3 5394 5395 5556 5555
1 3 5395 5396 5557 5556
1 3 5396 5397 5558 5557
1 3 5397 5398 5559 5558
1 3 5398 5399 5560 5559
1 3 5399 5400 5561 5560
1 3 5400 5401 5562 5561
1 3 5401 5402 5563 5562
1 3 5402 5403 5564 5563
1 3 5403 5404 5565 5564
1 3 5404 5405 5566 5565
1 3 5405 5406 5567 5566
1 3 5406 5407 5568 5567
1 3 5407 5408 5569 5568
1 3 5408 5409 5570 5569
1 3 5409 5410 5571 5570
1 3 5410 5411 5572 5571
1 3 5411 5412 5573 5572
1 3 5412 5413 5574 5573
1 3 5413 5414 5575 5574
1 3 5414 5415 5576 5575
1 3 5415 5416 5577 5576
1 3 5416 5417 5578 5577
1 3 5417 5418 5579 5578
1 3 5418 5419 5580 5579
1 3 5419 5420 5581 5580
1 3 5420 5421 5582 5581
1 3 5421 5422 5583 5582
1 3 5422 5423 5584 5583
1 3 5423 5424 5585 5584
1 3 5424 5425 5586 5585
1 3 5425 5426 5587 5586
1 3 5426 5427 5588 5587
1 3 5427 5428 5589 5588
1 3 5428 5429 5590 5589
1 3 5429 5430 5591 5590
1 3 5430 5431 5592 5591
1 3 5431 5432 5593 5592
1 3 5432 5433 5594 5593
1 3 5433 5434 5595 5594
1 3 5434 5435 5596 5595
1 3 5435 5436 5597 5596
1 3 5436 5437 5598 5597
1 3 5437 5438 5599 5598
1 3 5438 5439 5600 5599
1 3 5439 5440 5601 5600
1 3 5440 5441 5602 5601
1 3 5441 5442 5603 5602
1 3 5442 5443 5604 5603
1 3 5443 5444 5605 5604
1 3 5444 5445 5606 5605
1 3 5445 5446 5607 5606
1 3 5446 5447 5608 5607
1 3 5447 5448 5609 5608
1 3 5448 5449 5610 5609
1 3 5449 5450 5611 5610
1 3 5450 5451 5612 5611
1 3 5451 5452 5613 5612
1 3 5452 5453 5614 5613
1 3 5453 5454 5615 5614
1 3 5454 5455 5616 5615
1 3 5455 5456 5617 5616
1 3 5456 5457 5618 5617
1 3 5457 5458 5619 5618
1 3 5458 5459 5620 5619
1 3 5459 5460 5621 5620
1 3 5460 5461 5622 5621
1 3 5461 5462 5623 5622
1 3 5462 5463 5624 5623
1 3 5463 5464 5625 5624
1 3 5464 5465 5626 5625
1 3 5465 5466 5627 5626
1 3 5466 5467 5628 5627
1 3 5467 5468 5629 5628
1 3 5468 5469 5630 5629
1 3 5469 5470 5631 5630
1 3 5470 5471 5632 5631
1 3 5471 5472 5633 5632
1 3 5472 5473 5634 5633
1 3 5474 5475 5636 5635
1 3 5475 5476 5637 5636
1 3 5476 5477 5638 5637
1 3 5477 5478 5639 5638
1 3 5478 5479 5640 5639
1 3 5479 5480 5641 5640
1 3 5480 5481 5642 5641
1 3 5481 5482 5643 5642
1 3 5482 5483 5644 5643
1 3 5483 5484 5645 5644
1 3 5484 5485 5646 5645
1 3 5485 5486 5647 5646
1 3 5486 5487 5648 5647
1 3 5487 5488 5649 5648
1 3 5488 5489 5650 5649
1 3 5489 5490 5651 5650
1 3 5490 5491 5652 5651
1 3 5491 5492 5653 5652
1 3 5492 5493 5654 5653
1 3 5493 5494 5655 5654
1 3 5494 5495 5656 5655
1 3 5495 5496 5657 5656
1 3 5496 5497 5658 5657
1 3 5497 5498 5659 5658
1 3 5498 5499 5660 5659
1 3 5499 5500 5661 5660
1 3 5500 5501 5662 5661
1 3 5501 5502 5663 5662
1 3 5502 5503 5664 5663
1 3 5503 5504 5665 5664
1 3 5504 5505 5666 5665
1 3 5505 5506 5667 5666
1 3 5506 5507 5668 5667
1 3 5507 5508 5669 5668
1 3 5508 5509 5670 5669
1 3 5509 5510 5671 5670
1 3 5510 5511 5672 5671
1 3 5511 5512 5673 5672
1 3 5512 5513 5674 5673
1 3 5513 5514 5675 5674
1 3 5514 5515 5676 5675
1 3 5515 5516 5677 5676
1 3 5516 5517 5678 5677
1 3 5517 5518 5679 5678
1 3 5518 5519 5680 5679
1 3 5519 5520 5681 5680
1 3 5520 5521 5682 5681
1 3 5521 5522 5683 5682
1 3 5522 5523 5684 5683
1 3 5523 5524 5685 5684
1 3 5524 5525 5686 5685
1 3 5525 5526 5687 5686
1 3 5526 5527 5688 5687
1 3 5527 5528 5689 5688
1 3 5528 5529 5690 5689
1 3 5529 5530 5691 5690
1 3 5530 5531 5692 5691
1 3 5531 5532 5693 5692
1 3 5532 5533 5694 5693
1 3 5533 5534 5695 5694
1 3 5534 5535 5696 5695
1 3 5535 5536 5697 5696
1 3 5536 5537 5698 5697
1 3 5537 5538 5699 5698
1 3 5538 5539 5700 5699
1 3 5539 5540 5701 5700
1 3 5540 5541 5702 5701
1 3 5541 5542 5703 5702
1 3 5542 5543 5704 5703
1 3 5543 5544 5705 5704
1 3 5544 5545 5706 5705
1 3 5545 5546 5707 5706
1 3 5546 5547 5708 5707
1 3 5547 5548 5709 5708
1 3 5548 5549 5710 5709
1 3 5549 5550 5711 5710
1 3 5550 5551 5712 5711
1 3 5551 5552 5713 5712
1 3 5552 5553 5714 5713
1 3 5553 5554 5715 5714
1 3 5554 5555 5716 5715
1 3 5555 5556 5717 5716
1 3 5556 5557 5718 5717
1 3 5557 5558 5719 5718
1 3 5558 5559 5720 5719
1 3 5559 5560 5721 5720
1 3 5560 5561 5722 5721
1 3 5561 5562 5723 5722
1 3 5562 5563 5724 5723
1 3 5563 5564 5725 5724
1 3 5564 5565 5726 5725
1 3 5565 5566 5727 5726
1 3 5566 5567 5728 5727
1 3 5567 5568 5729 5728
1 3 5568 5569 5730 5729
1 3 5569 5570 5731 5730
1 3 5570 5571 5732 5731
1 3 5571 5572 5733 5732
1 3 5572 5573 5734 5733
1 3 5573 5574 5735 5734
1 3 5574 5575 5736 5735
1 3 5575 5576 5737 5736
1 3 5576 5577 5738 5737
1 3 5577 5578 5739 5738
1 3 5578 5579 5740 5739
1 3 5579 5580 5741 5740
1 3 5580 5581 5742 5741
1 3 5581 5582 5743 5742
1 3 5582 5583 5744 5743
1 3 5583 5584 5745 5744
1 3 5584 5585 5746 5745
1 3 5585 5586 5747 5746
1 3 5586 5587 5748 5747
1 3 5587 5588 5749 5748
1 3 5588 5589 5750 5749
1 3 5589 5590 5751 5750
1 3 5590 5591 5752 5751
1 3 5591 5592 5753 5752
1 3 5592 5593 5754 5753
1 3 5593 5594 5755 5754
1 3 5594 5595 5756 5755
1 3 5595 5596 5757 5756
1 3 5596 5597 5758 5757
1 3 5597 5598 5759 5758
1 3 5598 5599 5760 5759
1 3 5599 5600 5761 5760
1 3 5600 5601 5762 5761
1 3 5601 5602 5763 5762
1 3 5602 5603 5764 5763
1 3 5603 5604 5765 5764
1 3 5604 5605 5766 5765
1 3 5605 5606 5767 5766
1 3 5606 5607 5768 5767
1 3 5607 5608 5769 5768
1 3 5608 5609 5770 5769
1 3 5609 5610 5771 5770
1 3 5610 5611 5772 5771
1 3 5611 5612 5773 5772
1 3 5612 5613 5774 5773
1 3 5613 5614 5775 5774
1 3 5614 5615 5776 5775
1 3 5615 5616 5777 5776
1 3 5616 5617 5778 5777
1 3 5617 5618 5779 5778
1 3 5618 5619 5780 5779
1 3 5619 5620 5781 5780
1 3 5620 5621 5782 5781
1 3 5621 5622 5783 5782
1 3 5622 5623 5784 5783
1 3 5623 5624 5785 5784
1 3 5624 5625 5786 5785
1 3 5625 5626 5787 5786
1 3 5626 5627 5788 5787
1 3 5627 5628 5789 5788
1 3 5628 5629 5790 5789
1 3 5629 5630 5791 5790
1 3 5630 5631 5792 5791
1 3 5631 5632 5793 5792
1 3 5632 5633 5794 5793
1 3 5633 5634 5795 5794
1 3 5635 5636 5797 5796
1 3 5636 5637 5798 5797
1 3 5637 5638 5799 5798
1 3 5638 5639 5800 5799
1 3 5639 5640 5801 5800
1 3 5640 5641 5802 5801
1 3 5641 5642 5803 5802
1 3 5642 5643 5804 5803
1 3 5643 5644 5805 5804
1 3 5644 5645 5806 5805
1 3 5645 5646 5807 5806
1 3 5646 5647 5808 5807
1 3 5647 5648 5809 5808
1 3 5648 5649 5810 5809
1 3 5649 5650 5811 5810
1 3 5650 5651 5812 5811
1 3 5651 5652 5813 5812
1 3 5652 5653 5814 5813
1 3 5653 5654 5815 5814
1 3 5654 5655 5816 5815
1 3 5655 5656 5817 5816
1 3 5656 5657 5818 5817
1 3 5657 5658 5819 5818
1 3 5658 5659 5820 5819
1 3 5659 5660 5821 5820
1 3 5660 5661 5822 5821
1 3 5661 5662 5823 5822
1 3 5662 5663 5824 5823
1 3 5663 5664 5825 5824
1 3 5664 5665 5826 5825
1 3 5665 5666 5827 5826
1 3 5666 5667 5828 5827
1 3 5667 5668 5829 5828
1 3 5668 5669 5830 5829
1 3 5669 5670 5831 5830
1 3 5670 5671 5832 5831
1 3 5671 5672 5833 5832
1 3 5672 5673 5834 5833
1 3 5673 5674 5835 5834
1 3 5674 5675 5836 5835
1 3 5675 5676 5837 5836
1 3 5676 5677 5838 5837
1 3 5677 5678 5839 5838
1 3 5678 5679 5840 5839
1 3 5679 5680 5841 5840
1 3 5680 5681 5842 5841
1 3 5681 5682 5843 5842
1 3 5682 5683 5844 5843
1 3 5683 5684 5845 5844
1 3 5684 5685 5846 5845
1 3 5685 5686 5847 5846
1 3 5686 5687 5848 5847
1 3 5687 5688 5849 5848
1 3 5688 5689 5850 5849
1 3 5689 5690 5851 5850
1 3 5690 5691 5852 5851
1 3 5691 5692 5853 5852
1 3 5692 5693 5854 5853
1 3 5693 5694 5855 5854
1 3 5694 5695 5856 5855
1 3 5695 5696 5857 5856
1 3 5696 5697 5858 5857
1 3 5697 5698 5859 5858
1 3 5698 5699 5860 5859
1 3 5699 5700 5861 5860
1 3 5700 5701 5862 5861
1 3 5701 5702 5863 5862
1 3 5702 5703 5864 5863
1 3 5703 5704 5865 5864
1 3 5704 5705 5866 5865
1 3 5705 5706 5867 5866
1 3 5706 5707 5868 5867
1 3 5707 5708 5869 5868
1 3 5708 5709 5870 5869
1 3 5709 5710 5871 5870
1 3 5710 5711 5872 5871
1 3 5711 5712 5873 5872
1 3 5712 5713 5874 5873
1 3 5713 5714 5875 5874
1 3 5714 5715 5876 5875
1 3 5715 5716 5877 5876
1 3 5716 5717 5878 5877
1 3 5717 5718 5879 5878
1 3 5718 5719 5880 5879
1 3 5719 5720 5881 5880
1 3 5720 5721 5882 5881
1 3 5721 5722 5883 5882
1 3 5722 5723 5884 5883
1 3 5723 5724 5885 5884
1 3 5724 5725 5886 5885
1 3 5725 5726 5887 5886
1 3 5726 5727 5888 5887
1 3 5727 5728 5889 5888
1 3 5728 5729 5890 5889
1 3 5729 5730 5891 5890
1 3 5730 5731 5892 5891
1 3 5731 5732 5893 5892
1 3 5732 5733 5894 5893
1 3 5733 5734 5895 5894
1 3 5734 5735 5896 5895
1 3 5735 5736 5897 5896
1 3 5736 5737 5898 5897
1 3 5737 5738 5899 5898
1 3 5738 5739 5900 5899
1 3 5739 5740 5901 5900
1 3 5740 5741 5902 5901
1 3 5741 5742 5903 5902
1 3 5742 5743 5904 5903
1 3 5743 5744 5905 5904
1 3 5744 5745 5906 5905
1 3 5745 5746 5907 5906
1 3 5746 5747 5908 5907
1 3 5747 5748 5909 5908
1 3 5748 5749 5910 5909
1 3 5749 5750 5911 5910
1 3 5750 5751 5912 5911
1 3 5751 5752 5913 5912
1 3 5752 5753 5914 5913
1 3 5753 5754 5915 5914
1 3 5754 5755 5916 5915
1 3 5755 5756 5917 5916
1 3 5756 5757 5918 5917
1 3 5757 5758 5919 5918
1 3 5758 5759 5920 5919
1 3 5759 5760 5921 5920
1 3 5760 5761 5922 5921
1 3 5761 5762 5923 5922
1 3 5762 5763 5924 5923
1 3 5763 5764 5925 5924
1 3 5764 5765 5926 5925
1 3 5765 5766 5927 5926
1 3 5766 5767 5928 5927
1 3 5767 5768 5929 5928
1 3 5768 5769 5930 5929
1 3 5769 5770 5931 5930
1 3 5770 5771 5932 5931
1 3 5771 5772 5933 5932
1 3 5772 5773 5934 5933
1 3 5773 5774 5935 5934
1 3 5774 5775 5936 5935
1 3 5775 5776 5937 5936
1 3 5776 5777 5938 5937
1 3 5777 5778 5939 5938
1 3 5778 5779 5940 5939
1 3 5779 5780 5941 5940
1 3 5780 5781 5942 5941
1 3 5781 5782 5943 5942
1 3 5782 5783 5944 5943
1 3 5783 5784 5945 5944
1 3 5784 5785 5946 5945
1 3 5785 5786 5947 5946
1 3 5786 5787 5948 5947
1 3 5787 5788 5949 5948
1 3 5788 5789 5950 5949
1 3 5789 5790 5951 5950
1 3 5790 5791 5952 5951
1 3 5791 5792 5953 5952
1 3 5792 5793 5954 5953
1 3 5793 5794 5955 5954
1 3 5794 5795 5956 5955
1 3 5796 5797 5958 5957
1 3 5797 5798 5959 5958
1 3 5798 5799 5960 5959
1 3 5799 5800 5961 5960
1 3 5800 5801 5962 5961
1 3 5801 5802 5963 5962
1 3 5802 5803 5964 5963
1 3 5803 5804 5965 5964
1 3 5804 5805 5966 5965
1 3 5805 5806 5967 5966
1 3 5806 5807 5968 5967
1 3 5807 5808 5969 5968
1 3 5808 5809 5970 5969
1 3 5809 5810 5971 5970
1 3 5810 5811 5972 5971
1 3 5811 5812 5973 5972
1 3 5812 5813 5974 5973
1 3 5813 5814 5975 5974
1 3 5814 5815 5976 5975
1 3 5815 5816 5977 5976
1 3 5816 5817 5978 5977
1 3 5817 5818 5979 5978
1 3 5818 5819 5980 5979
1 3 5819 5820 5981 5980
1 3 5820 5821 5982 5981
1 3 5821 5822 5983 5982
1 3 5822 5823 5984 5983
1 3 5823 5824 5985 5984
1 3 5824 5825 5986 5985
1 3 5825 5826 5987 5986
1 3 5826 5827 5988 5987
1 3 5827 5828 5989 5988
1 3 5828 5829 5990 5989
1 3 5829 5830 5991 5990
1 3 5830 5831 5992 5991
1 3 5831 5832 5993 5992
1 3 5832 5833 5994 5993
1 3 5833 5834 5995 5994
1 3 5834 5835 5996 5995
1 3 5835 5836 5997 5996
1 3 5836 5837 5998 5997
1 3 5837 5838 5999 5998
1 3 5838 5839 6000 5999
1 3 5839 5840 6001 6000
1 3 5840 5841 6002 6001
1 3 5841 5842 6003 6002
1 3 5842 5843 6004 6003
1 3 5843 5844 6005 6004
1 3 5844 5845 6006 6005
1 3 5845 5846 6007 6006
1 3 5846 5847 6008 6007
1 3 5847 5848 6009 6008
1 3 5848 5849 6010 6009
1 3 5849 5850 6011 6010
1 3 5850 5851 6012 6011
1 3 5851 5852 6013 6012
1 3 5852 5853 6014 6013
1 3 5853 5854 6015 6014
1 3 5854 5855 6016 6015
1 3 5855 5856 6017 6016
1 3 5856 5857 6018 6017
1 3 5857 5858 6019 6018
1 3 5858 5859 6020 6019
1 3 5859 5860 6021 6020
1 3 5860 5861 6022 6021
1 3 5861 5862 6023 6022
1 3 5862 5863 6024 6023
1 3 5863 5864 6025 6024
1 3 5864 5865 6026 6025
1 3 5865 5866 6027 6026
1 3 5866 5867 6028 6027
1 3 5867 5868 6029 6028
1 3 5868 5869 6030 6029
1 3 5869 5870 6031 6030
1 3 5870 5871 6032 6031
1 3 5871 5872 6033 6032
1 3 5872 5873 6034 6033
1 3 5873 5874 6035 6034
1 3 5874 5875 6036 6035
1 3 5875 5876 6037 6036
1 3 5876 5877 6038 6037
1 3 5877 5878 6039 6038
1 3 5878 5879 6040 6039
1 3 5879 5880 6041 6040
1 3 5880 5881 6042 6041
1 3 5881 5882 6043 6042
1 3 5882 5883 6044 6043
1 3 5883 5884 6045 6044
1 3 5884 5885 6046 6045
1 3 5885 5886 6047 6046
1 3 5886 5887 6048 6047
1 3 5887 5888 6049 6048
1 3 5888 5889 6050 6049
1 3 5889 5890 6051 6050
1 3 5890 5891 6052 6051
1 3 5891 5892 6053 6052
1 3 5892 5893 6054 6053
1 3 5893 5894 6055 6054
1 3 5894 5895 6056 6055
1 3 5895 5896 6057 6056
1 3 5896 5897 6058 6057
1 3 5897 5898 6059 6058
1 3 5898 5899 6060 6059
1 3 5899 5900 6061 6060
1 3 5900 5901 6062 6061
1 3 5901 5902 6063 6062
1 3 5902 5903 6064 6063
1 3 5903 5904 6065 6064
1 3 5904 5905 6066 6065
1 3 5905 5906 6067 6066
1 3 5906 5907 6068 6067
1 3 5907 5908 6069 6068
1 3 5908 5909 6070 6069
1 3 5909 5910 6071 6070
1 3 5910 5911 6072 6071
1 3 5911 5912 6073 6072
1 3 5912 5913 6074 6073
1 3 5913 5914 6075 6074
1 3 5914 5915 6076 6075
1 3 5915 5916 6077 6076
1 3 5916 5917 6078 6077
1 3 5917 5918 6079 6078
1 3 5918 5919 6080 6079
1 3 5919 5920 6081 6080
1 3 5920 5921 6082 6081
1 3 5921 5922 6083 6082
1 3 5922 5923 6084 6083
1 3 5923 5924 6085 6084
1 3 5924 5925 6086 6085
1 3 5925 5926 6087 6086
1 3 5926 5927 6088 6087
1 3 5927 5928 6089 6088
1 3 5928 5929 6090 6089
1 3 5929 5930 6091 6090
1 3 5930 5931 6092 6091
1 3 5931 5932 6093 6092
1 3 5932 5933 6094 6093
1 3 5933 5934 6095 6094
1 3 5934 5935 6096 6095
1 3 5935 5936 6097 6096
1 3 5936 5937 6098 6097
1 3 5937 5938 6099 6098
1 3 5938 5939 6100 6099
1 3 5939 5940 6101 6100
1 3 5940 5941 6102 6101
1 3 5941 5942 6103 6102
1 3 5942 5943 6104 6103
1 3 5943 5944 6105 6104
1 3 5944 5945 6106 6105
1 3 5945 5946 6107 6106
1 3 5946 5947 6108 6107
1 3 5947 5948 6109 6108
1 3 5948 5949 6110 6109
1 3 5949 5950 6111 6110
1 3 5950 5951 6112 6111
1 3 5951 5952 6113 6112
1 3 5952 5953 6114 6113
1 3 5953 5954 6115 6114
1 3 5954 5955 6116 6115
1 3 5955 5956 6117 6116
1 3 5957 5958 6119 6118
1 3 5958 5959 6120 6119
1 3 5959 5960 6121 6120
1 3 5960 5961 6122 6121
1 3 5961 5962 6123 6122
1 3 5962 5963 6124 6123
1 3 5963 5964 6125 6124
1 3 5964 5965 6126 6125
1 3 5965 5966 6127 6126
1 3 5966 5967 6128 6127
1 3 5967 5968 6129 6128
1 3 5968 5969 6130 6129
1 3 5969 5970 6131 6130
1 3 5970 5971 6132 6131
1 3 5971 5972 6133 6132
1 3 5972 5973 6134 6133
1 3 5973 5974 6135 6134
1 3 5974 5975 6136 6135
1 3 5975 5976 6137 6136
1 3 5976 5977 6138 6137
1 3 5977 5978 6139 6138
1 3 5978 5979 6140 6139
1 3 5979 5980 6141 6140
1 3 5980 5981 6142 6141
1 3 5981 5982 6143 6142
1 3 5982 5983 6144 6143
1 3 5983 5984 6145 6144
1 3 5984 5985 6146 6145
1 3 5985 5986 6147 6146
1 3 5986 5987 6148 6147
1 3 5987 5988 6149 6148
1 3 5988 5989 6150 6149
1 3 5989 5990 6151 6150
1 3 5990 5991 6152 6151
1 3 5991 5992 6153 6152
1 3 5992 5993 6154 6153
1 3 5993 5994 6155 6154
1 3 5994 5995 6156 6155
1 3 5995 5996 6157 6156
1 3 5996 5997 6158 6157
1 3 5997 5998 6159 6158
1 3 5998 5999 6160 6159
1 3 5999 6000 6161 6160
1 3 6000 6001 6162 6161
1 3 6001 6002 6163 6162
1 3 6002 6003 6164 6163
1 3 6003 6004 6165 6164
1 3 6004 6005 6166 6165
1 3 6005 6006 6167 6166
1 3 6006 6007 6168 6167
1 3 6007 6008 6169 6168
1 3 6008 6009 6170 6169
1 3 6009 6010 6171 6170
1 3 6010 6011 6172 6171
1 3 6011 6012 6173 6172
1 3 6012 6013 6174 6173
1 3 6013 6014 6175 6174
1 3 6014 6015 6176 6175
1 3 6015 6016 6177 6176
1 3 6016 6017 6178 6177
1 3 6017 6018 6179 6178
1 3 6018 6019 6180 6179
1 3 6019 6020 6181 6180
1 3 6020 6021 6182 6181
1 3 6021 6022 6183 6182
1 3 6022 6023 6184 6183
1 3 6023 6024 6185 6184
1 3 6024 6025 6186 6185
1 3 6025 6026 6187 6186
1 3 6026 6027 6188 6187
1 3 6027 6028 6189 6188
1 3 6028 6029 6190 6189
1 3 6029 6030 6191 6190
1 3 6030 6031 6192 6191
1 3 6031 6032 6193 6192
1 3 6032 6033 6194 6193
1 3 6033 6034 6195 6194
1 3 6034 6035 6196 6195
1 3 6035 6036 6197 6196
1 3 6036 6037 6198 6197
1 3 6037 6038 6199 6198
1 3 6038 6039 6200 6199
1 3 6039 6040 6201 6200
1 3 6040 6041 6202 6201
1 3 6041 6042 6203 6202
1 3 6042 6043 6204 6203
1 3 6043 6044 6205 6204
1 3 6044 6045 6206 6205
1 3 6045 6046 6207 6206
1 3 6046 6047 6208 6207
1 3 6047 6048 6209 6208
1 3 6048 6049 6210 6209
1 3 6049 6050 6211 6210
1 3 6050 6051 6212 6211
1 3 6051 6052 6213 6212
1 3 6052 6053 6214 6213
1 3 6053 6054 6215 6214
1 3 6054 6055 6216 6215
1 3 6055 6056 6217 6216
1 3 6056 6057 6218 6217
1 3 6057 6058 6219 6218
1 3 6058 6059 6220 6219
1 3 6059 6060 6221 6220
1 3 6060 6061 6222 6221
1 3 6061 6062 6223 6222
1 3 6062 6063 6224 6223
1 3 6063 6064 6225 6224
1 3 6064 6065 6226 6225
1 3 6065 6066 6227 6226
1 3 6066 6067 6228 6227
1 3 6067 6068 6229 6228
1 3 6068 6069 6230 6229
1 3 6069 6070 6231 6230
1 3 6070 6071 6232 6231
1 3 6071 6072 6233 6232
1 3 6072 6073 6234 6233
1 3 6073 6074 6235 6234
1 3 6074 6075 6236 6235
1 3 6075 6076 6237 6236
1 3 6076 6077 6238 6237
1 3 6077 6078 6239 6238
1 3 6078 6079 6240 6239
1 3 6079 6080 6241 6240
1 3 6080 6081 6242 6241
1 3 6081 6082 6243 6242
1 3 6082 6083 6244 6243
1 3 6083 6084 6245 6244
1 3 6084 6085 6246 6245
1 3 6085 6086 6247 6246
1 3 6086 6087 6248 6247
1 3 6087 6088 6249 6248
1 3 6088 6089 6250 6249
1 3 6089 6090 6251 6250
1 3 6090 6091 6252 6251
1 3 6091 6092 6253 6252
1 3 6092 6093 6254 6253
1 3 6093 6094 6255 6254
1 3 6094 6095 6256 6255
1 3 6095 6096 6257 6256
1 3 6096 6097 6258 6257
1 3 6097 6098 6259 6258
1 3 6098 6099 6260 6259
1 3 6099 6100 6261 6260
1 3 6100 6101 6262 6261
1 3 6101 6102 6263 6262
1 3 6102 6103 6264 6263
1 3 6103 6104 6265 6264
1 3 6104 6105 6266 6265
1 3 6105 6106 6267 6266
1 3 6106 6107 6268 6267
1 3 6107 6108 6269 6268
1 3 6108 6109 6270 6269
1 3 6109 6110 6271 6270
1 3 6110 6111 6272 6271
1 3 6111 6112 6273 6272
1 3 6112 6113 6274 6273
1 3 6113 6114 6275 6274
1 3 6114 6115 6276 6275
1 3 6115 6116 6277 6276
1 3 6116 6117 6278 6277
1 3 6118 6119 6280 6279
1 3 6119 6120 6281 6280
1 3 6120 6121 6282 6281
1 3 6121 6122 6283 6282
1 3 6122 6123 6284 6283
1 3 6123 6124 6285 6284
1 3 6124 6125 6286 6285
1 3 6125 6126 6287 6286
1 3 6126 6127 6288 6287
1 3 6127 6128 6289 6288
1 3 6128 6129 6290 6289
1 3 6129 6130 6291 6290
1 3 6130 6131 6292 6291
1 3 6131 6132 6293 6292
1 3 6132 6133 6294 6293
1 3 6133 6134 6295 6294
1 3 6134 6135 6296 6295
1 3 6135 6136 6297 6296
1 3 6136 6137 6298 6297
1 3 6137 6138 6299 6298
1 3 6138 6139 6300 6299
1 3 6139 6140 6301 6300
1 3 6140 6141 6302 6301
1 3 6141 6142 6303 6302
1 3 6142 6143 6304 6303
1 3 6143 6144 6305 6304
1 3 6144 6145 6306 6305
1 3 6145 6146 6307 6306
1 3 6146 6147 6308 6307
1 3 6147 6148 6309 6308
1 3 6148 6149 6310 6309
1 3 6149 6150 6311 6310
1 3 6150 6151 6312 6311
1 3 6151 6152 6313 6312
1 3 6152 6153 6314 6313
1 3 6153 6154 6315 6314
1 3 6154 6155 6316 6315
1 3 6155 6156 6317 6316
1 3 6156 6157 6318 6317
1 3 6157 6158 6319 6318
1 3 6158 6159 6320 6319
1 3 6159 6160 6321 6320
1 3 6160 6161 6322 6321
1 3 6161 6162 6323 6322
1 3 6162 6163 6324 6323
1 3 6163 6164 6325 6324
1 3 6164 6165 6326 6325
1 3 6165 6166 6327 6326
1 3 6166 6167 6328 6327
1 3 6167 6168 6329 6328
1 3 6168 6169 6330 6329
1 3 6169 6170 6331 6330
1 3 6170 6171 6332 6331
1 3 6171 6172 6333 6332
1 3 6172 6173 6334 6333
1 3 6173 6174 6335 6334
1 3 6174 6175 6336 6335
1 3 6175 6176 6337 6336
1 3 6176 6177 6338 6337
1 3 6177 6178 6339 6338
1 3 6178 6179 6340 6339
1 3 6179 6180 6341 6340
1 3 6180 6181 6342 6341
1 3 6181 6182 6343 6342
1 3 6182 6183 6344 6343
1 3 6183 6184 6345 6344
1 3 6184 6185 6346 6345
1 3 6185 6186 6347 6346
1 3 6186 6187 6348 6347
1 3 6187 6188 6349 6348
1 3 6188 6189 6350 6349
1 3 6189 6190 6351 6350
1 3 6190 6191 6352 6351
1 3 6191 6192 6353 6352
1 3 6192 6193 6354 6353
1 3 6193 6194 6355 6354
1 3 6194 6195 6356 6355
1 3 6195 6196 6357 6356
1 3 6196 6197 6358 6357
1 3 6197 6198 6359 6358
1 3 6198 6199 6360 6359
1 3 6199 6200 6361 6360
1 3 6200 6201 6362 6361
1 3 6201 6202 6363 6362
1 3 6202 6203 6364 6363
1 3 6203 6204 6365 6364
1 3 6204 6205 6366 6365
1 3 6205 6206 6367 6366
1 3 6206 6207 6368 6367
1 3 6207 6208 6369 6368
1 3 6208 6209 6370 6369
1 3 6209 6210 6371 6370
1 3 6210 6211 6372 6371
1 3 6211 6212 6373 6372
1 3 6212 6213 6374 6373
1 3 6213 6214 6375 6374
1 3 6214 6215 6376 6375
1 3 6215 6216 6377 6376
1 3 6216 6217 6378 6377
1 3 6217 6218 6379 6378
1 3 6218 6219 6380 6379
1 3 6219 6220 6381 6380
1 3 6220 6221 6382 6381
1 3 6221 6222 6383 6382
1 3 6222 6223 6384 6383
1 3 6223 6224 6385 6384
1 3 6224 6225 6386 6385
1 3 6225 6226 6387 6386
1 3 6226 6227 6388 6387
1 3 6227 6228 6389 6388
1 3 6228 6229 6390 6389
1 3 6229 6230 6391 6390
1 3 6230 6231 6392 6391
1 3 6231 6232 6393 6392
1 3 6232 6233 6394 6393
1 3 6233 6234 6395 6394
1 3 6234 6235 6396 6395
1 3 6235 6236 6397 6396
1 3 6236 6237 6398 6397
1 3 6237 6238 6399 6398
1 3 6238 6239 6400 6399
1 3 6239 6240 6401 6400
1 3 6240 6241 6402 6401
1 3 6241 6242 6403 6402
1 3 6242 6243 6404 6403
1 3 6243 6244 6405 6404
1 3 6244 6245 6406 6405
1 3 6245 6246 6407 6406
1 3 6246 6247 6408 6407
1 3 6247 6248 6409 6408
1 3 6248 6249 6410 6409
1 3 6249 6250 6411 6410
1 3 6250 6251 6412 6411
1 3 6251 6252 6413 6412
1 3 6252 6253 6414 6413
1 3 6253 6254 6415 6414
1 3 6254 6255 6416 6415
1 3 6255 6256 6417 6416
1 3 6256 6257 6418 6417
1 3 6257 6258 6419 6418
1 3 6258 6259 6420 6419
1 3 6259 6260 6421 6420
1 3 6260 6261 6422 6421
1 3 6261 6262 6423 6422
1 3 6262 6263 6424 6423
1 3 6263 6264 6425 6424
1 3 6264 6265 6426 6425
1 3 6265 6266 6427 6426
1 3 6266 6267 6428 6427
1 3 6267 6268 6429 6428
1 3 6268 6269 6430 6429
1 3 6269 6270 6431 6430
1 3 6270 6271 6432 6431
1 3 6271 6272 6433 6432
1 3 6272 6273 6434 6433
1 3 6273 6274 6435 6434
1 3 6274 6275 6436 6435
1 3 6275 6276 6437 6436
1 3 6276 6277 6438 6437
1 3 6277 6278 6439 6438
1 3 6279 6280 6441 6440
1 3 6280 6281 6442 6441
1 3 6281 6282 6443 6442
1 3 6282 6283 6444 6443
1 3 6283 6284 6445 6444
1 3 6284 6285 6446 6445
1 3 6285 6286 6447 6446
1 3 6286 6287 6448 6447
1 3 6287 6288 6449 6448
1 3 6288 6289 6450 6449
1 3 6289 6290 6451 6450
1 3 6290 6291 6452 6451
1 3 6291 6292 6453 6452
1 3 6292 6293 6454 6453
1 3 6293 6294 6455 6454
1 3 6294 6295 6456 6455
1 3 6295 6296 6457 6456
1 3 6296 6297 6458 6457
1 3 6297 6298 6459 6458
1 3 6298 6299 6460 6459
1 3 6299 6300 6461 6460
1 3 6300 6301 6462 6461
1 3 6301 6302 6463 6462
1 3 6302 6303 6464 6463
1 3 6303 6304 6465 6464
1 3 6304 6305 6466 6465
1 3 6305 6306 6467 6466
1 3 6306 6307 6468 6467
1 3 6307 6308 6469 6468
1 3 6308 6309 6470 6469
1 3 6309 6310 6471 6470
1 3 6310 6311 6472 6471
1 3 6311 6312 6473 6472
1 3 6312 6313 6474 6473
1 3 6313 6314 6475 6474
1 3 6314 6315 6476 6475
1 3 6315 6316 6477 6476
1 3 6316 6317 6478 6477
1 3 6317 6318 6479 6478
1 3 6318 6319 6480 6479
1 3 6319 6320 6481 6480
1 3 6320 6321 6482 6481
1 3 6321 6322 6483 6482
1 3 6322 6323 6484 6483
1 3 6323 6324 6485 6484
1 3 6324 6325 6486 6485
1 3 6325 6326 6487 6486
1 3 6326 6327 6488 6487
1 3 6327 6328 6489 6488
1 3 6328 6329 6490 6489
1 3 6329 6330 6491 6490
1 3 6330 6331 6492 6491
1 3 6331 6332 6493 6492
1 3 6332 6333 6494 6493
1 3 6333 6334 6495 6494
1 3 6334 6335 6496 6495
1 3 6335 6336 6497 6496
1 3 6336 6337 6498 6497
1 3 6337 6338 6499 6498
1 3 6338 6339 6500 6499
1 3 6339 6340 6501 6500
1 3 6340 6341 6502 6501
1 3 6341 6342 6503 6502
1 3 6342 6343 6504 6503
1 3 6343 6344 6505 6504
1 3 6344 6345 6506 6505
1 3 6345 6346 6507 6506
1 3 6346 6347 6508 6507
1 3 6347 6348 6509 6508
1 3 6348 6349 6510 6509
1 3 6349 6350 6511 6510
1 3 6350 6351 6512 6511
1 3 6351 6352 6513 6512
1 3 6352 6353 6514 6513
1 3 6353 6354 6515 6514
1 3 6354 6355 6516 6515
1 3 6355 6356 6517 6516
1 3 6356 6357 6518 6517
1 3 6357 6358 6519 6518
1 3 6358 6359 6520 6519
1 3 6359 6360 6521 6520
1 3 6360 6361 6522 6521
1 3 6361 6362 6523 6522
1 3 6362 6363 6524 6523
1 3 6363 6364 6525 6524
1 3 6364 6365 6526 6525
1 3 6365 6366 6527 6526
1 3 6366 6367 6528 6527
1 3 6367 6368 6529 6528
1 3 6368 6369 6530 6529
1 3 6369 6370 6531 6530
1 3 6370 6371 6532 6531
1 3 6371 6372 6533 6532
1 3 6372 6373 6534 6533
1 3 6373 6374 6535 6534
1 3 6374 6375 6536 6535
1 3 6375 6376 6537 6536
1 3 6376 6377 6538 6537
1 3 6377 6378 6539 6538
1 3 6378 6379 6540 6539
1 3 6379 6380 6541 6540
1 3 6380 6381 6542 6541
1 3 6381 6382 6543 6542
1 3 6382 6383 6544 6543
1 3 6383 6384 6545 6544
1 3 6384 6385 6546 6545
1 3 6385 6386 6547 6546
1 3 6386 6387 6548 6547
1 3 6387 6388 6549 6548
1 3 6388 6389 6550 6549
1 3 6389 6390 6551 6550
1 3 6390 6391 6552 6551
1 3 6391 6392 6553 6552
1 3 6392 6393 6554 6553
1 3 6393 6394 6555 6554
1 3 6394 6395 6556 6555
1 3 6395 6396 6557 6556
1 3 6396 6397 6558 6557
1 3 6397 6398 6559 6558
1 3 6398 6399 6560 6559
1 3 6399 6400 6561 6560
1 3 6400 6401 6562 6561
1 3 6401 6402 6563 6562
1 3 6402 6403 6564 6563
1 3 6403 6404 6565 6564
1 3 6404 6405 6566 6565
1 3 6405 6406 6567 6566
1 3 6406 6407 6568 6567
1 3 6407 6408 6569 6568
1 3 6408 6409 6570 6569
1 3 6409 6410 6571 6570
1 3 6410 6411 6572 6571
1 3 6411 6412 6573 6572
1 3 6412 6413 6574 6573
1 3 6413 6414 6575 6574
1 3 6414 6415 6576 6575
1 3 6415 6416 6577 6576
1 3 6416 6417 6578 6577
1 3 6417 6418 6579 6578
1 3 6418 6419 6580 6579
1 3 6419 6420 6581 6580
1 3 6420 6421 6582 6581
1 3 6421 6422 6583 6582
1 3 6422 6423 6584 6583
1 3 6423 6424 6585 6584
1 3 6424 6425 6586 6585
1 3 6425 6426 6587 6586
1 3 6426 6427 6588 6587
1 3 6427 6428 6589 6588
1 3 6428 6429 6590 6589
1 3 6429 6430 6591 6590
1 3 6430 6431 6592 6591
1 3 6431 6432 6593 6592
1 3 6432 6433 6594 6593
1 3 6433 6434 6595 6594
1 3 6434 6435 6596 6595
1 3 6435 6436 6597 6596
1 3 6436 6437 6598 6597
1 3 6437 6438 6599 6598
1 3 6438 6439 6600 6599
1 3 6440 6441 6602 6601
1 3 6441 6442 6603 6602
1 3 6442 6443 6604 6603
1 3 6443 6444 6605 6604
1 3 6444 6445 6606 6605
1 3 6445 6446 6607 6606
1 3 6446 6447 6608 6607
1 3 6447 6448 6609 6608
1 3 6448 6449 6610 6609
1 3 6449 6450 6611 6610
1 3 6450 6451 6612 6611
1 3 6451 6452 6613 6612
1 3 6452 6453 6614 6613
1 3 6453 6454 6615 6614
1 3 6454 6455 6616 6615
1 3 6455 6456 6617 6616
1 3 6456 6457 6618 6617
1 3 6457 6458 6619 6618
1 3 6458 6459 6620 6619
1 3 6459 6460 6621 6620
1 3 6460 6461 6622 6621
1 3 6461 6462 6623 6622
1 3 6462 6463 6624 6623
1 3 6463 6464 6625 6624
1 3 6464 6465 6626 6625
1 3 6465 6466 6627 6626
1 3 6466 6467 6628 6627
1 3 6467 6468 6629 6628
1 3 6468 6469 6630 6629
1 3 6469 6470 6631 6630
1 3 6470 6471 6632 6631
1 3 6471 6472 6633 6632
1 3 6472 6473 6634 6633
1 3 6473 6474 6635 6634
1 3 6474 6475 6636 6635
1 3 6475 6476 6637 6636
1 3 6476 6477 6638 6637
1 3 6477 6478 6639 6638
1 3 6478 6479 6640 6639
1 3 6479 6480 6641 6640
1 3 6480 6481 6642 6641
1 3 6481 6482 6643 6642
1 3 6482 6483 6644 6643
1 3 6483 6484 6645 6644
1 3 6484 6485 6646 6645
1 3 6485 6486 6647 6646
1 3 6486 6487 6648 6647
1 3 6487 6488 6649 6648
1 3 6488 6489 6650 6649
1 3 6489 6490 6651 6650
1 3 6490 6491 6652 6651
1 3 6491 6492 6653 6652
1 3 6492 6493 6654 6653
1 3 6493 6494 6655 6654
1 3 6494 6495 6656 6655
1 3 6495 6496 6657 6656
1 3 6496 6497 6658 6657
1 3 6497 6498 6659 6658
1 3 6498 6499 6660 6659
1 3 6499 6500 6661 6660
1 3 6500 6501 6662 6661
1 3 6501 6502 6663 6662
1 3 6502 6503 6664 6663
1 3 6503 6504 6665 6664
1 3 6504 6505 6666 6665
1 3 6505 6506 6667 6666
1 3 6506 6507 6668 6667
1 3 6507 6508 6669 6668
1 3 6508 6509 6670 6669
1 3 6509 6510 6671 6670
1 3 6510 6511 6672 6671
1 3 6511 6512 6673 6672
1 3 6512 6513 6674 6673
1 3 6513 6514 6675 6674
1 3 6514 6515 6676 6675
1 3 6515 6516 6677 6676
1 3 6516 6517 6678 6677
1 3 6517 6518 6679 6678
1 3 6518 6519 6680 6679
1 3 6519 6520 6681 6680
1 3 6520 6521 6682 6681
1 3 6521 6522 6683 6682
1 3 6522 6523 6684 6683
1 3 6523 6524 6685 6684
1 3 6524 6525 6686 6685
1 3 6525 6526 6687 6686
1 3 6526 6527 6688 6687
1 3 6527 6528 6689 6688
1 3 6528 6529 6690 6689
1 3 6529 6530 6691 6690
1 3 6530 6531 6692 6691
1 3 6531 6532 6693 6692
1 3 6532 6533 6694 6693
1 3 6533 6534 6695 6694
1 3 6534 6535 6696 6695
1 3 6535 6536 6697 6696
1 3 6536 6537 6698 6697
1 3 6537 6538 6699 6698
1 3 6538 6539 6700 6699
1 3 6539 6540 6701 6700
1 3 6540 6541 6702 6701
1 3 6541 6542 6703 6702
1 3 6542 6543 6704 6703
1 3 6543 6544 6705 6704
1 3 6544 6545 6706 6705
1 3 6545 6546 6707 6706
1 3 6546 6547 6708 6707
1 3 6547 6548 6709 6708
1 3 6548 6549 6710 6709
1 3 6549 6550 6711 6710
1 3 6550 6551 6712 6711
1 3 6551 6552 6713 6712
1 3 6552 6553 6714 6713
1 3 6553 6554 6715 6714
1 3 6554 6555 6716 6715
1 3 6555 6556 6717 6716
1 3 6556 6557 6718 6717
1 3 6557 6558 6719 6718
1 3 6558 6559 6720 6719
1 3 6559 6560 6721 6720
1 3 6560 6561 6722 6721
1 3 6561 6562 6723 6722
1 3 6562 6563 6724 6723
1 3 6563 6564 6725 6724
1 3 6564 6565 6726 6725
1 3 6565 6566 6727 6726
1 3 6566 6567 6728 6727
1 3 6567 6568 6729 6728
1 3 6568 6569 6730 6729
1 3 6569 6570 6731 6730
1 3 6570 6571 6732 6731
1 3 6571 6572 6733 6732
1 3 6572 6573 6734 6733
1 3 6573 6574 6735 6734
1 3 6574 6575 6736 6735
1 3 6575 6576 6737 6736
1 3 6576 6577 6738 6737
1 3 6577 6578 6739 6738
1 3 6578 6579 6740 6739
1 3 6579 6580 6741 6740
1 3 6580 6581 6742 6741
1 3 6581 6582 6743 6742
1 3 6582 6583 6744 6743
1 3 6583 6584 6745 6744
1 3 6584 6585 6746 6745
1 3 6585 6586 6747 6746
1 3 6586 6587 6748 6747
1 3 6587 6588 6749 6748
1 3 6588 6589 6750 6749
1 3 6589 6590 6751 6750
1 3 6590 6591 6752 6751
1 3 6591 6592 6753 6752
1 3 6592 6593 6754 6753
1 3 6593 6594 6755 6754
1 3 6594 6595 6756 6755
1 3 6595 6596 6757 6756
1 3 6596 6597 6758 6757
1 3 6597 6598 6759 6758
1 3 6598 6599 6760 6759
1 3 6599 6600 6761 6760
1 3 6601 6602 6763 6762
1 3 6602 6603 6764 6763
1 3 6603 6604 6765 6764
1 3 6604 6605 6766 6765
1 3 6605 6606 6767 6766
1 3 6606 6607 6768 6767
1 3 6607 6608 6769 6768
1 3 6608 6609 6770 6769
1 3 6609 6610 6771 6770
1 3 6610 6611 6772 6771
1 3 6611 6612 6773 6772
1 3 6612 6613 6774 6773
1 3 6613 6614 6775 6774
1 3 6614 6615 6776 6775
1 3 6615 6616 6777 6776
1 3 6616 6617 6778 6777
1 3 6617 6618 6779 6778
1 3 6618 6619 6780 6779
1 3 6619 6620 6781 6780
1 3 6620 6621 6782 6781
1 3 6621 6622 6783 6782
1 3 6622 6623 6784 6783
1 3 6623 6624 6785 6784
1 3 6624 6625 6786 6785
1 3 6625 6626 6787 6786
1 3 6626 6627 6788 6787
1 3 6627 6628 6789 6788
1 3 6628 6629 6790 6789
1 3 6629 6630 6791 6790
1 3 6630 6631 6792 6791
1 3 6631 6632 6793 6792
1 3 6632 6633 6794 6793
1 3 6633 6634 6795 6794
1 3 6634 6635 6796 6795
1 3 6635 6636 6797 6796
1 3 6636 6637 6798 6797
1 3 6637 6638 6799 6798
1 3 6638 6639 6800 6799
1 3 6639 6640 6801 6800
1 3 6640 6641 6802 6801
1 3 6641 6642 6803 6802
1 3 6642 6643 6804 6803
1 3 6643 6644 6805 6804
1 3 6644 6645 6806 6805
1 3 6645 6646 6807 6806
1 3 6646 6647 6808 6807
1 3 6647 6648 6809 6808
1 3 6648 6649 6810 6809
1 3 6649 6650 6811 6810
1 3 6650 6651 6812 6811
1 3 6651 6652 6813 6812
1 3 6652 6653 6814 6813
1 3 6653 6654 6815 6814
1 3 6654 6655 6816 6815
1 3 6655 6656 6817 6816
1 3 6656 6657 6818 6817
1 3 6657 6658 6819 6818
1 3 6658 6659 6820 6819
1 3 6659 6660 6821 6820
1 3 6660 6661 6822 6821
1 3 6661 6662 6823 6822
1 3 6662 6663 6824 6823
1 3 6663 6664 6825 6824
1 3 6664 6665 6826 6825
1 3 6665 6666 6827 6826
1 3 6666 6667 6828 6827
1 3 6667 6668 6829 6828
1 3 6668 6669 6830 6829
1 3 6669 6670 6831 6830
1 3 6670 6671 6832 6831
1 3 6671 6672 6833 6832
1 3 6672 6673 6834 6833
1 3 6673 6674 6835 6834
1 3 6674 6675 6836 6835
1 3 6675 6676 6837 6836
1 3 6676 6677 6838 6837
1 3 6677 6678 6839 6838
1 3 6678 6679 6840 6839
1 3 6679 6680 6841 6840
1 3 6680 6681 6842 6841
1 3 6681 6682 6843 6842
1 3 6682 6683 6844 6843
1 3 6683 6684 6845 6844
1 3 6684 6685 6846 6845
1 3 6685 6686 6847 6846
1 3 6686 6687 6848 6847
1 3 6687 6688 6849 6848
1 3 6688 6689 6850 6849
1 3 6689 6690 6851 6850
1 3 6690 6691 6852 6851
1 3 6691 6692 6853 6852
1 3 6692 6693 6854 6853
1 3 6693 6694 6855 6854
1 3 6694 6695 6856 6855
1 3 6695 6696 6857 6856
1 3 6696 6697 6858 6857
1 3 6697 6698 6859 6858
1 3 6698 6699 6860 6859
1 3 6699 6700 6861 6860
1 3 6700 6701 6862 6861
1 3 6701 6702 6863 6862
1 3 6702 6703 6864 6863
1 3 6703 6704 6865 6864
1 3 6704 6705 6866 6865
1 3 6705 6706 6867 6866
1 3 6706 6707 6868 6867
1 3 6707 6708 6869 6868
1 3 6708 6709 6870 6869
1 3 6709 6710 6871 6870
1 3 6710 6711 6872 6871
1 3 6711 6712 6873 6872
1 3 6712 6713 6874 6873
1 3 6713 6714 6875 6874
1 3 6714 6715 6876 6875
1 3 6715 6716 6877 6876
1 3 6716 6717 6878 6877
1 3 6717 6718 6879 6878
1 3 6718 6719 6880 6879
1 3 6719 6720 6881 6880
1 3 6720 6721 6882 6881
1 3 6721 6722 6883 6882
1 3 6722 6723 6884 6883
1 3 6723 6724 6885 6884
1 3 6724 6725 6886 6885
1 3 6725 6726 6887 6886
1 3 6726 6727 6888 6887
1 3 6727 6728 6889 6888
1 3 6728 6729 6890 6889
1 3 6729 6730 6891 6890
1 3 6730 6731 6892 6891
1 3 6731 6732 6893 6892
1 3 6732 6733 6894 6893
1 3 6733 6734 6895 6894
1 3 6734 6735 6896 6895
1 3 6735 6736 6897 6896
1 3 6736 6737 6898 6897
1 3 6737 6738 6899 6898
1 3 6738 6739 6900 6899
1 3 6739 6740 6901 6900
1 3 6740 6741 6902 6901
1 3 6741 6742 6903 6902
1 3 6742 6743 6904 6903
1 3 6743 6744 6905 6904
1 3 6744 6745 6906 6905
1 3 6745 6746 6907 6906
1 3 6746 6747 6908 6907
1 3 6747 6748 6909 6908
1 3 6748 6749 6910 6909
1 3 6749 6750 6911 6910
1 3 6750 6751 6912 6911
1 3 6751 6752 6913 6912
1 3 6752 6753 6914 6913
1 3 6753 6754 6915 6914
1 3 6754 6755 6916 6915
1 3 6755 6756 6917 6916
1 3 6756 6757 6918 6917
1 3 6757 6758 6919 6918
1 3 6758 6759 6920 6919
1 3 6759 6760 6921 6920
1 3 6760 6761 6922 6921
1 3 6762 6763 6924 6923
1 3 6763 6764 6925 6924
1 3 6764 6765 6926 6925
1 3 6765 6766 6927 6926
1 3 6766 6767 6928 6927
1 3 6767 6768 6929 6928
1 3 6768 6769 6930 6929
1 3 6769 6770 6931 6930
1 3 6770 6771 6932 6931
1 3 6771 6772 6933 6932
1 3 6772 6773 6934 6933
1 3 6773 6774 6935 6934
1 3 6774 6775 6936 6935
1 3 6775 6776 6937 6936
1 3 6776 6777 6938 6937
1 3 6777 6778 6939 6938
1 3 6778 6779 6940 6939
1 3 6779 6780 6941 6940
1 3 6780 6781 6942 6941
1 3 6781 6782 6943 6942
1 3 6782 6783 6944 6943
1 3 6783 6784 6945 6944
1 3 6784 6785 6946 6945
1 3 6785 6786 6947 6946
1 3 6786 6787 6948 6947
1 3 6787 6788 6949 6948
1 3 6788 6789 6950 6949
1 3 6789 6790 6951 6950
1 3 6790 6791 6952 6951
1 3 6791 6792 6953 6952
1 3 6792 6793 6954 6953
1 3 6793 6794 6955 6954
1 3 6794 6795 6956 6955
1 3 6795 6796 6957 6956
1 3 6796 6797 6958 6957
1 3 6797 6798 6959 6958
1 3 6798 6799 6960 6959
1 3 6799 6800 6961 6960
1 3 6800 6801 6962 6961
1 3 6801 6802 6963 6962
1 3 6802 6803 6964 6963
1 3 6803 6804 6965 6964
1 3 6804 6805 6966 6965
1 3 6805 6806 6967 6966
1 3 6806 6807 6968 6967
1 3 6807 6808 6969 6968
1 3 6808 6809 6970 6969
1 3 6809 6810 6971 6970
1 3 6810 6811 6972 6971
1 3 6811 6812 6973 6972
1 3 6812 6813 6974 6973
1 3 6813 6814 6975 6974
1 3 6814 6815 6976 6975
1 3 6815 6816 6977 6976
1 3 6816 6817 6978 6977
1 3 6817 6818 6979 6978
1 3 6818 6819 6980 6979
1 3 6819 6820 6981 6980
1 3 6820 6821 6982 6981
1 3 6821 6822 6983 6982
1 3 6822 6823 6984 6983
1 3 6823 6824 6985 6984
1 3 6824 6825 6986 6985
1 3 6825 6826 6987 6986
1 3 6826 6827 6988 6987
1 3 6827 6828 6989 6988
1 3 6828 6829 6990 6989
1 3 6829 6830 6991 6990
1 3 6830 6831 6992 6991
1 3 6831 6832 6993 6992
1 3 6832 6833 6994 6993
1 3 6833 6834 6995 6994
1 3 6834 6835 6996 6995
1 3 6835 6836 6997 6996
1 3 6836 6837 6998 6997
1 3 6837 6838 6999 6998
1 3 6838 6839 7000 6999
1 3 6839 6840 7001 7000
1 3 6840 6841 7002 7001
1 3 6841 6842 7003 7002
1 3 6842 6843 7004 7003
1 3 6843 6844 7005 7004
1 3 6844 6845 7006 7005
1 3 6845 6846 7007 7006
1 3 6846 6847 7008 7007
1 3 6847 6848 7009 7008
1 3 6848 6849 7010 7009
1 3 6849 6850 7011 7010
1 3 6850 6851 7012 7011
1 3 6851 6852 7013 7012
1 3 6852 6853 7014 7013
1 3 6853 6854 7015 7014
1 3 6854 6855 7016 7015
1 3 6855 6856 7017 7016
1 3 6856 6857 7018 7017
1 3 6857 6858 7019 7018
1 3 6858 6859 7020 7019
1 3 6859 6860 7021 7020
1 3 6860 6861 7022 7021
1 3 6861 6862 7023 7022
1 3 6862 6863 7024 7023
1 3 6863 6864 7025 7024
1 3 6864 6865 7026 7025
1 3 6865 6866 7027 7026
1 3 6866 6867 7028 7027
1 3 6867 6868 7029 7028
1 3 6868 6869 7030 7029
1 3 6869 6870 7031 7030
1 3 6870 6871 7032 7031
1 3 6871 6872 7033 7032
1 3 6872 6873 7034 7033
1 3 6873 6874 7035 7034
1 3 6874 6875 7036 7035
1 3 6875 6876 7037 7036
1 3 6876 6877 7038 7037
1 3 6877 6878 7039 7038
1 3 6878 6879 7040 7039
1 3 6879 6880 7041 7040
1 3 6880 6881 7042 7041
1 3 6881 6882 7043 7042
1 3 6882 6883 7044 7043
1 3 6883 6884 7045 7044
1 3 6884 6885 7046 7045
1 3 6885 6886 7047 7046
1 3 6886 6887 7048 7047
1 3 6887 6888 7049 7048
1 3 6888 6889 7050 7049
1 3 6889 6890 7051 7050
1 3 6890 6891 7052 7051
1 3 6891 6892 7053 7052
1 3 6892 6893 7054 7053
1 3 6893 6894 7055 7054
1 3 6894 6895 7056 7055
1 3 6895 6896 7057 7056
1 3 6896 6897 7058 7057
1 3 6897 6898 7059 7058
1 3 6898 6899 7060 7059
1 3 6899 6900 7061 7060
1 3 6900 6901 7062 7061
1 3 6901 6902 7063 7062
1 3 6902 6903 7064 7063
1 3 6903 6904 7065 7064
1 3 6904 6905 7066 7065
1 3 6905 6906 7067 7066
1 3 6906 6907 7068 7067
1 3 6907 6908 7069 7068
1 3 6908 6909 7070 7069
1 3 6909 6910 7071 7070
1 3 6910 6911 7072 7071
1 3 6911 6912 7073 7072
1 3 6912 6913 7074 7073
1 3 6913 6914 7075 7074
1 3 6914 6915 7076 7075
1 3 6915 6916 7077 7076
1 3 6916 6917 7078 7077
1 3 6917 6918 7079 7078
1 3 6918 6919 7080 7079
1 3 6919 6920 7081 7080
1 3 6920 6921 7082 7081
1 3 6921 6922 7083 7082
1 3 6923 6924 7085 7084
1 3 6924 6925 7086 7085
1 3 6925 6926 7087 7086
1 3 6926 6927 7088 7087
1 3 6927 6928 7089 7088
1 3 6928 6929 7090 7089
1 3 6929 6930 7091 7090
1 3 6930 6931 7092 7091
1 3 6931 6932 7093 7092
1 3 6932 6933 7094 7093
1 3 6933 6934 7095 7094
1 3 6934 6935 7096 7095
1 3 6935 6936 7097 7096
1 3 6936 6937 7098 7097
1 3 6937 6938 7099 7098
1 3 6938 6939 7100 7099
1 3 6939 6940 7101 7100
1 3 6940 6941 7102 7101
1 3 6941 6942 7103 7102
1 3 6942 6943 7104 7103
1 3 6943 6944 7105 7104
1 3 6944 6945 7106 7105
1 3 6945 6946 7107 7106
1 3 6946 6947 7108 7107
1 3 6947 6948 7109 7108
1 3 6948 6949 7110 7109
1 3 6949 6950 7111 7110
1 3 6950 6951 7112 7111
1 3 6951 6952 7113 7112
1 3 6952 6953 7114 7113
1 3 6953 6954 7115 7114
1 3 6954 6955 7116 7115
1 3 6955 6956 7117 7116
1 3 6956 6957 7118 7117
1 3 6957 6958 7119 7118
1 3 6958 6959 7120 7119
1 3 6959 6960 7121 7120
1 3 6960 6961 7122 7121
1 3 6961 6962 7123 7122
1 3 6962 6963 7124 7123
1 3 6963 6964 7125 7124
1 3 6964 6965 7126 7125
1 3 6965 6966 7127 7126
1 3 6966 6967 7128 7127
1 3 6967 6968 7129 7128
1 3 6968 6969 7130 7129
1 3 6969 6970 7131 7130
1 3 6970 6971 7132 7131
1 3 6971 6972 7133 7132
1 3 6972 6973 7134 7133
1 3 6973 6974 7135 7134
1 3 6974 6975 7136 7135
1 3 6975 6976 7137 7136
1 3 6976 6977 7138 7137
1 3 6977 6978 7139 7138
1 3 6978 6979 7140 7139
1 3 6979 6980 7141 7140
1 3 6980 6981 7142 7141
1 3 6981 6982 7143 7142
1 3 6982 6983 7144 7143
1 3 6983 6984 7145 7144
1 3 6984 6985 7146 7145
1 3 6985 6986 7147 7146
1 3 6986 6987 7148 7147
1 3 6987 6988 7149 7148
1 3 6988 6989 7150 7149
1 3 6989 6990 7151 7150
1 3 6990 6991 7152 7151
1 3 6991 6992 7153 7152
1 3 6992 6993 7154 7153
1 3 6993 6994 7155 7154
1 3 6994 6995 7156 7155
1 3 6995 6996 7157 7156
1 3 6996 6997 7158 7157
1 3 6997 6998 7159 7158
1 3 6998 6999 7160 7159
1 3 6999 7000 7161 7160
1 3 7000 7001 7162 7161
1 3 7001 7002 7163 7162
1 3 7002 7003 7164 7163
1 3 7003 7004 7165 7164
1 3 7004 7005 7166 7165
1 3 7005 7006 7167 7166
1 3 7006 7007 7168 7167
1 3 7007 7008 7169 7168
1 3 7008 7009 7170 7169
1 3 7009 7010 7171 7170
1 3 7010 7011 7172 7171
1 3 7011 7012 7173 7172
1 3 7012 7013 7174 7173
1 3 7013 7014 7175 7174
1 3 7014 7015 7176 7175
1 3 7015 7016 7177 7176
1 3 7016 7017 7178 7177
1 3 7017 7018 7179 7178
1 3 7018 7019 7180 7179
1 3 7019 7020 7181 7180
1 3 7020 7021 7182 7181
1 3 7021 7022 7183 7182
1 3 7022 7023 7184 7183
1 3 7023 7024 7185 7184
1 3 7024 7025 7186 7185
1 3 7025 7026 7187 7186
1 3 7026 7027 7188 7187
1 3 7027 7028 7189 7188
1 3 7028 7029 7190 7189
1 3 7029 7030 7191 7190
1 3 7030 7031 7192 7191
1 3 7031 7032 7193 7192
1 3 7032 7033 7194 7193
1 3 7033 7034 7195 7194
1 3 7034 7035 7196 7195
1 3 7035 7036 7197 7196
1 3 7036 7037 7198 7197
1 3 7037 7038 7199 7198
1 3 7038 7039 7200 7199
1 3 7039 7040 7201 7200
1 3 7040 7041 7202 7201
1 3 7041 7042 7203 7202
1 3 7042 7043 7204 7203
1 3 7043 7044 7205 7204
1 3 7044 7045 7206 7205
1 3 7045 7046 7207 7206
1 3 7046 7047 7208 7207
1 3 7047 7048 7209 7208
1 3 7048 7049 7210 7209
1 3 7049 7050 7211 7210
1 3 7050 7051 7212 7211
1 3 7051 7052 7213 7212
1 3 7052 7053 7214 7213
1 3 7053 7054 7215 7214
1 3 7054 7055 7216 7215
1 3 7055 7056 7217 7216
1 3 7056 7057 7218 7217
1 3 7057 7058 7219 7218
1 3 7058 7059 7220 7219
1 3 7059 7060 7221 7220
1 3 7060 7061 7222 7221
1 3 7061 7062 7223 7222
1 3 7062 7063 7224 7223
1 3 7063 7064 7225 7224
1 3 7064 7065 7226 7225
1 3 7065 7066 7227 7226
1 3 7066 7067 7228 7227
1 3 7067 7068 7229 7228
1 3 7068 7069 7230 7229
1 3 7069 7070 7231 7230
1 3 7070 7071 7232 7231
1 3 7071 7072 7233 7232
1 3 7072 7073 7234 7233
1 3 7073 7074 7235 7234
1 3 7074 7075 7236 7235
1 3 7075 7076 7237 7236
1 3 7076 7077 7238 7237
1 3 7077 7078 7239 7238
1 3 7078 7079 7240 7239
1 3 7079 7080 7241 7240
1 3 7080 7081 7242 7241
1 3 7081 7082 7243 7242
1 3 7082 7083 7244 7243
1 3 7084 7085 7246 7245
1 3 7085 7086 7247 7246
1 3 7086 7087 7248 7247
1 3 7087 7088 7249 7248
1 3 7088 7089 7250 7249
1 3 7089 7090 7251 7250
1 3 7090 7091 7252 7251
1 3 7091 7092 7253 7252
1 3 7092 7093 7254 7253
1 3 7093 7094 7255 7254
1 3 7094 7095 7256 7255
1 3 7095 7096 7257 7256
1 3 7096 7097 7258 7257
1 3 7097 7098 7259 7258
1 3 7098 7099 7260 7259
1 3 7099 7100 7261 7260
1 3 7100 7101 7262 7261
1 3 7101 7102 7263 7262
1 3 7102 7103 7264 7263
1 3 7103 7104 7265 7264
1 3 7104 7105 7266 7265
1 3 7105 7106 7267 7266
1 3 7106 7107 7268 7267
1 3 7107 7108 7269 7268
1 3 7108 7109 7270 7269
1 3 7109 7110 7271 7270
1 3 7110 7111 7272 7271
1 3 7111 7112 7273 7272
1 3 7112 7113 7274 7273
1 3 7113 7114 7275 7274
1 3 7114 7115 7276 7275
1 3 7115 7116 7277 7276
1 3 7116 7117 7278 7277
1 3 7117 7118 7279 7278
1 3 7118 7119 7280 7279
1 3 7119 7120 7281 7280
1 3 7120 7121 7282 7281
1 3 7121 7122 7283 7282
1 3 7122 7123 7284 7283
1 3 7123 7124 7285 7284
1 3 7124 7125 7286 7285
1 3 7125 7126 7287 7286
1 3 7126 7127 7288 7287
1 3 7127 7128 7289 7288
1 3 7128 7129 7290 7289
1 3 7129 7130 7291 7290
1 3 7130 7131 7292 7291
1 3 7131 7132 7293 7292
1 3 7132 7133 7294 7293
1 3 7133 7134 7295 7294
1 3 7134 7135 7296 7295
1 3 7135 7136 7297 7296
1 3 7136 7137 7298 7297
1 3 7137 7138 7299 7298
1 3 7138 7139 7300 7299
1 3 7139 7140 7301 7300
1 3 7140 7141 7302 7301
1 3 7141 7142 7303 7302
1 3 7142 7143 7304 7303
1 3 7143 7144 7305 7304
1 3 7144 7145 7306 7305
1 3 7145 7146 7307 7306
1 3 7146 7147 7308 7307
1 3 7147 7148 7309 7308
1 3 7148 7149 7310 7309
1 3 7149 7150 7311 7310
1 3 7150 7151 7312 7311
1 3 7151 7152 7313 7312
1 3 7152 7153 7314 7313
1 3 7153 7154 7315 7314
1 3 7154 7155 7316 7315
1 3 7155 7156 7317 7316
1 3 7156 7157 7318 7317
1 3 7157 7158 7319 7318
1 3 7158 7159 7320 7319
1 3 7159 7160 7321 7320
1 3 7160 7161 7322 7321
1 3 7161 7162 7323 7322
1 3 7162 7163 7324 7323
1 3 7163 7164 7325 7324
1 3 7164 7165 7326 7325
1 3 7165 7166 7327 7326
1 3 7166 7167 7328 7327
1 3 7167 7168 7329 7328
1 3 7168 7169 7330 7329
1 3 7169 7170 7331 7330
1 3 7170 7171 7332 7331
1 3 7171 7172 7333 7332
1 3 7172 7173 7334 7333
1 3 7173 7174 7335 7334
1 3 7174 7175 7336 7335
1 3 7175 7176 7337 7336
1 3 7176 7177 7338 7337
1 3 7177 7178 7339 7338
1 3 7178 7179 7340 7339
1 3 7179 7180 7341 7340
1 3 7180 7181 7342 7341
1 3 7181 7182 7343 7342
1 3 7182 7183 7344 7343
1 3 7183 7184 7345 7344
1 3 7184 7185 7346 7345
1 3 7185 7186 7347 7346
1 3 7186 7187 7348 7347
1 3 7187 7188 7349 7348
1 3 7188 7189 7350 7349
1 3 7189 7190 7351 7350
1 3 7190 7191 7352 7351
1 3 7191 7192 7353 7352
1 3 7192 7193 7354 7353
1 3 7193 7194 7355 7354
1 3 7194 7195 7356 7355
1 3 7195 7196 7357 7356
1 3 7196 7197 7358 7357
1 3 7197 7198 7359 7358
1 3 7198 7199 7360 7359
1 3 7199 7200 7361 7360
1 3 7200 7201 7362 7361
1 3 7201 7202 7363 7362
1 3 7202 7203 7364 7363
1 3 7203 7204 7365 7364
1 3 7204 7205 7366 7365
1 3 7205 7206 7367 7366
1 3 7206 7207 7368 7367
1 3 7207 7208 7369 7368
1 3 7208 7209 7370 7369
1 3 7209 7210 7371 7370
1 3 7210 7211 7372 7371
1 3 7211 7212 7373 7372
1 3 7212 7213 7374 7373
1 3 7213 7214 7375 7374
1 3 7214 7215 7376 7375
1 3 7215 7216 7377 7376
1 3 7216 7217 7378 7377
1 3 7217 7218 7379 7378
1 3 7218 7219 7380 7379
1 3 7219 7220 7381 7380
1 3 7220 7221 7382 7381
1 3 7221 7222 7383 7382
1 3 7222 7223 7384 7383
1 3 7223 7224 7385 7384
1 3 7224 7225 7386 7385
1 3 7225 7226 7387 7386
1 3 7226 7227 7388 7387
1 3 7227 7228 7389 7388
1 3 7228 7229 7390 7389
1 3 7229 7230 7391 7390
1 3 7230 7231 7392 7391
1 3 7231 7232 7393 7392
1 3 7232 7233 7394 7393
1 3 7233 7234 7395 7394
1 3 7234 7235 7396 7395
1 3 7235 7236 7397 7396
1 3 7236 7237 7398 7397
1 3 7237 7238 7399 7398
1 3 7238 7239 7400 7399
1 3 7239 7240 7401 7400
1 3 7240 7241 7402 7401
1 3 7241 7242 7403 7402
1 3 7242 7243 7404 7403
1 3 7243 7244 7405 7404
1 3 7245 7246 7407 7406
1 3 7246 7247 7408 7407
1 3 7247 7248 7409 7408
1 3 7248 7249 7410 7409
1 3 7249 7250 7411 7410
1 3 7250 7251 7412 7411
1 3 7251 7252 7413 7412
1 3 7252 7253 7414 7413
1 3 7253 7254 7415 7414
1 3 7254 7255 7416 7415
1 3 7255 7256 7417 7416
1 3 7256 7257 7418 7417
1 3 7257 7258 7419 7418
1 3 7258 7259 7420 7419
1 3 7259 7260 7421 7420
1 3 7260 7261 7422 7421
1 3 7261 7262 7423 7422
1 3 7262 7263 7424 7423
1 3 7263 7264 7425 7424
1 3 7264 7265 7426 7425
1 3 7265 7266 7427 7426
1 3 7266 7267 7428 7427
1 3 7267 7268 7429 7428
1 3 7268 7269 7430 7429
1 3 7269 7270 7431 7430
1 3 7270 7271 7432 7431
1 3 7271 7272 7433 7432
1 3 7272 7273 7434 7433
1 3 7273 7274 7435 7434
1 3 7274 7275 7436 7435
1 3 7275 7276 7437 7436
1 3 7276 7277 7438 7437
1 3 7277 7278 7439 7438
1 3 7278 7279 7440 7439
1 3 7279 7280 7441 7440
1 3 7280 7281 7442 7441
1 3 7281 7282 7443 7442
1 3 7282 7283 7444 7443
1 3 7283 7284 7445 7444
1 3 7284 7285 7446 7445
1 3 7285 7286 7447 7446
1 3 7286 7287 7448 7447
1 3 7287 7288 7449 7448
1 3 7288 7289 7450 7449
1 3 7289 7290 7451 7450
1 3 7290 7291 7452 7451
1 3 7291 7292 7453 7452
1 3 7292 7293 7454 7453
1 3 7293 7294 7455 7454
1 3 7294 7295 7456 7455
1 3 7295 7296 7457 7456
1 3 7296 7297 7458 7457
1 3 7297 7298 7459 7458
1 3 7298 7299 7460 7459
1 3 7299 7300 7461 7460
1 3 7300 7301 7462 7461
1 3 7301 7302 7463 7462
1 3 7302 7303 7464 7463
1 3 7303 7304 7465 7464
1 3 7304 7305 7466 7465
1 3 7305 7306 7467 7466
1 3 7306 7307 7468 7467
1 3 7307 7308 7469 7468
1 3 7308 7309 7470 7469
1 3 7309 7310 7471 7470
1 3 7310 7311 7472 7471
1 3 7311 7312 7473 7472
1 3 7312 7313 7474 7473
1 3 7313 7314 7475 7474
1 3 7314 7315 7476 7475
1 3 7315 7316 7477 7476
1 3 7316 7317 7478 7477
1 3 7317 7318 7479 7478
1 3 7318 7319 7480 7479
1 3 7319 7320 7481 7480
1 3 7320 7321 7482 7481
1 3 7321 7322 7483 7482
1 3 7322 7323 7484 7483
1 3 7323 7324 7485 7484
1 3 7324 7325 7486 7485
1 3 7325 7326 7487 7486
1 3 7326 7327 7488 7487
1 3 7327 7328 7489 7488
1 3 7328 7329 7490 7489
1 3 7329 7330 7491 7490
1 3 7330 7331 7492 7491
1 3 7331 7332 7493 7492
1 3 7332 7333 7494 7493
1 3 7333 7334 7495 7494
1 3 7334 7335 7496 7495
1 3 7335 7336 7497 7496
1 3 7336 7337 7498 7497
1 3 7337 7338 7499 7498
1 3 7338 7339 7500 7499
1 3 7339 7340 7501 7500
1 3 7340 7341 7502 7501
1 3 7341 7342 7503 7502
1 3 7342 7343 7504 7503
1 3 7343 7344 7505 7504
1 3 7344 7345 7506 7505
1 3 7345 7346 7507 7506
1 3 7346 7347 7508 7507
1 3 7347 7348 7509 7508
1 3 7348 7349 7510 7509
1 3 7349 7350 7511 7510
1 3 7350 7351 7512 7511
1 3 7351 7352 7513 7512
1 3 7352 7353 7514 7513
1 3 7353 7354 7515 7514
1 3 7354 7355 7516 7515
1 3 7355 7356 7517 7516
1 3 7356 7357 7518 7517
1 3 7357 7358 7519 7518
1 3 7358 7359 7520 7519
1 3 7359 7360 7521 7520
1 3 7360 7361 7522 7521
1 3 7361 7362 7523 7522
1 3 7362 7363 7524 7523
1 3 7363 7364 7525 7524
1 3 7364 7365 7526 7525
1 3 7365 7366 7527 7526
1 3 7366 7367 7528 7527
1 3 7367 7368 7529 7528
1 3 7368 7369 7530 7529
1 3 7369 7370 7531 7530
1 3 7370 7371 7532 7531
1 3 7371 7372 7533 7532
1 3 7372 7373 7534 7533
1 3 7373 7374 7535 7534
1 3 7374 7375 7536 7535
1 3 7375 7376 7537 7536
1 3 7376 7377 7538 7537
1 3 7377 7378 7539 7538
1 3 7378 7379 7540 7539
1 3 7379 7380 7541 7540
1 3 7380 7381 7542 7541
1 3 7381 7382 7543 7542
1 3 7382 7383 7544 7543
1 3 7383 7384 7545 7544
1 3 7384 7385 7546 7545
1 3 7385 7386 7547 7546
1 3 7386 7387 7548 7547
1 3 7387 7388 7549 7548
1 3 7388 7389 7550 7549
1 3 7389 7390 7551 7550
1 3 7390 7391 7552 7551
1 3 7391 7392 7553 7552
1 3 7392 7393 7554 7553
1 3 7393 7394 7555 7554
1 3 7394 7395 7556 7555
1 3 7395 7396 7557 7556
1 3 7396 7397 7558 7557
1 3 7397 7398 7559 7558
1 3 7398 7399 7560 7559
1 3 7399 7400 7561 7560
1 3 7400 7401 7562 7561
1 3 7401 7402 7563 7562
1 3 7402 7403 7564 7563
1 3 7403 7404 7565 7564
1 3 7404 7405 7566 7565
1 3 7406 7407 7568 7567
1 3 7407 7408 7569 7568
1 3 7408 7409 7570 7569
1 3 7409 7410 7571 7570
1 3 7410 7411 7572 7571
1 3 7411 7412 7573 7572
1 3 7412 7413 7574 7573
1 3 7413 7414 7575 7574
1 3 7414 7415 7576 7575
1 3 7415 7416 7577 7576
1 3 7416 7417 7578 7577
1 3 7417 7418 7579 7578
1 3 7418 7419 7580 7579
1 3 7419 7420 7581 7580
1 3 7420 7421 7582 7581
1 3 7421 7422 7583 7582
1 3 7422 7423 7584 7583
1 3 7423 7424 7585 7584
1 3 7424 7425 7586 7585
1 3 7425 7426 7587 7586
1 3 7426 7427 7588 7587
1 3 7427 7428 7589 7588
1 3 7428 7429 7590 7589
1 3 7429 7430 7591 7590
1 3 7430 7431 7592 7591
1 3 7431 7432 7593 7592
1 3 7432 7433 7594 7593
1 3 7433 7434 7595 7594
1 3 7434 7435 7596 7595
1 3 7435 7436 7597 7596
1 3 7436 7437 7598 7597
1 3 7437 7438 7599 7598
1 3 7438 7439 7600 7599
1 3 7439 7440 7601 7600
1 3 7440 7441 7602 7601
1 3 7441 7442 7603 7602
1 3 7442 7443 7604 7603
1 3 7443 7444 7605 7604
1 3 7444 7445 7606 7605
1 3 7445 7446 7607 7606
1 3 7446 7447 7608 7607
1 3 7447 7448 7609 7608
1 3 7448 7449 7610 7609
1 3 7449 7450 7611 7610
1 3 7450 7451 7612 7611
1 3 7451 7452 7613 7612
1 3 7452 7453 7614 7613
1 3 7453 7454 7615 7614
1 3 7454 7455 7616 7615
1 3 7455 7456 7617 7616
1 3 7456 7457 7618 7617
1 3 7457 7458 7619 7618
1 3 7458 7459 7620 7619
1 3 7459 7460 7621 7620
1 3 7460 7461 7622 7621
1 3 7461 7462 7623 7622
1 3 7462 7463 7624 7623
1 3 7463 7464 7625 7624
1 3 7464 7465 7626 7625
1 3 7465 7466 7627 7626
1 3 7466 7467 7628 7627
1 3 7467 7468 7629 7628
1 3 7468 7469 7630 7629
1 3 7469 7470 7631 7630
1 3 7470 7471 7632 7631
1 3 7471 7472 7633 7632
1 3 7472 7473 7634 7633
1 3 7473 7474 7635 7634
1 3 7474 7475 7636 7635
1 3 7475 7476 7637 7636
1 3 7476 7477 7638 7637
1 3 7477 7478 7639 7638
1 3 7478 7479 7640 7639
1 3 7479 7480 7641 7640
1 3 7480 7481 7642 7641
1 3 7481 7482 7643 7642
1 3 7482 7483 7644 7643
1 3 7483 7484 7645 7644
1 3 7484 7485 7646 7645
1 3 7485 7486 7647 7646
1 3 7486 7487 7648 7647
1 3 7487 7488 7649 7648
1 3 7488 7489 7650 7649
1 3 7489 7490 7651 7650
1 3 7490 7491 7652 7651
1 3 7491 7492 7653 7652
1 3 7492 7493 7654 7653
1 3 7493 7494 7655 7654
1 3 7494 7495 7656 7655
1 3 7495 7496 7657 7656
1 3 7496 7497 7658 7657
1 3 7497 7498 7659 7658
1 3 7498 7499 7660 7659
1 3 7499 7500 7661 7660
1 3 7500 7501 7662 7661
1 3 7501 7502 7663 7662
1 3 7502 7503 7664 7663
1 3 7503 7504 7665 7664
1 3 7504 7505 7666 7665
1 3 7505 7506 7667 7666
1 3 7506 7507 7668 7667
1 3 7507 7508 7669 7668
1 3 7508 7509 7670 7669
1 3 7509 7510 7671 7670
1 3 7510 7511 7672 7671
1 3 7511 7512 7673 7672
1 3 7512 7513 7674 7673
1 3 7513 7514 7675 7674
1 3 7514 7515 7676 7675
1 3 7515 7516 7677 7676
1 3 7516 7517 7678 7677
1 3 7517 7518 7679 7678
1 3 7518 7519 7680 7679
1 3 7519 7520 7681 7680
1 3 7520 7521 7682 7681
1 3 7521 7522 7683 7682
1 3 7522 7523 7684 7683
1 3 7523 7524 7685 7684
1 3 7524 7525 7686 7685
1 3 7525 7526 7687 7686
1 3 7526 7527 7688 7687
1 3 7527 7528 7689 7688
1 3 7528 7529 7690 7689
1 3 7529 7530 7691 7690
1 3 7530 7531 7692 7691
1 3 7531 7532 7693 7692
1 3 7532 7533 7694 7693
1 3 7533 7534 7695 7694
1 3 7534 7535 7696 7695
1 3 7535 7536 7697 7696
1 3 7536 7537 7698 7697
1 3 7537 7538 7699 7698
1 3 7538 7539 7700 7699
1 3 7539 7540 7701 7700
1 3 7540 7541 7702 7701
1 3 7541 7542 7703 7702
1 3 7542 7543 7704 7703
1 3 7543 7544 7705 7704
1 3 7544 7545 7706 7705
1 3 7545 7546 7707 7706
1 3 7546 7547 7708 7707
1 3 7547 7548 7709 7708
1 3 7548 7549 7710 7709
1 3 7549 7550 7711 7710
1 3 7550 7551 7712 7711
1 3 7551 7552 7713 7712
1 3 7552 7553 7714 7713
1 3 7553 7554 7715 7714
1 3 7554 7555 7716 7715
1 3 7555 7556 7717 7716
1 3 7556 7557 7718 7717
1 3 7557 7558 7719 7718
1 3 7558 7559 7720 7719
1 3 7559 7560 7721 7720
1 3 7560 7561 7722 7721
1 3 7561 7562 7723 7722
1 3 7562 7563 7724 7723
1 3 7563 7564 7725 7724
1 3 7564 7565 7726 7725
1 3 7565 7566 7727 7726
1 3 7567 7568 7729 7728
1 3 7568 7569 7730 7729
1 3 7569 7570 7731 7730
1 3 7570 7571 7732 7731
1 3 7571 7572 7733 7732
1 3 7572 7573 7734 7733
1 3 7573 7574 7735 7734
1 3 7574 7575 7736 7735
1 3 7575 7576 7737 7736
1 3 7576 7577 7738 7737
1 3 7577 7578 7739 7738
1 3 7578 7579 7740 7739
1 3 7579 7580 7741 7740
1 3 7580 7581 7742 7741
1 3 7581 7582 7743 7742
1 3 7582 7583 7744 7743
1 3 7583 7584 7745 7744
1 3 7584 7585 7746 7745
1 3 7585 7586 7747 7746
1 3 7586 7587 7748 7747
1 3 7587 7588 7749 7748
1 3 7588 7589 7750 7749
1 3 7589 7590 7751 7750
1 3 7590 7591 7752 7751
1 3 7591 7592 7753 7752
1 3 7592 7593 7754 7753
1 3 7593 7594 7755 7754
1 3 7594 7595 7756 7755
1 3 7595 7596 7757 7756
1 3 7596 7597 7758 7757
1 3 7597 7598 7759 7758
1 3 7598 7599 7760 7759
1 3 7599 7600 7761 7760
1 3 7600 7601 7762 7761
1 3 7601 7602 7763 7762
1 3 7602 7603 7764 7763
1 3 7603 7604 7765 7764
1 3 7604 7605 7766 7765
1 3 7605 7606 7767 7766
1 3 7606 7607 7768 7767
1 3 7607 7608 7769 7768
1 3 7608 7609 7770 7769
1 3 7609 7610 7771 7770
1 3 7610 7611 7772 7771
1 3 7611 7612 7773 7772
1 3 7612 7613 7774 7773
1 3 7613 7614 7775 7774
1 3 7614 7615 7776 7775
1 3 7615 7616 7777 7776
1 3 7616 7617 7778 7777
1 3 7617 7618 7779 7778
1 3 7618 7619 7780 7779
1 3 7619 7620 7781 7780
1 3 7620 7621 7782 7781
1 3 7621 7622 7783 7782
1 3 7622 7623 7784 7783
1 3 7623 7624 7785 7784
1 3 7624 7625 7786 7785
1 3 7625 7626 7787 7786
1 3 7626 7627 7788 7787
1 3 7627 7628 7789 7788
1 3 7628 7629 7790 7789
1 3 7629 7630 7791 7790
1 3 7630 7631 7792 7791
1 3 7631 7632 7793 7792
1 3 7632 7633 7794 7793
1 3 7633 7634 7795 7794
1 3 7634 7635 7796 7795
1 3 7635 7636 7797 7796
1 3 7636 7637 7798 7797
1 3 7637 7638 7799 7798
1 3 7638 7639 7800 7799
1 3 7639 7640 7801 7800
1 3 7640 7641 7802 7801
1 3 7641 7642 7803 7802
1 3 7642 7643 7804 7803
1 3 7643 7644 7805 7804
1 3 7644 7645 7806 7805
1 3 7645 7646 7807 7806
1 3 7646 7647 7808 7807
1 3 7647 7648 7809 7808
1 3 7648 7649 7810 7809
1 3 7649 7650 7811 7810
1 3 7650 7651 7812 7811
1 3 7651 7652 7813 7812
1 3 7652 7653 7814 7813
1 3 7653 7654 7815 7814
1 3 7654 7655 7816 7815
1 3 7655 7656 7817 7816
1 3 7656 7657 7818 7817
1 3 7657 7658 7819 7818
1 3 7658 7659 7820 7819
1 3 7659 7660 7821 7820
1 3 7660 7661 7822 7821
1 3 7661 7662 7823 7822
1 3 7662 7663 7824 7823
1 3 7663 7664 7825 7824
1 3 7664 7665 7826 7825
1 3 7665 7666 7827 7826
1 3 7666 7667 7828 7827
1 3 7667 7668 7829 7828
1 3 7668 7669 7830 7829
1 3 7669 7670 7831 7830
1 3 7670 7671 7832 7831
1 3 7671 7672 7833 7832
1 3 7672 7673 7834 7833
1 3 7673 7674 7835 7834
1 3 7674 7675 7836 7835
1 3 7675 7676 7837 7836
1 3 7676 7677 7838 7837
1 3 7677 7678 7839 7838
1 3 7678 7679 7840 7839
1 3 7679 7680 7841 7840
1 3 7680 7681 7842 7841
1 3 7681 7682 7843 7842
1 3 7682 7683 7844 7843
1 3 7683 7684 7845 7844
1 3 7684 7685 7846 7845
1 3 7685 7686 7847 7846
1 3 7686 7687 7848 7847
1 3 7687 7688 7849 7848
1 3 7688 7689 7850 7849
1 3 7689 7690 7851 7850
1 3 7690 7691 7852 7851
1 3 7691 7692 7853 7852
1 3 7692 7693 7854 7853
1 3 7693 7694 7855 7854
1 3 7694 7695 7856 7855
1 3 7695 7696 7857 7856
1 3 7696 7697 7858 7857
1 3 7697 7698 7859 7858
1 3 7698 7699 7860 7859
1 3 7699 7700 7861 7860
1 3 7700 7701 7862 7861
1 3 7701 7702 7863 7862
1 3 7702 7703 7864 7863
1 3 7703 7704 7865 7864
1 3 7704 7705 7866 7865
1 3 7705 7706 7867 7866
1 3 7706 7707 7868 7867
1 3 7707 7708 7869 7868
1 3 7708 7709 7870 7869
1 3 7709 7710 7871 7870
1 3 7710 7711 7872 7871
1 3 7711 7712 7873 7872
1 3 7712 7713 7874 7873
1 3 7713 7714 7875 7874
1 3 7714 7715 7876 7875
1 3 7715 7716 7877 7876
1 3 7716 7717 7878 7877
1 3 7717 7718 7879 7878
1 3 7718 7719 7880 7879
1 3 7719 7720 7881 7880
1 3 7720 7721 7882 7881
1 3 7721 7722 7883 7882
1 3 7722 7723 7884 7883
1 3 7723 7724 7885 7884
1 3 7724 7725 7886 7885
1 3 7725 7726 7887 7886
1 3 7726 7727 7888 7887
1 3 7728 7729 7890 7889
1 3 7729 7730 7891 7890
1 3 7730 7731 7892 7891
1 3 7731 7732 7893 7892
1 3 7732 7733 7894 7893
1 3 7733 7734 7895 7894
1 3 7734 7735 7896 7895
1 3 7735 7736 7897 7896
1 3 7736 7737 7898 7897
1 3 7737 7738 7899 7898
1 3 7738 7739 7900 7899
1 3 7739 7740 7901 7900
1 3 7740 7741 7902 7901
1 3 7741 7742 7903 7902
1 3 7742 7743 7904 7903
1 3 7743 7744 7905 7904
1 3 7744 7745 7906 7905
1 3 7745 7746 7907 7906
1 3 7746 7747 7908 7907
1 3 7747 7748 7909 7908
1 3 7748 7749 7910 7909
1 3 7749 7750 7911 7910
1 3 7750 7751 7912 7911
1 3 7751 7752 7913 7912
1 3 7752 7753 7914 7913
1 3 7753 7754 7915 7914
1 3 7754 7755 7916 7915
1 3 7755 7756 7917 7916
1 3 7756 7757 7918 7917
1 3 7757 7758 7919 7918
1 3 7758 7759 7920 7919
1 3 7759 7760 7921 7920
1 3 7760 7761 7922 7921
1 3 7761 7762 7923 7922
1 3 7762 7763 7924 7923
1 3 7763 7764 7925 7924
1 3 7764 7765 7926 7925
1 3 7765 7766 7927 7926
1 3 7766 7767 7928 7927
1 3 7767 7768 7929 7928
1 3 7768 7769 7930 7929
1 3 7769 7770 7931 7930
1 3 7770 7771 7932 7931
1 3 7771 7772 7933 7932
1 3 7772 7773 7934 7933
1 3 7773 7774 7935 7934
1 3 7774 7775 7936 7935
1 3 7775 7776 7937 7936
1 3 7776 7777 7938 7937
1 3 7777 7778 7939 7938
1 3 7778 7779 7940 7939
1 3 7779 7780 7941 7940
1 3 7780 7781 7942 7941
1 3 7781 7782 7943 7942
1 3 7782 7783 7944 7943
1 3 7783 7784 7945 7944
1 3 7784 7785 7946 7945
1 3 7785 7786 7947 7946
1 3 7786 7787 7948 7947
1 3 7787 7788 7949 7948
1 3 7788 7789 7950 7949
1 3 7789 7790 7951 7950
1 3 7790 7791 7952 7951
1 3 7791 7792 7953 7952
1 3 7792 7793 7954 7953
1 3 7793 7794 7955 7954
1 3 7794 7795 7956 7955
1 3 7795 7796 7957 7956
1 3 7796 7797 7958 7957
1 3 7797 7798 7959 7958
1 3 7798 7799 7960 7959
1 3 7799 7800 7961 7960
1 3 7800 7801 7962 7961
1 3 7801 7802 7963 7962
1 3 7802 7803 7964 7963
1 3 7803 7804 7965 7964
1 3 7804 7805 7966 7965
1 3 7805 7806 7967 7966
1 3 7806 7807 7968 7967
1 3 7807 7808 7969 7968
1 3 7808 7809 7970 7969
1 3 7809 7810 7971 7970
1 3 7810 7811 7972 7971
1 3 7811 7812 7973 7972
1 3 7812 7813 7974 7973
1 3 7813 7814 7975 7974
1 3 7814 7815 7976 7975
1 3 7815 7816 7977 7976
1 3 7816 7817 7978 7977
1 3 7817 7818 7979 7978
1 3 7818 7819 7980 7979
1 3 7819 7820 7981 7980
1 3 7820 7821 7982 7981
1 3 7821 7822 7983 7982
1 3 7822 7823 7984 7983
1 3 7823 7824 7985 7984
1 3 7824 7825 7986 7985
1 3 7825 7826 7987 7986
1 3 7826 7827 7988 7987
1 3 7827 7828 7989 7988
1 3 7828 7829 7990 7989
1 3 7829 7830 7991 7990
1 3 7830 7831 7992 7991
1 3 7831 7832 7993 7992
1 3 7832 7833 7994 7993
1 3 7833 7834 7995 7994
1 3 7834 7835 7996 7995
1 3 7835 7836 7997 7996
1 3 7836 7837 7998 7997
1 3 7837 7838 7999 7998
1 3 7838 7839 8000 7999
1 3 7839 7840 8001 8000
1 3 7840 7841 8002 8001
1 3 7841 7842 8003 8002
1 3 7842 7843 8004 8003
1 3 7843 7844 8005 8004
1 3 7844 7845 8006 8005
1 3 7845 7846 8007 8006
1 3 7846 7847 8008 8007
1 3 7847 7848 8009 8008
1 3 7848 7849 8010 8009
1 3 7849 7850 8011 8010
1 3 7850 7851 8012 8011
1 3 7851 7852 8013 8012
1 3 7852 7853 8014 8013
1 3 7853 7854 8015 8014
1 3 7854 7855 8016 8015
1 3 7855 7856 8017 8016
1 3 7856 7857 8018 8017
1 3 7857 7858 8019 8018
1 3 7858 7859 8020 8019
1 3 7859 7860 8021 8020
1 3 7860 7861 8022 8021
1 3 7861 7862 8023 8022
1 3 7862 7863 8024 8023
1 3 7863 7864 8025 8024
1 3 7864 7865 8026 8025
1 3 7865 7866 8027 8026
1 3 7866 7867 8028 8027
1 3 7867 7868 8029 8028
1 3 7868 7869 8030 8029
1 3 7869 7870 8031 8030
1 3 7870 7871 8032 8031
1 3 7871 7872 8033 8032
1 3 7872 7873 8034 8033
1 3 7873 7874 8035 8034
1 3 7874 7875 8036 8035
1 3 7875 7876 8037 8036
1 3 7876 7877 8038 8037
1 3 7877 7878 8039 8038
1 3 7878 7879 8040 8039
1 3 7879 7880 8041 8040
1 3 7880 7881 8042 8041
1 3 7881 7882 8043 8042
1 3 7882 7883 8044 8043
1 3 7883 7884 8045 8044
1 3 7884 7885 8046 8045
1 3 7885 7886 8047 8046
1 3 7886 7887 8048 8047
1 3 7887 7888 8049 8048
1 3 7889 7890 8051 8050
1 3 7890 7891 8052 8051
1 3 7891 7892 8053 8052
1 3 7892 7893 8054 8053
1 3 7893 7894 8055 8054
1 3 7894 7895 8056 8055
1 3 7895 7896 8057 8056
1 3 7896 7897 8058 8057
1 3 7897 7898 8059 8058
1 3 7898 7899 8060 8059
1 3 7899 7900 8061 8060
1 3 7900 7901 8062 8061
1 3 7901 7902 8063 8062
1 3 7902 7903 8064 8063
1 3 7903 7904 8065 8064
1 3 7904 7905 8066 8065
1 3 7905 7906 8067 8066
1 3 7906 7907 8068 8067
1 3 7907 7908 8069 8068
1 3 7908 7909 8070 8069
1 3 7909 7910 8071 8070
1 3 7910 7911 8072 8071
1 3 7911 7912 8073 8072
1 3 7912 7913 8074 8073
1 3 7913 7914 8075 8074
1 3 7914 7915 8076 8075
1 3 7915 7916 8077 8076
1 3 7916 7917 8078 8077
1 3 7917 7918 8079 8078
1 3 7918 7919 8080 8079
1 3 7919 7920 8081 8080
1 3 7920 7921 8082 8081
1 3 7921 7922 8083 8082
1 3 7922 7923 8084 8083
1 3 7923 7924 8085 8084
1 3 7924 7925 8086 8085
1 3 7925 7926 8087 8086
1 3 7926 7927 8088 8087
1 3 7927 7928 8089 8088
1 3 7928 7929 8090 8089
1 3 7929 7930 8091 8090
1 3 7930 7931 8092 8091
1 3 7931 7932 8093 8092
1 3 7932 7933 8094 8093
1 3 7933 7934 8095 8094
1 3 7934 7935 8096 8095
1 3 7935 7936 8097 8096
1 3 7936 7937 8098 8097
1 3 7937 7938 8099 8098
1 3 7938 7939 8100 8099
1 3 7939 7940 8101 8100
1 3 7940 7941 8102 8101
1 3 7941 7942 8103 8102
1 3 7942 7943 8104 8103
1 3 7943 7944 8105 8104
1 3 7944 7945 8106 8105
1 3 7945 7946 8107 8106
1 3 7946 7947 8108 8107
1 3 7947 7948 8109 8108
1 3 7948 7949 8110 8109
1 3 7949 7950 8111 8110
1 3 7950 7951 8112 8111
1 3 7951 7952 8113 8112
1 3 7952 7953 8114 8113
1 3 7953 7954 8115 8114
1 3 7954 7955 8116 8115
1 3 7955 7956 8117 8116
1 3 7956 7957 8118 8117
1 3 7957 7958 8119 8118
1 3 7958 7959 8120 8119
1 3 7959 7960 8121 8120
1 3 7960 7961 8122 8121
1 3 7961 7962 8123 8122
1 3 7962 7963 8124 8123
1 3 7963 7964 8125 8124
1 3 7964 7965 8126 8125
1 3 7965 7966 8127 8126
1 3 7966 7967 8128 8127
1 3 7967 7968 8129 8128
1 3 7968 7969 8130 8129
1 3 7969 7970 8131 8130
1 3 7970 7971 8132 8131
1 3 7971 7972 8133 8132
1 3 7972 7973 8134 8133
1 3 7973 7974 8135 8134
1 3 7974 7975 8136 8135
1 3 7975 7976 8137 8136
1 3 7976 7977 8138 8137
1 3 7977 7978 8139 8138
1 3 7978 7979 8140 8139
1 3 7979 7980 8141 8140
1 3 7980 7981 8142 8141
1 3 7981 7982 8143 8142
1 3 7982 7983 8144 8143
1 3 7983 7984 8145 8144
1 3 7984 7985 8146 8145
1 3 7985 7986 8147 8146
1 3 7986 7987 8148 8147
1 3 7987 7988 8149 8148
1 3 7988 7989 8150 8149
1 3 7989 7990 8151 8150
1 3 7990 7991 8152 8151
1 3 7991 7992 8153 8152
1 3 7992 7993 8154 8153
1 3 7993 7994 8155 8154
1 3 7994 7995 8156 8155
1 3 7995 7996 8157 8156
1 3 7996 7997 8158 8157
1 3 7997 7998 8159 8158
1 3 7998 7999 8160 8159
1 3 7999 8000 8161 8160
1 3 8000 8001 8162 8161
1 3 8001 8002 8163 8162
1 3 8002 8003 8164 8163
1 3 8003 8004 8165 8164
1 3 8004 8005 8166 8165
1 3 8005 8006 8167 8166
1 3 8006 8007 8168 8167
1 3 8007 8008 8169 8168
1 3 8008 8009 8170 8169
1 3 8009 8010 8171 8170
1 3 8010 8011 8172 8171
1 3 8011 8012 8173 8172
1 3 8012 8013 8174 8173
1 3 8013 8014 8175 8174
1 3 8014 8015 8176 8175
1 3 8015 8016 8177 8176
1 3 8016 8017 8178 8177
1 3 8017 8018 8179 8178
1 3 8018 8019 8180 8179
1 3 8019 8020 8181 8180
1 3 8020 8021 8182 8181
1 3 8021 8022 8183 8182
1 3 8022 8023 8184 8183
1 3 8023 8024 8185 8184
1 3 8024 8025 8186 8185
1 3 8025 8026 8187 8186
1 3 8026 8027 8188 8187
1 3 8027 8028 8189 8188
1 3 8028 8029 8190 8189
1 3 8029 8030 8191 8190
1 3 8030 8031 8192 8191
1 3 8031 8032 8193 8192
1 3 8032 8033 8194 8193
1 3 8033 8034 8195 8194
1 3 8034 8035 8196 8195
1 3 8035 8036 8197 8196
1 3 8036 8037 8198 8197
1 3 8037 8038 8199 8198
1 3 8038 8039 8200 8199
1 3 8039 8040 8201 8200
1 3 8040 8041 8202 8201
1 3 8041 8042 8203 8202
1 3 8042 8043 8204 8203
1 3 8043 8044 8205 8204
1 3 8044 8045 8206 8205
1 3 8045 8046 8207 8206
1 3 8046 8047 8208 8207
1 3 8047 8048 8209 8208
1 3 8048 8049 8210 8209
1 3 8050 8051 8212 8211
1 3 8051 8052 8213 8212
1 3 8052 8053 8214 8213
1 3 8053 8054 8215 8214
1 3 8054 8055 8216 8215
1 3 8055 8056 8217 8216
1 3 8056 8057 8218 8217
1 3 8057 8058 8219 8218
1 3 8058 8059 8220 8219
1 3 8059 8060 8221 8220
1 3 8060 8061 8222 8221
1 3 8061 8062 8223 8222
1 3 8062 8063 8224 8223
1 3 8063 8064 8225 8224
1 3 8064 8065 8226 8225
1 3 8065 8066 8227 8226
1 3 8066 8067 8228 8227
1 3 8067 8068 8229 8228
1 3 8068 8069 8230 8229
1 3 8069 8070 8231 8230
1 3 8070 8071 8232 8231
1 3 8071 8072 8233 8232
1 3 8072 8073 8234 8233
1 3 8073 8074 8235 8234
1 3 8074 8075 8236 8235
1 3 8075 8076 8237 8236
1 3 8076 8077 8238 8237
1 3 8077 8078 8239 8238
1 3 8078 8079 8240 8239
1 3 8079 8080 8241 8240
1 3 8080 8081 8242 8241
1 3 8081 8082 8243 8242
1 3 8082 8083 8244 8243
1 3 8083 8084 8245 8244
1 3 8084 8085 8246 8245
1 3 8085 8086 8247 8246
1 3 8086 8087 8248 8247
1 3 8087 8088 8249 8248
1 3 8088 8089 8250 8249
1 3 8089 8090 8251 8250
1 3 8090 8091 8252 8251
1 3 8091 8092 8253 8252
1 3 8092 8093 8254 8253
1 3 8093 8094 8255 8254
1 3 8094 8095 8256 8255
1 3 8095 8096 8257 8256
1 3 8096 8097 8258 8257
1 3 8097 8098 8259 8258
1 3 8098 8099 8260 8259
1 3 8099 8100 8261 8260
1 3 8100 8101 8262 8261
1 3 8101 8102 8263 8262
1 3 8102 8103 8264 8263
1 3 8103 8104 8265 8264
1 3 8104 8105 8266 8265
1 3 8105 8106 8267 8266
1 3 8106 8107 8268 8267
1 3 8107 8108 8269 8268
1 3 8108 8109 8270 8269
1 3 8109 8110 8271 8270
1 3 8110 8111 8272 8271
1 3 8111 8112 8273 8272
1 3 8112 8113 8274 8273
1 3 8113 8114 8275 8274
1 3 8114 8115 8276 8275
1 3 8115 8116 8277 8276
1 3 8116 8117 8278 8277
1 3 8117 8118 8279 8278
1 3 8118 8119 8280 8279
1 3 8119 8120 8281 8280
1 3 8120 8121 8282 8281
1 3 8121 8122 8283 8282
1 3 8122 8123 8284 8283
1 3 8123 8124 8285 8284
1 3 8124 8125 8286 8285
1 3 8125 8126 8287 8286
1 3 8126 8127 8288 8287
1 3 8127 8128 8289 8288
1 3 8128 8129 8290 8289
1 3 8129 8130 8291 8290
1 3 8130 8131 8292 8291
1 3 8131 8132 8293 8292
1 3 8132 8133 8294 8293
1 3 8133 8134 8295 8294
1 3 8134 8135 8296 8295
1 3 8135 8136 8297 8296
1 3 8136 8137 8298 8297
1 3 8137 8138 8299 8298
1 3 8138 8139 8300 8299
1 3 8139 8140 8301 8300
1 3 8140 8141 8302 8301
1 3 8141 8142 8303 8302
1 3 8142 8143 8304 8303
1 3 8143 8144 8305 8304
1 3 8144 8145 8306 8305
1 3 8145 8146 8307 8306
1 3 8146 8147 8308 8307
1 3 8147 8148 8309 8308
1 3 8148 8149 8310 8309
1 3 8149 8150 8311 8310
1 3 8150 8151 8312 8311
1 3 8151 8152 8313 8312
1 3 8152 8153 8314 8313
1 3 8153 8154 8315 8314
1 3 8154 8155 8316 8315
1 3 8155 8156 8317 8316
1 3 8156 8157 8318 8317
1 3 8157 8158 8319 8318
1 3 8158 8159 8320 8319
1 3 8159 8160 8321 8320
1 3 8160 8161 8322 8321
1 3 8161 8162 8323 8322
1 3 8162 8163 8324 8323
1 3 8163 8164 8325 8324
1 3 8164 8165 8326 8325
1 3 8165 8166 8327 8326
1 3 8166 8167 8328 8327
1 3 8167 8168 8329 8328
1 3 8168 8169 8330 8329
1 3 8169 8170 8331 8330
1 3 8170 8171 8332 8331
1 3 8171 8172 8333 8332
1 3 8172 8173 8334 8333
1 3 8173 8174 8335 8334
1 3 8174 8175 8336 8335
1 3 8175 8176 8337 8336
1 3 8176 8177 8338 8337
1 3 8177 8178 8339 8338
1 3 8178 8179 8340 8339
1 3 8179 8180 8341 8340
1 3 8180 8181 8342 8341
1 3 8181 8182 8343 8342
1 3 8182 8183 8344 8343
1 3 8183 8184 8345 8344
1 3 8184 8185 8346 8345
1 3 8185 8186 8347 8346
1 3 8186 8187 8348 8347
1 3 8187 8188 8349 8348
1 3 8188 8189 8350 8349
1 3 8189 8190 8351 8350
1 3 8190 8191 8352 8351
1 3 8191 8192 8353 8352
1 3 8192 8193 8354 8353
1 3 8193 8194 8355 8354
1 3 8194 8195 8356 8355
1 3 8195 8196 8357 8356
1 3 8196 8197 8358 8357
1 3 8197 8198 8359 8358
1 3 8198 8199 8360 8359
1 3 8199 8200 8361 8360
1 3 8200 8201 8362 8361
1 3 8201 8202 8363 8362
1 3 8202 8203 8364 8363
1 3 8203 8204 8365 8364
1 3 8204 8205 8366 8365
1 3 8205 8206 8367 8366
1 3 8206 8207 8368 8367
1 3 8207 8208 8369 8368
1 3 8208 8209 8370 8369
1 3 8209 8210 8371 8370
1 3 8211 8212 8373 8372
1 3 8212 8213 8374 8373
1 3 8213 8214 8375 8374
1 3 8214 8215 8376 8375
1 3 8215 8216 8377 8376
1 3 8216 8217 8378 8377
1 3 8217 8218 8379 8378
1 3 8218 8219 8380 8379
1 3 8219 8220 8381 8380
1 3 8220 8221 8382 8381
1 3 8221 8222 8383 8382
1 3 8222 8223 8384 8383
1 3 8223 8224 8385 8384
1 3 8224 8225 8386 8385
1 3 8225 8226 8387 8386
1 3 8226 8227 8388 8387
1 3 8227 8228 8389 8388
1 3 8228 8229 8390 8389
1 3 8229 8230 8391 8390
1 3 8230 8231 8392 8391
1 3 8231 8232 8393 8392
1 3 8232 8233 8394 8393
1 3 8233 8234 8395 8394
1 3 8234 8235 8396 8395
1 3 8235 8236 8397 8396
1 3 8236 8237 8398 8397
1 3 8237 8238 8399 8398
1 3 8238 8239 8400 8399
1 3 8239 8240 8401 8400
1 3 8240 8241 8402 8401
1 3 8241 8242 8403 8402
1 3 8242 8243 8404 8403
1 3 8243 8244 8405 8404
1 3 8244 8245 8406 8405
1 3 8245 8246 8407 8406
1 3 8246 8247 8408 8407
1 3 8247 8248 8409 8408
1 3 8248 8249 8410 8409
1 3 8249 8250 8411 8410
1 3 8250 8251 8412 8411
1 3 8251 8252 8413 8412
1 3 8252 8253 8414 8413
1 3 8253 8254 8415 8414
1 3 8254 8255 8416 8415
1 3 8255 8256 8417 8416
1 3 8256 8257 8418 8417
1 3 8257 8258 8419 8418
1 3 8258 8259 8420 8419
1 3 8259 8260 8421 8420
1 3 8260 8261 8422 8421
1 3 8261 8262 8423 8422
1 3 8262 8263 8424 8423
1 3 8263 8264 8425 8424
1 3 8264 8265 8426 8425
1 3 8265 8266 8427 8426
1 3 8266 8267 8428 8427
1 3 8267 8268 8429 8428
1 3 8268 8269 8430 8429
1 3 8269 8270 8431 8430
1 3 8270 8271 8432 8431
1 3 8271 8272 8433 8432
1 3 8272 8273 8434 8433
1 3 8273 8274 8435 8434
1 3 8274 8275 8436 8435
1 3 8275 8276 8437 8436
1 3 8276 8277 8438 8437
1 3 8277 8278 8439 8438
1 3 8278 8279 8440 8439
1 3 8279 8280 8441 8440
1 3 8280 8281 8442 8441
1 3 8281 8282 8443 8442
1 3 8282 8283 8444 8443
1 3 8283 8284 8445 8444
1 3 8284 8285 8446 8445
1 3 8285 8286 8447 8446
1 3 8286 8287 8448 8447
1 3 8287 8288 8449 8448
1 3 8288 8289 8450 8449
1 3 8289 8290 8451 8450
1 3 8290 8291 8452 8451
1 3 8291 8292 8453 8452
1 3 8292 8293 8454 8453
1 3 8293 8294 8455 8454
1 3 8294 8295 8456 8455
1 3 8295 8296 8457 8456
1 3 8296 8297 8458 8457
1 3 8297 8298 8459 8458
1 3 8298 8299 8460 8459
1 3 8299 8300 8461 8460
1 3 8300 8301 8462 8461
1 3 8301 8302 8463 8462
1 3 8302 8303 8464 8463
1 3 8303 8304 8465 8464
1 3 8304 8305 8466 8465
1 3 8305 8306 8467 8466
1 3 8306 8307 8468 8467
1 3 8307 8308 8469 8468
1 3 8308 8309 8470 8469
1 3 8309 8310 8471 8470
1 3 8310 8311 8472 8471
1 3 8311 8312 8473 8472
1 3 8312 8313 8474 8473
1 3 8313 8314 8475 8474
1 3 8314 8315 8476 8475
1 3 8315 8316 8477 8476
1 3 8316 8317 8478 8477
1 3 8317 8318 8479 8478
1 3 8318 8319 8480 8479
1 3 8319 8320 8481 8480
1 3 8320 8321 8482 8481
1 3 8321 8322 8483 8482
1 3 8322 8323 8484 8483
1 3 8323 8324 8485 8484
1 3 8324 8325 8486 8485
1 3 8325 8326 8487 8486
1 3 8326 8327 8488 8487
1 3 8327 8328 8489 8488
1 3 8328 8329 8490 8489
1 3 8329 8330 8491 8490
1 3 8330 8331 8492 8491
1 3 8331 8332 8493 8492
1 3 8332 8333 8494 8493
1 3 8333 8334 8495 8494
1 3 8334 8335 8496 8495
1 3 8335 8336 8497 8496
1 3 8336 8337 8498 8497
1 3 8337 8338 8499 8498
1 3 8338 8339 8500 8499
1 3 8339 8340 8501 8500
1 3 8340 8341 8502 8501
1 3 8341 8342 8503 8502
1 3 8342 8343 8504 8503
1 3 8343 8344 8505 8504
1 3 8344 8345 8506 8505
1 3 8345 8346 8507 8506
1 3 8346 8347 8508 8507
1 3 8347 8348 8509 8508
1 3 8348 8349 8510 8509
1 3 8349 8350 8511 8510
1 3 8350 8351 8512 8511
1 3 8351 8352 8513 8512
1 3 8352 8353 8514 8513
1 3 8353 8354 8515 8514
1 3 8354 8355 8516 8515
1 3 8355 8356 8517 8516
1 3 8356 8357 8518 8517
1 3 8357 8358 8519 8518
1 3 8358 8359 8520 8519
1 3 8359 8360 8521 8520
1 3 8360 8361 8522 8521
1 3 8361 8362 8523 8522
1 3 8362 8363 8524 8523
1 3 8363 8364 8525 8524
1 3 8364 8365 8526 8525
1 3 8365 8366 8527 8526
1 3 8366 8367 8528 8527
1 3 8367 8368 8529 8528
1 3 8368 8369 8530 8529
1 3 8369 8370 8531 8530
1 3 8370 8371 8532 8531
1 3 8372 8373 8534 8533
1 3 8373 8374 8535 8534
1 3 8374 8375 8536 8535
1 3 8375 8376 8537 8536
1 3 8376 8377 8538 8537
1 3 8377 8378 8539 8538
1 3 8378 8379 8540 8539
1 3 8379 8380 8541 8540
1 3 8380 8381 8542 8541
1 3 8381 8382 8543 8542
1 3 8382 8383 8544 8543
1 3 8383 8384 8545 8544
1 3 8384 8385 8546 8545
1 3 8385 8386 8547 8546
1 3 8386 8387 8548 8547
1 3 8387 8388 8549 8548
1 3 8388 8389 8550 8549
1 3 8389 8390 8551 8550
1 3 8390 8391 8552 8551
1 3 8391 8392 8553 8552
1 3 8392 8393 8554 8553
1 3 8393 8394 8555 8554
1 3 8394 8395 8556 8555
1 3 8395 8396 8557 8556
1 3 8396 8397 8558 8557
1 3 8397 8398 8559 8558
1 3 8398 8399 8560 8559
1 3 8399 8400 8561 8560
1 3 8400 8401 8562 8561
1 3 8401 8402 8563 8562
1 3 8402 8403 8564 8563
1 3 8403 8404 8565 8564
1 3 8404 8405 8566 8565
1 3 8405 8406 8567 8566
1 3 8406 8407 8568 8567
1 3 8407 8408 8569 8568
1 3 8408 8409 8570 8569
1 3 8409 8410 8571 8570
1 3 8410 8411 8572 8571
1 3 8411 8412 8573 8572
1 3 8412 8413 8574 8573
1 3 8413 8414 8575 8574
1 3 8414 8415 8576 8575
1 3 8415 8416 8577 8576
1 3 8416 8417 8578 8577
1 3 8417 8418 8579 8578
1 3 8418 8419 8580 8579
1 3 8419 8420 8581 8580
1 3 8420 8421 8582 8581
1 3 8421 8422 8583 8582
1 3 8422 8423 8584 8583
1 3 8423 8424 8585 8584
1 3 8424 8425 8586 8585
1 3 8425 8426 8587 8586
1 3 8426 8427 8588 8587
1 3 8427 8428 8589 8588
1 3 8428 8429 8590 8589
1 3 8429 8430 8591 8590
1 3 8430 8431 8592 8591
1 3 8431 8432 8593 8592
1 3 8432 8433 8594 8593
1 3 8433 8434 8595 8594
1 3 8434 8435 8596 8595
1 3 8435 8436 8597 8596
1 3 8436 8437 8598 8597
1 3 8437 8438 8599 8598
1 3 8438 8439 8600 8599
1 3 8439 8440 8601 8600
1 3 8440 8441 8602 8601
1 3 8441 8442 8603 8602
1 3 8442 8443 8604 8603
1 3 8443 8444 8605 8604
1 3 8444 8445 8606 8605
1 3 8445 8446 8607 8606
1 3 8446 8447 8608 8607
1 3 8447 8448 8609 8608
1 3 8448 8449 8610 8609
1 3 8449 8450 8611 8610
1 3 8450 8451 8612 8611
1 3 8451 8452 8613 8612
1 3 8452 8453 8614 8613
1 3 8453 8454 8615 8614
1 3 8454 8455 8616 8615
1 3 8455 8456 8617 8616
1 3 8456 8457 8618 8617
1 3 8457 8458 8619 8618
1 3 8458 8459 8620 8619
1 3 8459 8460 8621 8620
1 3 8460 8461 8622 8621
1 3 8461 8462 8623 8622
1 3 8462 8463 8624 8623
1 3 8463 8464 8625 8624
1 3 8464 8465 8626 8625
1 3 8465 8466 8627 8626
1 3 8466 8467 8628 8627
1 3 8467 8468 8629 8628
1 3 8468 8469 8630 8629
1 3 8469 8470 8631 8630
1 3 8470 8471 8632 8631
1 3 8471 8472 8633 8632
1 3 8472 8473 8634 8633
1 3 8473 8474 8635 8634
1 3 8474 8475 8636 8635
1 3 8475 8476 8637 8636
1 3 8476 8477 8638 8637
1 3 8477 8478 8639 8638
1 3 8478 8479 8640 8639
1 3 8479 8480 8641 8640
1 3 8480 8481 8642 8641
1 3 8481 8482 8643 8642
1 3 8482 8483 8644 8643
1 3 8483 8484 8645 8644
1 3 8484 8485 8646 8645
1 3 8485 8486 8647 8646
1 3 8486 8487 8648 8647
1 3 8487 8488 8649 8648
1 3 8488 8489 8650 8649
1 3 8489 8490 8651 8650
1 3 8490 8491 8652 8651
1 3 8491 8492 8653 8652
1 3 8492 8493 8654 8653
1 3 8493 8494 8655 8654
1 3 8494 8495 8656 8655
1 3 8495 8496 8657 8656
1 3 8496 8497 8658 8657
1 3 8497 8498 8659 8658
1 3 8498 8499 8660 8659
1 3 8499 8500 8661 8660
1 3 8500 8501 8662 8661
1 3 8501 8502 8663 8662
1 3 8502 8503 8664 8663
1 3 8503 8504 8665 8664
1 3 8504 8505 8666 8665
1 3 8505 8506 8667 8666
1 3 8506 8507 8668 8667
1 3 8507 8508 8669 8668
1 3 8508 8509 8670 8669
1 3 8509 8510 8671 8670
1 3 8510 8511 8672 8671
1 3 8511 8512 8673 8672
1 3 8512 8513 8674 8673
1 3 8513 8514 8675 8674
1 3 8514 8515 8676 8675
1 3 8515 8516 8677 8676
1 3 8516 8517 8678 8677
1 3 8517 8518 8679 8678
1 3 8518 8519 8680 8679
1 3 8519 8520 8681 8680
1 3 8520 8521 8682 8681
1 3 8521 8522 8683 8682
1 3 8522 8523 8684 8683
1 3 8523 8524 8685 8684
1 3 8524 8525 8686 8685
1 3 8525 8526 8687 8686
1 3 8526 8527 8688 8687
1 3 8527 8528 8689 8688
1 3 8528 8529 8690 8689
1 3 8529 8530 8691 8690
1 3 8530 8531 8692 8691
1 3 8531 8532 8693 8692
1 3 8533 8534 8695 8694
1 3 8534 8535 8696 8695
1 3 8535 8536 8697 8696
1 3 8536 8537 8698 8697
1 3 8537 8538 8699 8698
1 3 8538 8539 8700 8699
1 3 8539 8540 8701 8700
1 3 8540 8541 8702 8701
1 3 8541 8542 8703 8702
1 3 8542 8543 8704 8703
1 3 8543 8544 8705 8704
1 3 8544 8545 8706 8705
1 3 8545 8546 8707 8706
1 3 8546 8547 8708 8707
1 3 8547 8548 8709 8708
1 3 8548 8549 8710 8709
1 3 8549 8550 8711 8710
1 3 8550 8551 8712 8711
1 3 8551 8552 8713 8712
1 3 8552 8553 8714 8713
1 3 8553 8554 8715 8714
1 3 8554 8555 8716 8715
1 3 8555 8556 8717 8716
1 3 8556 8557 8718 8717
1 3 8557 8558 8719 8718
1 3 8558 8559 8720 8719
1 3 8559 8560 8721 8720
1 3 8560 8561 8722 8721
1 3 8561 8562 8723 8722
1 3 8562 8563 8724 8723
1 3 8563 8564 8725 8724
1 3 8564 8565 8726 8725
1 3 8565 8566 8727 8726
1 3 8566 8567 8728 8727
1 3 8567 8568 8729 8728
1 3 8568 8569 8730 8729
1 3 8569 8570 8731 8730
1 3 8570 8571 8732 8731
1 3 8571 8572 8733 8732
1 3 8572 8573 8734 8733
1 3 8573 8574 8735 8734
1 3 8574 8575 8736 8735
1 3 8575 8576 8737 8736
1 3 8576 8577 8738 8737
1 3 8577 8578 8739 8738
1 3 8578 8579 8740 8739
1 3 8579 8580 8741 8740
1 3 8580 8581 8742 8741
1 3 8581 8582 8743 8742
1 3 8582 8583 8744 8743
1 3 8583 8584 8745 8744
1 3 8584 8585 8746 8745
1 3 8585 8586 8747 8746
1 3 8586 8587 8748 8747
1 3 8587 8588 8749 8748
1 3 8588 8589 8750 8749
1 3 8589 8590 8751 8750
1 3 8590 8591 8752 8751
1 3 8591 8592 8753 8752
1 3 8592 8593 8754 8753
1 3 8593 8594 8755 8754
1 3 8594 8595 8756 8755
1 3 8595 8596 8757 8756
1 3 8596 8597 8758 8757
1 3 8597 8598 8759 8758
1 3 8598 8599 8760 8759
1 3 8599 8600 8761 8760
1 3 8600 8601 8762 8761
1 3 8601 8602 8763 8762
1 3 8602 8603 8764 8763
1 3 8603 8604 8765 8764
1 3 8604 8605 8766 8765
1 3 8605 8606 8767 8766
1 3 8606 8607 8768 8767
1 3 8607 8608 8769 8768
1 3 8608 8609 8770 8769
1 3 8609 8610 8771 8770
1 3 8610 8611 8772 8771
1 3 8611 8612 8773 8772
1 3 8612 8613 8774 8773
1 3 8613 8614 8775 8774
1 3 8614 8615 8776 8775
1 3 8615 8616 8777 8776
1 3 8616 8617 8778 8777
1 3 8617 8618 8779 8778
1 3 8618 8619 8780 8779
1 3 8619 8620 8781 8780
1 3 8620 8621 8782 8781
1 3 8621 8622 8783 8782
1 3 8622 8623 8784 8783
1 3 8623 8624 8785 8784
1 3 8624 8625 8786 8785
1 3 8625 8626 8787 8786
1 3 8626 8627 8788 8787
1 3 8627 8628 8789 8788
1 3 8628 8629 8790 8789
1 3 8629 8630 8791 8790
1 3 8630 8631 8792 8791
1 3 8631 8632 8793 8792
1 3 8632 8633 8794 8793
1 3 8633 8634 8795 8794
1 3 8634 8635 8796 8795
1 3 8635 8636 8797 8796
1 3 8636 8637 8798 8797
1 3 8637 8638 8799 8798
1 3 8638 8639 8800 8799
1 3 8639 8640 8801 8800
1 3 8640 8641 8802 8801
1 3 8641 8642 8803 8802
1 3 8642 8643 8804 8803
1 3 8643 8644 8805 8804
1 3 8644 8645 8806 8805
1 3 8645 8646 8807 8806
1 3 8646 8647 8808 8807
1 3 8647 8648 8809 8808
1 3 8648 8649 8810 8809
1 3 8649 8650 8811 8810
1 3 8650 8651 8812 8811
1 3 8651 8652 8813 8812
1 3 8652 8653 8814 8813
1 3 8653 8654 8815 8814
1 3 8654 8655 8816 8815
1 3 8655 8656 8817 8816
1 3 8656 8657 8818 8817
1 3 8657 8658 8819 8818
1 3 8658 8659 8820 8819
1 3 8659 8660 8821 8820
1 3 8660 8661 8822 8821
1 3 8661 8662 8823 8822
1 3 8662 8663 8824 8823
1 3 8663 8664 8825 8824
1 3 8664 8665 8826 8825
1 3 8665 8666 8827 8826
1 3 8666 8667 8828 8827
1 3 8667 8668 8829 8828
1 3 8668 8669 8830 8829
1 3 8669 8670 8831 8830
1 3 8670 8671 8832 8831
1 3 8671 8672 8833 8832
1 3 8672 8673 8834 8833
1 3 8673 8674 8835 8834
1 3 8674 8675 8836 8835
1 3 8675 8676 8837 8836
1 3 8676 8677 8838 8837
1 3 8677 8678 8839 8838
1 3 8678 8679 8840 8839
1 3 8679 8680 8841 8840
1 3 8680 8681 8842 8841
1 3 8681 8682 8843 8842
1 3 8682 8683 8844 8843
1 3 8683 8684 8845 8844
1 3 8684 8685 8846 8845
1 3 8685 8686 8847 8846
1 3 8686 8687 8848 8847
1 3 8687 8688 8849 8848
1 3 8688 8689 8850 8849
1 3 8689 8690 8851 8850
1 3 8690 8691 8852 8851
1 3 8691 8692 8853 8852
1 3 8692 8693 8854 8853
1 3 8694 8695 8856 8855
1 3 8695 8696 8857 8856
1 3 8696 8697 8858 8857
1 3 8697 8698 8859 8858
1 3 8698 8699 8860 8859
1 3 8699 8700 8861 8860
1 3 8700 8701 8862 8861
1 3 8701 8702 8863 8862
1 3 8702 8703 8864 8863
1 3 8703 8704 8865 8864
1 3 8704 8705 8866 8865
1 3 8705 8706 8867 8866
1 3 8706 8707 8868 8867
1 3 8707 8708 8869 8868
1 3 8708 8709 8870 8869
1 3 8709 8710 8871 8870
1 3 8710 8711 8872 8871
1 3 8711 8712 8873 8872
1 3 8712 8713 8874 8873
1 3 8713 8714 8875 8874
1 3 8714 8715 8876 8875
1 3 8715 8716 8877 8876
1 3 8716 8717 8878 8877
1 3 8717 8718 8879 8878
1 3 8718 8719 8880 8879
1 3 8719 8720 8881 8880
1 3 8720 8721 8882 8881
1 3 8721 8722 8883 8882
1 3 8722 8723 8884 8883
1 3 8723 8724 8885 8884
1 3 8724 8725 8886 8885
1 3 8725 8726 8887 8886
1 3 8726 8727 8888 8887
1 3 8727 8728 8889 8888
1 3 8728 8729 8890 8889
1 3 8729 8730 8891 8890
1 3 8730 8731 8892 8891
1 3 8731 8732 8893 8892
1 3 8732 8733 8894 8893
1 3 8733 8734 8895 8894
1 3 8734 8735 8896 8895
1 3 8735 8736 8897 8896
1 3 8736 8737 8898 8897
1 3 8737 8738 8899 8898
1 3 8738 8739 8900 8899
1 3 8739 8740 8901 8900
1 3 8740 8741 8902 8901
1 3 8741 8742 8903 8902
1 3 8742 8743 8904 8903
1 3 8743 8744 8905 8904
1 3 8744 8745 8906 8905
1 3 8745 8746 8907 8906
1 3 8746 8747 8908 8907
1 3 8747 8748 8909 8908
1 3 8748 8749 8910 8909
1 3 8749 8750 8911 8910
1 3 8750 8751 8912 8911
1 3 8751 8752 8913 8912
1 3 8752 8753 8914 8913
1 3 8753 8754 8915 8914
1 3 8754 8755 8916 8915
1 3 8755 8756 8917 8916
1 3 8756 8757 8918 8917
1 3 8757 8758 8919 8918
1 3 8758 8759 8920 8919
1 3 8759 8760 8921 8920
1 3 8760 8761 8922 8921
1 3 8761 8762 8923 8922
1 3 8762 8763 8924 8923
1 3 8763 8764 8925 8924
1 3 8764 8765 8926 8925
1 3 8765 8766 8927 8926
1 3 8766 8767 8928 8927
1 3 8767 8768 8929 8928
1 3 8768 8769 8930 8929
1 3 8769 8770 8931 8930
1 3 8770 8771 8932 8931
1 3 8771 8772 8933 8932
1 3 8772 8773 8934 8933
1 3 8773 8774 8935 8934
1 3 8774 8775 8936 8935
1 3 8775 8776 8937 8936
1 3 8776 8777 8938 8937
1 3 8777 8778 8939 8938
1 3 8778 8779 8940 8939
1 3 8779 8780 8941 8940
1 3 8780 8781 8942 8941
1 3 8781 8782 8943 8942
1 3 8782 8783 8944 8943
1 3 8783 8784 8945 8944
1 3 8784 8785 8946 8945
1 3 8785 8786 8947 8946
1 3 8786 8787 8948 8947
1 3 8787 8788 8949 8948
1 3 8788 8789 8950 8949
1 3 8789 8790 8951 8950
1 3 8790 8791 8952 8951
1 3 8791 8792 8953 8952
1 3 8792 8793 8954 8953
1 3 8793 8794 8955 8954
1 3 8794 8795 8956 8955
1 3 8795 8796 8957 8956
1 3 8796 8797 8958 8957
1 3 8797 8798 8959 8958
1 3 8798 8799 8960 8959
1 3 8799 8800 8961 8960
1 3 8800 8801 8962 8961
1 3 8801 8802 8963 8962
1 3 8802 8803 8964 8963
1 3 8803 8804 8965 8964
1 3 8804 8805 8966 8965
1 3 8805 8806 8967 8966
1 3 8806 8807 8968 8967
1 3 8807 8808 8969 8968
1 3 8808 8809 8970 8969
1 3 8809 8810 8971 8970
1 3 8810 8811 8972 8971
1 3 8811 8812 8973 8972
1 3 8812 8813 8974 8973
1 3 8813 8814 8975 8974
1 3 8814 8815 8976 8975
1 3 8815 8816 8977 8976
1 3 8816 8817 8978 8977
1 3 8817 8818 8979 8978
1 3 8818 8819 8980 8979
1 3 8819 8820 8981 8980
1 3 8820 8821 8982 8981
1 3 8821 8822 8983 8982
1 3 8822 8823 8984 8983
1 3 8823 8824 8985 8984
1 3 8824 8825 8986 8985
1 3 8825 8826 8987 8986
1 3 8826 8827 8988 8987
1 3 8827 8828 8989 8988
1 3 8828 8829 8990 8989
1 3 8829 8830 8991 8990
1 3 8830 8831 8992 8991
1 3 8831 8832 8993 8992
1 3 8832 8833 8994 8993
1 3 8833 8834 8995 8994
1 3 8834 8835 8996 8995
1 3 8835 8836 8997 8996
1 3 8836 8837 8998 8997
1 3 8837 8838 8999 8998
1 3 8838 8839 9000 8999
1 3 8839 8840 9001 9000
1 3 8840 8841 9002 9001
1 3 8841 8842 9003 9002
1 3 8842 8843 9004 9003
1 3 8843 8844 9005 9004
1 3 8844 8845 9006 9005
1 3 8845 8846 9007 9006
1 3 8846 8847 9008 9007
1 3 8847 8848 9009 9008
1 3 8848 8849 9010 9009
1 3 8849 8850 9011 9010
1 3 8850 8851 9012 9011
1 3 8851 8852 9013 9012
1 3 8852 8853 9014 9013
1 3 8853 8854 9015 9014
1 3 8855 8856 9017 9016
1 3 8856 8857 9018 9017
1 3 8857 8858 9019 9018
1 3 8858 8859 9020 9019
1 3 8859 8860 9021 9020
1 3 8860 8861 9022 9021
1 3 8861 8862 9023 9022
1 3 8862 8863 9024 9023
1 3 8863 8864 9025 9024
1 3 8864 8865 9026 9025
1 3 8865 8866 9027 9026
1 3 8866 8867 9028 9027
1 3 8867 8868 9029 9028
1 3 8868 8869 9030 9029
1 3 8869 8870 9031 9030
1 3 8870 8871 9032 9031
1 3 8871 8872 9033 9032
1 3 8872 8873 9034 9033
1 3 8873 8874 9035 9034
1 3 8874 8875 9036 9035
1 3 8875 8876 9037 9036
1 3 8876 8877 9038 9037
1 3 8877 8878 9039 9038
1 3 8878 8879 9040 9039
1 3 8879 8880 9041 9040
1 3 8880 8881 9042 9041
1 3 8881 8882 9043 9042
1 3 8882 8883 9044 9043
1 3 8883 8884 9045 9044
1 3 8884 8885 9046 9045
1 3 8885 8886 9047 9046
1 3 8886 8887 9048 9047
1 3 8887 8888 9049 9048
1 3 8888 8889 9050 9049
1 3 8889 8890 9051 9050
1 3 8890 8891 9052 9051
1 3 8891 8892 9053 9052
1 3 8892 8893 9054 9053
1 3 8893 8894 9055 9054
1 3 8894 8895 9056 9055
1 3 8895 8896 9057 9056
1 3 8896 8897 9058 9057
1 3 8897 8898 9059 9058
1 3 8898 8899 9060 9059
1 3 8899 8900 9061 9060
1 3 8900 8901 9062 9061
1 3 8901 8902 9063 9062
1 3 8902 8903 9064 9063
1 3 8903 8904 9065 9064
1 3 8904 8905 9066 9065
1 3 8905 8906 9067 9066
1 3 8906 8907 9068 9067
1 3 8907 8908 9069 9068
1 3 8908 8909 9070 9069
1 3 8909 8910 9071 9070
1 3 8910 8911 9072 9071
1 3 8911 8912 9073 9072
1 3 8912 8913 9074 9073
1 3 8913 8914 9075 9074
1 3 8914 8915 9076 9075
1 3 8915 8916 9077 9076
1 3 8916 8917 9078 9077
1 3 8917 8918 9079 9078
1 3 8918 8919 9080 9079
1 3 8919 8920 9081 9080
1 3 8920 8921 9082 9081
1 3 8921 8922 9083 9082
1 3 8922 8923 9084 9083
1 3 8923 8924 9085 9084
1 3 8924 8925 9086 9085
1 3 8925 8926 9087 9086
1 3 8926 8927 9088 9087
1 3 8927 8928 9089 9088
1 3 8928 8929 9090 9089
1 3 8929 8930 9091 9090
1 3 8930 8931 9092 9091
1 3 8931 8932 9093 9092
1 3 8932 8933 9094 9093
1 3 8933 8934 9095 9094
1 3 8934 8935 9096 9095
1 3 8935 8936 9097 9096
1 3 8936 8937 9098 9097
1 3 8937 8938 9099 9098
1 3 8938 8939 9100 9099
1 3 8939 8940 9101 9100
1 3 8940 8941 9102 9101
1 3 8941 8942 9103 9102
1 3 8942 8943 9104 9103
1 3 8943 8944 9105 9104
1 3 8944 8945 9106 9105
1 3 8945 8946 9107 9106
1 3 8946 8947 9108 9107
1 3 8947 8948 9109 9108
1 3 8948 8949 9110 9109
1 3 8949 8950 9111 9110
1 3 8950 8951 9112 9111
1 3 8951 8952 9113 9112
1 3 8952 8953 9114 9113
1 3 8953 8954 9115 9114
1 3 8954 8955 9116 9115
1 3 8955 8956 9117 9116
1 3 8956 8957 9118 9117
1 3 8957 8958 9119 9118
1 3 8958 8959 9120 9119
1 3 8959 8960 9121 9120
1 3 8960 8961 9122 9121
1 3 8961 8962 9123 9122
1 3 8962 8963 9124 9123
1 3 8963 8964 9125 9124
1 3 8964 8965 9126 9125
1 3 8965 8966 9127 9126
1 3 8966 8967 9128 9127
1 3 8967 8968 9129 9128
1 3 8968 8969 9130 9129
1 3 8969 8970 9131 9130
1 3 8970 8971 9132 9131
1 3 8971 8972 9133 9132
1 3 8972 8973 9134 9133
1 3 8973 8974 9135 9134
1 3 8974 8975 9136 9135
1 3 8975 8976 9137 9136
1 3 8976 8977 9138 9137
1 3 8977 8978 9139 9138
1 3 8978 8979 9140 9139
1 3 8979 8980 9141 9140
1 3 8980 8981 9142 9141
1 3 8981 8982 9143 9142
1 3 8982 8983 9144 9143
1 3 8983 8984 9145 9144
1 3 8984 8985 9146 9145
1 3 8985 8986 9147 9146
1 3 8986 8987 9148 9147
1 3 8987 8988 9149 9148
1 3 8988 8989 9150 9149
1 3 8989 8990 9151 9150
1 3 8990 8991 9152 9151
1 3 8991 8992 9153 9152
1 3 8992 8993 9154 9153
1 3 8993 8994 9155 9154
1 3 8994 8995 9156 9155
1 3 8995 8996 9157 9156
1 3 8996 8997 9158 9157
1 3 8997 8998 9159 9158
1 3 8998 8999 9160 9159
1 3 8999 9000 9161 9160
1 3 9000 9001 9162 9161
1 3 9001 9002 9163 9162
1 3 9002 9003 9164 9163
1 3 9003 9004 9165 9164
1 3 9004 9005 9166 9165
1 3 9005 9006 9167 9166
1 3 9006 9007 9168 9167
1 3 9007 9008 9169 9168
1 3 9008 9009 9170 9169
1 3 9009 9010 9171 9170
1 3 9010 9011 9172 9171
1 3 9011 9012 9173 9172
1 3 9012 9013 9174 9173
1 3 9013 9014 9175 9174
1 3 9014 9015 9176 9175
1 3 9016 9017 9178 9177
1 3 9017 9018 9179 9178
1 3 9018 9019 9180 9179
1 3 9019 9020 9181 9180
1 3 9020 9021 9182 9181
1 3 9021 9022 9183 9182
1 3 9022 9023 9184 9183
1 3 9023 9024 9185 9184
1 3 9024 9025 9186 9185
1 3 9025 9026 9187 9186
1 3 9026 9027 9188 9187
1 3 9027 9028 9189 9188
1 3 9028 9029 9190 9189
1 3 9029 9030 9191 9190
1 3 9030 9031 9192 9191
1 3 9031 9032 9193 9192
1 3 9032 9033 9194 9193
1 3 9033 9034 9195 9194
1 3 9034 9035 9196 9195
1 3 9035 9036 9197 9196
1 3 9036 9037 9198 9197
1 3 9037 9038 9199 9198
1 3 9038 9039 9200 9199
1 3 9039 9040 9201 9200
1 3 9040 9041 9202 9201
1 3 9041 9042 9203 9202
1 3 9042 9043 9204 9203
1 3 9043 9044 9205 9204
1 3 9044 9045 9206 9205
1 3 9045 9046 9207 9206
1 3 9046 9047 9208 9207
1 3 9047 9048 9209 9208
1 3 9048 9049 9210 9209
1 3 9049 9050 9211 9210
1 3 9050 9051 9212 9211
1 3 9051 9052 9213 9212
1 3 9052 9053 9214 9213
1 3 9053 9054 9215 9214
1 3 9054 9055 9216 9215
1 3 9055 9056 9217 9216
1 3 9056 9057 9218 9217
1 3 9057 9058 9219 9218
1 3 9058 9059 9220 9219
1 3 9059 9060 9221 9220
1 3 9060 9061 9222 9221
1 3 9061 9062 9223 9222
1 3 9062 9063 9224 9223
1 3 9063 9064 9225 9224
1 3 9064 9065 9226 9225
1 3 9065 9066 9227 9226
1 3 9066 9067 9228 9227
1 3 9067 9068 9229 9228
1 3 9068 9069 9230 9229
1 3 9069 9070 9231 9230
1 3 9070 9071 9232 9231
1 3 9071 9072 9233 9232
1 3 9072 9073 9234 9233
1 3 9073 9074 9235 9234
1 3 9074 9075 9236 9235
1 3 9075 9076 9237 9236
1 3 9076 9077 9238 9237
1 3 9077 9078 9239 9238
1 3 9078 9079 9240 9239
1 3 9079 9080 9241 9240
1 3 9080 9081 9242 9241
1 3 9081 9082 9243 9242
1 3 9082 9083 9244 9243
1 3 9083 9084 9245 9244
1 3 9084 9085 9246 9245
1 3 9085 9086 9247 9246
1 3 9086 9087 9248 9247
1 3 9087 9088 9249 9248
1 3 9088 9089 9250 9249
1 3 9089 9090 9251 9250
1 3 9090 9091 9252 9251
1 3 9091 9092 9253 9252
1 3 9092 9093 9254 9253
1 3 9093 9094 9255 9254
1 3 9094 9095 9256 9255
1 3 9095 9096 9257 9256
1 3 9096 9097 9258 9257
1 3 9097 9098 9259 9258
1 3 9098 9099 9260 9259
1 3 9099 9100 9261 9260
1 3 9100 9101 9262 9261
1 3 9101 9102 9263 9262
1 3 9102 9103 9264 9263
1 3 9103 9104 9265 9264
1 3 9104 9105 9266 9265
1 3 9105 9106 9267 9266
1 3 9106 9107 9268 9267
1 3 9107 9108 9269 9268
1 3 9108 9109 9270 9269
1 3 9109 9110 9271 9270
1 3 9110 9111 9272 9271
1 3 9111 9112 9273 9272
1 3 9112 9113 9274 9273
1 3 9113 9114 9275 9274
1 3 9114 9115 9276 9275
1 3 9115 9116 9277 9276
1 3 9116 9117 9278 9277
1 3 9117 9118 9279 9278
1 3 9118 9119 9280 9279
1 3 9119 9120 9281 9280
1 3 9120 9121 9282 9281
1 3 9121 9122 9283 9282
1 3 9122 9123 9284 9283
1 3 9123 9124 9285 9284
1 3 9124 9125 9286 9285
1 3 9125 9126 9287 9286
1 3 9126 9127 9288 9287
1 3 9127 9128 9289 9288
1 3 9128 9129 9290 9289
1 3 9129 9130 9291 9290
1 3 9130 9131 9292 9291
1 3 9131 9132 9293 9292
1 3 9132 9133 9294 9293
1 3 9133 9134 9295 9294
1 3 9134 9135 9296 9295
1 3 9135 9136 9297 9296
1 3 9136 9137 9298 9297
1 3 9137 9138 9299 9298
1 3 9138 9139 9300 9299
1 3 9139 9140 9301 9300
1 3 9140 9141 9302 9301
1 3 9141 9142 9303 9302
1 3 9142 9143 9304 9303
1 3 9143 9144 9305 9304
1 3 9144 9145 9306 9305
1 3 9145 9146 9307 9306
1 3 9146 9147 9308 9307
1 3 9147 9148 9309 9308
1 3 9148 9149 9310 9309
1 3 9149 9150 9311 9310
1 3 9150 9151 9312 9311
1 3 9151 9152 9313 9312
1 3 9152 9153 9314 9313
1 3 9153 9154 9315 9314
1 3 9154 9155 9316 9315
1 3 9155 9156 9317 9316
1 3 9156 9157 9318 9317
1 3 9157 9158 9319 9318
1 3 9158 9159 9320 9319
1 3 9159 9160 9321 9320
1 3 9160 9161 9322 9321
1 3 9161 9162 9323 9322
1 3 9162 9163 9324 9323
1 3 9163 9164 9325 9324
1 3 9164 9165 9326 9325
1 3 9165 9166 9327 9326
1 3 9166 9167 9328 9327
1 3 9167 9168 9329 9328
1 3 9168 9169 9330 9329
1 3 9169 9170 9331 9330
1 3 9170 9171 9332 9331
1 3 9171 9172 9333 9332
1 3 9172 9173 9334 9333
1 3 9173 9174 9335 9334
1 3 9174 9175 9336 9335
1 3 9175 9176 9337 9336
1 3 9177 9178 9339 9338
1 3 9178 9179 9340 9339
1 3 9179 9180 9341 9340
1 3 9180 9181 9342 9341
1 3 9181 9182 9343 9342
1 3 9182 9183 9344 9343
1 3 9183 9184 9345 9344
1 3 9184 9185 9346 9345
1 3 9185 9186 9347 9346
1 3 9186 9187 9348 9347
1 3 9187 9188 9349 9348
1 3 9188 9189 9350 9349
1 3 9189 9190 9351 9350
1 3 9190 9191 9352 9351
1 3 9191 9192 9353 9352
1 3 9192 9193 9354 9353
1 3 9193 9194 9355 9354
1 3 9194 9195 9356 9355
1 3 9195 9196 9357 9356
1 3 9196 9197 9358 9357
1 3 9197 9198 9359 9358
1 3 9198 9199 9360 9359
1 3 9199 9200 9361 9360
1 3 9200 9201 9362 9361
1 3 9201 9202 9363 9362
1 3 9202 9203 9364 9363
1 3 9203 9204 9365 9364
1 3 9204 9205 9366 9365
1 3 9205 9206 9367 9366
1 3 9206 9207 9368 9367
1 3 9207 9208 9369 9368
1 3 9208 9209 9370 9369
1 3 9209 9210 9371 9370
1 3 9210 9211 9372 9371
1 3 9211 9212 9373 9372
1 3 9212 9213 9374 9373
1 3 9213 9214 9375 9374
1 3 9214 9215 9376 9375
1 3 9215 9216 9377 9376
1 3 9216 9217 9378 9377
1 3 9217 9218 9379 9378
1 3 9218 9219 9380 9379
1 3 9219 9220 9381 9380
1 3 9220 9221 9382 9381
1 3 9221 9222 9383 9382
1 3 9222 9223 9384 9383
1 3 9223 9224 9385 9384
1 3 9224 9225 9386 9385
1 3 9225 9226 9387 9386
1 3 9226 9227 9388 9387
1 3 9227 9228 9389 9388
1 3 9228 9229 9390 9389
1 3 9229 9230 9391 9390
1 3 9230 9231 9392 9391
1 3 9231 9232 9393 9392
1 3 9232 9233 9394 9393
1 3 9233 9234 9395 9394
1 3 9234 9235 9396 9395
1 3 9235 9236 9397 9396
1 3 9236 9237 9398 9397
1 3 9237 9238 9399 9398
1 3 9238 9239 9400 9399
1 3 9239 9240 9401 9400
1 3 9240 9241 9402 9401
1 3 9241 9242 9403 9402
1 3 9242 9243 9404 9403
1 3 9243 9244 9405 9404
1 3 9244 9245 9406 9405
1 3 9245 9246 9407 9406
1 3 9246 9247 9408 9407
1 3 9247 9248 9409 9408
1 3 9248 9249 9410 9409
1 3 9249 9250 9411 9410
1 3 9250 9251 9412 9411
1 3 9251 9252 9413 9412
1 3 9252 9253 9414 9413
1 3 9253 9254 9415 9414
1 3 9254 9255 9416 9415
1 3 9255 9256 9417 9416
1 3 9256 9257 9418 9417
1 3 9257 9258 9419 9418
1 3 9258 9259 9420 9419
1 3 9259 9260 9421 9420
1 3 9260 9261 9422 9421
1 3 9261 9262 9423 9422
1 3 9262 9263 9424 9423
1 3 9263 9264 9425 9424
1 3 9264 9265 9426 9425
1 3 9265 9266 9427 9426
1 3 9266 9267 9428 9427
1 3 9267 9268 9429 9428
1 3 9268 9269 9430 9429
1 3 9269 9270 9431 9430
1 3 9270 9271 9432 9431
1 3 9271 9272 9433 9432
1 3 9272 9273 9434 9433
1 3 9273 9274 9435 9434
1 3 9274 9275 9436 9435
1 3 9275 9276 9437 9436
1 3 9276 9277 9438 9437
1 3 9277 9278 9439 9438
1 3 9278 9279 9440 9439
1 3 9279 9280 9441 9440
1 3 9280 9281 9442 9441
1 3 9281 9282 9443 9442
1 3 9282 9283 9444 9443
1 3 9283 9284 9445 9444
1 3 9284 9285 9446 9445
1 3 9285 9286 9447 9446
1 3 9286 9287 9448 9447
1 3 9287 9288 9449 9448
1 3 9288 9289 9450 9449
1 3 9289 9290 9451 9450
1 3 9290 9291 9452 9451
1 3 9291 9292 9453 9452
1 3 9292 9293 9454 9453
1 3 9293 9294 9455 9454
1 3 9294 9295 9456 9455
1 3 9295 9296 9457 9456
1 3 9296 9297 9458 9457
1 3 9297 9298 9459 9458
1 3 9298 9299 9460 9459
1 3 9299 9300 9461 9460
1 3 9300 9301 9462 9461
1 3 9301 9302 9463 9462
1 3 9302 9303 9464 9463
1 3 9303 9304 9465 9464
1 3 9304 9305 9466 9465
1 3 9305 9306 9467 9466
1 3 9306 9307 9468 9467
1 3 9307 9308 9469 9468
1 3 9308 9309 9470 9469
1 3 9309 9310 9471 9470
1 3 9310 9311 9472 9471
1 3 9311 9312 9473 9472
1 3 9312 9313 9474 9473
1 3 9313 9314 9475 9474
1 3 9314 9315 9476 9475
1 3 9315 9316 9477 9476
1 3 9316 9317 9478 9477
1 3 9317 9318 9479 9478
1 3 9318 9319 9480 9479
1 3 9319 9320 9481 9480
1 3 9320 9321 9482 9481
1 3 9321 9322 9483 9482
1 3 9322 9323 9484 9483
1 3 9323 9324 9485 9484
1 3 9324 9325 9486 9485
1 3 9325 9326 9487 9486
1 3 9326 9327 9488 9487
1 3 9327 9328 9489 9488
1 3 9328 9329 9490 9489
1 3 9329 9330 9491 9490
1 3 9330 9331 9492 9491
1 3 9331 9332 9493 9492
1 3 9332 9333 9494 9493
1 3 9333 9334 9495 9494
1 3 9334 9335 9496 9495
1 3 9335 9336 9497 9496
1 3 9336 9337 9498 9497
1 3 9338 9339 9500 9499
1 3 9339 9340 9501 9500
1 3 9340 9341 9502 9501
1 3 9341 9342 9503 9502
1 3 9342 9343 9504 9503
1 3 9343 9344 9505 9504
1 3 9344 9345 9506 9505
1 3 9345 9346 9507 9506
1 3 9346 9347 9508 9507
1 3 9347 9348 9509 9508
1 3 9348 9349 9510 9509
1 3 9349 9350 9511 9510
1 3 9350 9351 9512 9511
1 3 9351 9352 9513 9512
1 3 9352 9353 9514 9513
1 3 9353 9354 9515 9514
1 3 9354 9355 9516 9515
1 3 9355 9356 9517 9516
1 3 9356 9357 9518 9517
1 3 9357 9358 9519 9518
1 3 9358 9359 9520 9519
1 3 9359 9360 9521 9520
1 3 9360 9361 9522 9521
1 3 9361 9362 9523 9522
1 3 9362 9363 9524 9523
1 3 9363 9364 9525 9524
1 3 9364 9365 9526 9525
1 3 9365 9366 9527 9526
1 3 9366 9367 9528 9527
1 3 9367 9368 9529 9528
1 3 9368 9369 9530 9529
1 3 9369 9370 9531 9530
1 3 9370 9371 9532 9531
1 3 9371 9372 9533 9532
1 3 9372 9373 9534 9533
1 3 9373 9374 9535 9534
1 3 9374 9375 9536 9535
1 3 9375 9376 9537 9536
1 3 9376 9377 9538 9537
1 3 9377 9378 9539 9538
1 3 9378 9379 9540 9539
1 3 9379 9380 9541 9540
1 3 9380 9381 9542 9541
1 3 9381 9382 9543 9542
1 3 9382 9383 9544 9543
1 3 9383 9384 9545 9544
1 3 9384 9385 9546 9545
1 3 9385 9386 9547 9546
1 3 9386 9387 9548 9547
1 3 9387 9388 9549 9548
1 3 9388 9389 9550 9549
1 3 9389 9390 9551 9550
1 3 9390 9391 9552 9551
1 3 9391 9392 9553 9552
1 3 9392 9393 9554 9553
1 3 9393 9394 9555 9554
1 3 9394 9395 9556 9555
1 3 9395 9396 9557 9556
1 3 9396 9397 9558 9557
1 3 9397 9398 9559 9558
1 3 9398 9399 9560 9559
1 3 9399 9400 9561 9560
1 3 9400 9401 9562 9561
1 3 9401 9402 9563 9562
1 3 9402 9403 9564 9563
1 3 9403 9404 9565 9564
1 3 9404 9405 9566 9565
1 3 9405 9406 9567 9566
1 3 9406 9407 9568 9567
1 3 9407 9408 9569 9568
1 3 9408 9409 9570 9569
1 3 9409 9410 9571 9570
1 3 9410 9411 9572 9571
1 3 9411 9412 9573 9572
1 3 9412 9413 9574 9573
1 3 9413 9414 9575 9574
1 3 9414 9415 9576 9575
1 3 9415 9416 9577 9576
1 3 9416 9417 9578 9577
1 3 9417 9418 9579 9578
1 3 9418 9419 9580 9579
1 3 9419 9420 9581 9580
1 3 9420 9421 9582 9581
1 3 9421 9422 9583 9582
1 3 9422 9423 9584 9583
1 3 9423 9424 9585 9584
1 3 9424 9425 9586 9585
1 3 9425 9426 9587 9586
1 3 9426 9427 9588 9587
1 3 9427 9428 9589 9588
1 3 9428 9429 9590 9589
1 3 9429 9430 9591 9590
1 3 9430 9431 9592 9591
1 3 9431 9432 9593 9592
1 3 9432 9433 9594 9593
1 3 9433 9434 9595 9594
1 3 9434 9435 9596 9595
1 3 9435 9436 9597 9596
1 3 9436 9437 9598 9597
1 3 9437 9438 9599 9598
1 3 9438 9439 9600 9599
1 3 9439 9440 9601 9600
1 3 9440 9441 9602 9601
1 3 9441 9442 9603 9602
1 3 9442 9443 9604 9603
1 3 9443 9444 9605 9604
1 3 9444 9445 9606 9605
1 3 9445 9446 9607 9606
1 3 9446 9447 9608 9607
1 3 9447 9448 9609 9608
1 3 9448 9449 9610 9609
1 3 9449 9450 9611 9610
1 3 9450 9451 9612 9611
1 3 9451 9452 9613 9612
1 3 9452 9453 9614 9613
1 3 9453 9454 9615 9614
1 3 9454 9455 9616 9615
1 3 9455 9456 9617 9616
1 3 9456 9457 9618 9617
1 3 9457 9458 9619 9618
1 3 9458 9459 9620 9619
1 3 9459 9460 9621 9620
1 3 9460 9461 9622 9621
1 3 9461 9462 9623 9622
1 3 9462 9463 9624 9623
1 3 9463 9464 9625 9624
1 3 9464 9465 9626 9625
1 3 9465 9466 9627 9626
1 3 9466 9467 9628 9627
1 3 9467 9468 9629 9628
1 3 9468 9469 9630 9629
1 3 9469 9470 9631 9630
1 3 9470 9471 9632 9631
1 3 9471 9472 9633 9632
1 3 9472 9473 9634 9633
1 3 9473 9474 9635 9634
1 3 9474 9475 9636 9635
1 3 9475 9476 9637 9636
1 3 9476 9477 9638 9637
1 3 9477 9478 9639 9638
1 3 9478 9479 9640 9639
1 3 9479 9480 9641 9640
1 3 9480 9481 9642 9641
1 3 9481 9482 9643 9642
1 3 9482 9483 9644 9643
1 3 9483 9484 9645 9644
1 3 9484 9485 9646 9645
1 3 9485 9486 9647 9646
1 3 9486 9487 9648 9647
1 3 9487 9488 9649 9648
1 3 9488 9489 9650 9649
1 3 9489 9490 9651 9650
1 3 9490 9491 9652 9651
1 3 9491 9492 9653 9652
1 3 9492 9493 9654 9653
1 3 9493 9494 9655 9654
1 3 9494 9495 9656 9655
1 3 9495 9496 9657 9656
1 3 9496 9497 9658 9657
1 3 9497 9498 9659 9658
1 3 9499 9500 9661 9660
1 3 9500 9501 9662 9661
1 3 9501 9502 9663 9662
1 3 9502 9503 9664 9663
1 3 9503 9504 9665 9664
1 3 9504 9505 9666 9665
1 3 9505 9506 9667 9666
1 3 9506 9507 9668 9667
1 3 9507 9508 9669 9668
1 3 9508 9509 9670 9669
1 3 9509 9510 9671 9670
1 3 9510 9511 9672 9671
1 3 9511 9512 9673 9672
1 3 9512 9513 9674 9673
1 3 9513 9514 9675 9674
1 3 9514 9515 9676 9675
1 3 9515 9516 9677 9676
1 3 9516 9517 9678 9677
1 3 9517 9518 9679 9678
1 3 9518 9519 9680 9679
1 3 9519 9520 9681 9680
1 3 9520 9521 9682 9681
1 3 9521 9522 9683 9682
1 3 9522 9523 9684 9683
1 3 9523 9524 9685 9684
1 3 9524 9525 9686 9685
1 3 9525 9526 9687 9686
1 3 9526 9527 9688 9687
1 3 9527 9528 9689 9688
1 3 9528 9529 9690 9689
1 3 9529 9530 9691 9690
1 3 9530 9531 9692 9691
1 3 9531 9532 9693 9692
1 3 9532 9533 9694 9693
1 3 9533 9534 9695 9694
1 3 9534 9535 9696 9695
1 3 9535 9536 9697 9696
1 3 9536 9537 9698 9697
1 3 9537 9538 9699 9698
1 3 9538 9539 9700 9699
1 3 9539 9540 9701 9700
1 3 9540 9541 9702 9701
1 3 9541 9542 9703 9702
1 3 9542 9543 9704 9703
1 3 9543 9544 9705 9704
1 3 9544 9545 9706 9705
1 3 9545 9546 9707 9706
1 3 9546 9547 9708 9707
1 3 9547 9548 9709 9708
1 3 9548 9549 9710 9709
1 3 9549 9550 9711 9710
1 3 9550 9551 9712 9711
1 3 9551 9552 9713 9712
1 3 9552 9553 9714 9713
1 3 9553 9554 9715 9714
1 3 9554 9555 9716 9715
1 3 9555 9556 9717 9716
1 3 9556 9557 9718 9717
1 3 9557 9558 9719 9718
1 3 9558 9559 9720 9719
1 3 9559 9560 9721 9720
1 3 9560 9561 9722 9721
1 3 9561 9562 9723 9722
1 3 9562 9563 9724 9723
1 3 9563 9564 9725 9724
1 3 9564 9565 9726 9725
1 3 9565 9566 9727 9726
1 3 9566 9567 9728 9727
1 3 9567 9568 9729 9728
1 3 9568 9569 9730 9729
1 3 9569 9570 9731 9730
1 3 9570 9571 9732 9731
1 3 9571 9572 9733 9732
1 3 9572 9573 9734 9733
1 3 9573 9574 9735 9734
1 3 9574 9575 9736 9735
1 3 9575 9576 9737 9736
1 3 9576 9577 9738 9737
1 3 9577 9578 9739 9738
1 3 9578 9579 9740 9739
1 3 9579 9580 9741 9740
1 3 9580 9581 9742 9741
1 3 9581 9582 9743 9742
1 3 9582 9583 9744 9743
1 3 9583 9584 9745 9744
1 3 9584 9585 9746 9745
1 3 9585 9586 9747 9746
1 3 9586 9587 9748 9747
1 3 9587 9588 9749 9748
1 3 9588 9589 9750 9749
1 3 9589 9590 9751 9750
1 3 9590 9591 9752 9751
1 3 9591 9592 9753 9752
1 3 9592 9593 9754 9753
1 3 9593 9594 9755 9754
1 3 9594 9595 9756 9755
1 3 9595 9596 9757 9756
1 3 9596 9597 9758 9757
1 3 9597 9598 9759 9758
1 3 9598 9599 9760 9759
1 3 9599 9600 9761 9760
1 3 9600 9601 9762 9761
1 3 9601 9602 9763 9762
1 3 9602 9603 9764 9763
1 3 9603 9604 9765 9764
1 3 9604 9605 9766 9765
1 3 9605 9606 9767 9766
1 3 9606 9607 9768 9767
1 3 9607 9608 9769 9768
1 3 9608 9609 9770 9769
1 3 9609 9610 9771 9770
1 3 9610 9611 9772 9771
1 3 9611 9612 9773 9772
1 3 9612 9613 9774 9773
1 3 9613 9614 9775 9774
1 3 9614 9615 9776 9775
1 3 9615 9616 9777 9776
1 3 9616 9617 9778 9777
1 3 9617 9618 9779 9778
1 3 9618 9619 9780 9779
1 3 9619 9620 9781 9780
1 3 9620 9621 9782 9781
1 3 9621 9622 9783 9782
1 3 9622 9623 9784 9783
1 3 9623 9624 9785 9784
1 3 9624 9625 9786 9785
1 3 9625 9626 9787 9786
1 3 9626 9627 9788 9787
1 3 9627 9628 9789 9788
1 3 9628 9629 9790 9789
1 3 9629 9630 9791 9790
1 3 9630 9631 9792 9791
1 3 9631 9632 9793 9792
1 3 9632 9633 9794 9793
1 3 9633 9634 9795 9794
1 3 9634 9635 9796 9795
1 3 9635 9636 9797 9796
1 3 9636 9637 9798 9797
1 3 9637 9638 9799 9798
1 3 9638 9639 9800 9799
1 3 9639 9640 9801 9800
1 3 9640 9641 9802 9801
1 3 9641 9642 9803 9802
1 3 9642 9643 9804 9803
1 3 9643 9644 9805 9804
1 3 9644 9645 9806 9805
1 3 9645 9646 9807 9806
1 3 9646 9647 9808 9807
1 3 9647 9648 9809 9808
1 3 9648 9649 9810 9809
1 3 9649 9650 9811 9810
1 3 9650 9651 9812 9811
1 3 9651 9652 9813 9812
1 3 9652 9653 9814 9813
1 3 9653 9654 9815 9814
1 3 9654 9655 9816 9815
1 3 9655 9656 9817 9816
1 3 9656 9657 9818 9817
1 3 9657 9658 9819 9818
1 3 9658 9659 9820 9819
1 3 9660 9661 9822 9821
1 3 9661 9662 9823 9822
1 3 9662 9663 9824 9823
1 3 9663 9664 9825 9824
1 3 9664 9665 9826 9825
1 3 9665 9666 9827 9826
1 3 9666 9667 9828 9827
1 3 9667 9668 9829 9828
1 3 9668 9669 9830 9829
1 3 9669 9670 9831 9830
1 3 9670 9671 9832 9831
1 3 9671 9672 9833 9832
1 3 9672 9673 9834 9833
1 3 9673 9674 9835 9834
1 3 9674 9675 9836 9835
1 3 9675 9676 9837 9836
1 3 9676 9677 9838 9837
1 3 9677 9678 9839 9838
1 3 9678 9679 9840 9839
1 3 9679 9680 9841 9840
1 3 9680 9681 9842 9841
1 3 9681 9682 9843 9842
1 3 9682 9683 9844 9843
1 3 9683 9684 9845 9844
1 3 9684 9685 9846 9845
1 3 9685 9686 9847 9846
1 3 9686 9687 9848 9847
1 3 9687 9688 9849 9848
1 3 9688 9689 9850 9849
1 3 9689 9690 9851 9850
1 3 9690 9691 9852 9851
1 3 9691 9692 9853 9852
1 3 9692 9693 9854 9853
1 3 9693 9694 9855 9854
1 3 9694 9695 9856 9855
1 3 9695 9696 9857 9856
1 3 9696 9697 9858 9857
1 3 9697 9698 9859 9858
1 3 9698 9699 9860 9859
1 3 9699 9700 9861 9860
1 3 9700 9701 9862 9861
1 3 9701 9702 9863 9862
1 3 9702 9703 9864 9863
1 3 9703 9704 9865 9864
1 3 9704 9705 9866 9865
1 3 9705 9706 9867 9866
1 3 9706 9707 9868 9867
1 3 9707 9708 9869 9868
1 3 9708 9709 9870 9869
1 3 9709 9710 9871 9870
1 3 9710 9711 9872 9871
1 3 9711 9712 9873 9872
1 3 9712 9713 9874 9873
1 3 9713 9714 9875 9874
1 3 9714 9715 9876 9875
1 3 9715 9716 9877 9876
1 3 9716 9717 9878 9877
1 3 9717 9718 9879 9878
1 3 9718 9719 9880 9879
1 3 9719 9720 9881 9880
1 3 9720 9721 9882 9881
1 3 9721 9722 9883 9882
1 3 9722 9723 9884 9883
1 3 9723 9724 9885 9884
1 3 9724 9725 9886 9885
1 3 9725 9726 9887 9886
1 3 9726 9727 9888 9887
1 3 9727 9728 9889 9888
1 3 9728 9729 9890 9889
1 3 9729 9730 9891 9890
1 3 9730 9731 9892 9891
1 3 9731 9732 9893 9892
1 3 9732 9733 9894 9893
1 3 9733 9734 9895 9894
1 3 9734 9735 9896 9895
1 3 9735 9736 9897 9896
1 3 9736 9737 9898 9897
1 3 9737 9738 9899 9898
1 3 9738 9739 9900 9899
1 3 9739 9740 9901 9900
1 3 9740 9741 9902 9901
1 3 9741 9742 9903 9902
1 3 9742 9743 9904 9903
1 3 9743 9744 9905 9904
1 3 9744 9745 9906 9905
1 3 9745 9746 9907 9906
1 3 9746 9747 9908 9907
1 3 9747 9748 9909 9908
1 3 9748 9749 9910 9909
1 3 9749 9750 9911 9910
1 3 9750 9751 9912 9911
1 3 9751 9752 9913 9912
1 3 9752 9753 9914 9913
1 3 9753 9754 9915 9914
1 3 9754 9755 9916 9915
1 3 9755 9756 9917 9916
1 3 9756 9757 9918 9917
1 3 9757 9758 9919 9918
1 3 9758 9759 9920 9919
1 3 9759 9760 9921 9920
1 3 9760 9761 9922 9921
1 3 9761 9762 9923 9922
1 3 9762 9763 9924 9923
1 3 9763 9764 9925 9924
1 3 9764 9765 9926 9925
1 3 9765 9766 9927 9926
1 3 9766 9767 9928 9927
1 3 9767 9768 9929 9928
1 3 9768 9769 9930 9929
1 3 9769 9770 9931 9930
1 3 9770 9771 9932 9931
1 3 9771 9772 9933 9932
1 3 9772 9773 9934 9933
1 3 9773 9774 9935 9934
1 3 9774 9775 9936 9935
1 3 9775 9776 9937 9936
1 3 9776 9777 9938 9937
1 3 9777 9778 9939 9938
1 3 9778 9779 9940 9939
1 3 9779 9780 9941 9940
1 3 9780 9781 9942 9941
1 3 9781 9782 9943 9942
1 3 9782 9783 9944 9943
1 3 9783 9784 9945 9944
1 3 9784 9785 9946 9945
1 3 9785 9786 9947 9946
1 3 9786 9787 9948 9947
1 3 9787 9788 9949 9948
1 3 9788 9789 9950 9949
1 3 9789 9790 9951 9950
1 3 9790 9791 9952 9951
1 3 9791 9792 9953 9952
1 3 9792 9793 9954 9953
1 3 9793 9794 9955 9954
1 3 9794 9795 9956 9955
1 3 9795 9796 9957 9956
1 3 9796 9797 9958 9957
1 3 9797 9798 9959 9958
1 3 9798 9799 9960 9959
1 3 9799 9800 9961 9960
1 3 9800 9801 9962 9961
1 3 9801 9802 9963 9962
1 3 9802 9803 9964 9963
1 3 9803 9804 9965 9964
1 3 9804 9805 9966 9965
1 3 9805 9806 9967 9966
1 3 9806 9807 9968 9967
1 3 9807 9808 9969 9968
1 3 9808 9809 9970 9969
1 3 9809 9810 9971 9970
1 3 9810 9811 9972 9971
1 3 9811 9812 9973 9972
1 3 9812 9813 9974 9973
1 3 9813 9814 9975 9974
1 3 9814 9815 9976 9975
1 3 9815 9816 9977 9976
1 3 9816 9817 9978 9977
1 3 9817 9818 9979 9978
1 3 9818 9819 9980 9979
1 3 9819 9820 9981 9980
1 3 9821 9822 9983 9982
1 3 9822 9823 9984 9983
1 3 9823 9824 9985 9984
1 3 9824 9825 9986 9985
1 3 9825 9826 9987 9986
1 3 9826 9827 9988 9987
1 3 9827 9828 9989 9988
1 3 9828 9829 9990 9989
1 3 9829 9830 9991 9990
1 3 9830 9831 9992 9991
1 3 9831 9832 9993 9992
1 3 9832 9833 9994 9993
1 3 9833 9834 9995 9994
1 3 9834 9835 9996 9995
1 3 9835 9836 9997 9996
1 3 9836 9837 9998 9997
1 3 9837 9838 9999 9998
1 3 9838 9839 10000 9999
1 3 9839 9840 10001 10000
1 3 9840 9841 10002 10001
1 3 9841 9842 10003 10002
1 3 9842 9843 10004 10003
1 3 9843 9844 10005 10004
1 3 9844 9845 10006 10005
1 3 9845 9846 10007 10006
1 3 9846 9847 10008 10007
1 3 9847 9848 10009 10008
1 3 9848 9849 10010 10009
1 3 9849 9850 10011 10010
1 3 9850 9851 10012 10011
1 3 9851 9852 10013 10012
1 3 9852 9853 10014 10013
1 3 9853 9854 10015 10014
1 3 9854 9855 10016 10015
1 3 9855 9856 10017 10016
1 3 9856 9857 10018 10017
1 3 9857 9858 10019 10018
1 3 9858 9859 10020 10019
1 3 9859 9860 10021 10020
1 3 9860 9861 10022 10021
1 3 9861 9862 10023 10022
1 3 9862 9863 10024 10023
1 3 9863 9864 10025 10024
1 3 9864 9865 10026 10025
1 3 9865 9866 10027 10026
1 3 9866 9867 10028 10027
1 3 9867 9868 10029 10028
1 3 9868 9869 10030 10029
1 3 9869 9870 10031 10030
1 3 9870 9871 10032 10031
1 3 9871 9872 10033 10032
1 3 9872 9873 10034 10033
1 3 9873 9874 10035 10034
1 3 9874 9875 10036 10035
1 3 9875 9876 10037 10036
1 3 9876 9877 10038 10037
1 3 9877 9878 10039 10038
1 3 9878 9879 10040 10039
1 3 9879 9880 10041 10040
1 3 9880 9881 10042 10041
1 3 9881 9882 10043 10042
1 3 9882 9883 10044 10043
1 3 9883 9884 10045 10044
1 3 9884 9885 10046 10045
1 3 9885 9886 10047 10046
1 3 9886 9887 10048 10047
1 3 9887 9888 10049 10048
1 3 9888 9889 10050 10049
1 3 9889 9890 10051 10050
1 3 9890 9891 10052 10051
1 3 9891 9892 10053 10052
1 3 9892 9893 10054 10053
1 3 9893 9894 10055 10054
1 3 9894 9895 10056 10055
1 3 9895 9896 10057 10056
1 3 9896 9897 10058 10057
1 3 9897 9898 10059 10058
1 3 9898 9899 10060 10059
1 3 9899 9900 10061 10060
1 3 9900 9901 10062 10061
1 3 9901 9902 10063 10062
1 3 9902 9903 10064 10063
1 3 9903 9904 10065 10064
1 3 9904 9905 10066 10065
1 3 9905 9906 10067 10066
1 3 9906 9907 10068 10067
1 3 9907 9908 10069 10068
1 3 9908 9909 10070 10069
1 3 9909 9910 10071 10070
1 3 9910 9911 10072 10071
1 3 9911 9912 10073 10072
1 3 9912 9913 10074 10073
1 3 9913 9914 10075 10074
1 3 9914 9915 10076 10075
1 3 9915 9916 10077 10076
1 3 9916 9917 10078 10077
1 3 9917 9918 10079 10078
1 3 9918 9919 10080 10079
1 3 9919 9920 10081 10080
1 3 9920 9921 10082 10081
1 3 9921 9922 10083 10082
1 3 9922 9923 10084 10083
1 3 9923 9924 10085 10084
1 3 9924 9925 10086 10085
1 3 9925 9926 10087 10086
1 3 9926 9927 10088 10087
1 3 9927 9928 10089 10088
1 3 9928 9929 10090 10089
1 3 9929 9930 10091 10090
1 3 9930 9931 10092 10091
1 3 9931 9932 10093 10092
1 3 9932 9933 10094 10093
1 3 9933 9934 10095 10094
1 3 9934 9935 10096 10095
1 3 9935 9936 10097 10096
1 3 9936 9937 10098 10097
1 3 9937 9938 10099 10098
1 3 9938 9939 10100 10099
1 3 9939 9940 10101 10100
1 3 9940 9941 10102 10101
1 3 9941 9942 10103 10102
1 3 9942 9943 10104 10103
1 3 9943 9944 10105 10104
1 3 9944 9945 10106 10105
1 3 9945 9946 10107 10106
1 3 9946 9947 10108 10107
1 3 9947 9948 10109 10108
1 3 9948 9949 10110 10109
1 3 9949 9950 10111 10110
1 3 9950 9951 10112 10111
1 3 9951 9952 10113 10112
1 3 9952 9953 10114 10113
1 3 9953 9954 10115 10114
1 3 9954 9955 10116 10115
1 3 9955 9956 10117 10116
1 3 9956 9957 10118 10117
1 3 9957 9958 10119 10118
1 3 9958 9959 10120 10119
1 3 9959 9960 10121 10120
1 3 9960 9961 10122 10121
1 3 9961 9962 10123 10122
1 3 9962 9963 10124 10123
1 3 9963 9964 10125 10124
1 3 9964 9965 10126 10125
1 3 9965 9966 10127 10126
1 3 9966 9967 10128 10127
1 3 9967 9968 10129 10128
1 3 9968 9969 10130 10129
1 3 9969 9970 10131 10130
1 3 9970 9971 10132 10131
1 3 9971 9972 10133 10132
1 3 9972 9973 10134 10133
1 3 9973 9974 10135 10134
1 3 9974 9975 10136 10135
1 3 9975 9976 10137 10136
1 3 9976 9977 10138 10137
1 3 9977 9978 10139 10138
1 3 9978 9979 10140 10139
1 3 9979 9980 10141 10140
1 3 9980 9981 10142 10141
1 3 9982 9983 10144 10143
1 3 9983 9984 10145 10144
1 3 9984 9985 10146 10145
1 3 9985 9986 10147 10146
1 3 9986 9987 10148 10147
1 3 9987 9988 10149 10148
1 3 9988 9989 10150 10149
1 3 9989 9990 10151 10150
1 3 9990 9991 10152 10151
1 3 9991 9992 10153 10152
1 3 9992 9993 10154 10153
1 3 9993 9994 10155 10154
1 3 9994 9995 10156 10155
1 3 9995 9996 10157 10156
1 3 9996 9997 10158 10157
1 3 9997 9998 10159 10158
1 3 9998 9999 10160 10159
1 3 9999 10000 10161 10160
1 3 10000 10001 10162 10161
1 3 10001 10002 10163 10162
1 3 10002 10003 10164 10163
1 3 10003 10004 10165 10164
1 3 10004 10005 10166 10165
1 3 10005 10006 10167 10166
1 3 10006 10007 10168 10167
1 3 10007 10008 10169 10168
1 3 10008 10009 10170 10169
1 3 10009 10010 10171 10170
1 3 10010 10011 10172 10171
1 3 10011 10012 10173 10172
1 3 10012 10013 10174 10173
1 3 10013 10014 10175 10174
1 3 10014 10015 10176 10175
1 3 10015 10016 10177 10176
1 3 10016 10017 10178 10177
1 3 10017 10018 10179 10178
1 3 10018 10019 10180 10179
1 3 10019 10020 10181 10180
1 3 10020 10021 10182 10181
1 3 10021 10022 10183 10182
1 3 10022 10023 10184 10183
1 3 10023 10024 10185 10184
1 3 10024 10025 10186 10185
1 3 10025 10026 10187 10186
1 3 10026 10027 10188 10187
1 3 10027 10028 10189 10188
1 3 10028 10029 10190 10189
1 3 10029 10030 10191 10190
1 3 10030 10031 10192 10191
1 3 10031 10032 10193 10192
1 3 10032 10033 10194 10193
1 3 10033 10034 10195 10194
1 3 10034 10035 10196 10195
1 3 10035 10036 10197 10196
1 3 10036 10037 10198 10197
1 3 10037 10038 10199 10198
1 3 10038 10039 10200 10199
1 3 10039 10040 10201 10200
1 3 10040 10041 10202 10201
1 3 10041 10042 10203 10202
1 3 10042 10043 10204 10203
1 3 10043 10044 10205 10204
1 3 10044 10045 10206 10205
1 3 10045 10046 10207 10206
1 3 10046 10047 10208 10207
1 3 10047 10048 10209 10208
1 3 10048 10049 10210 10209
1 3 10049 10050 10211 10210
1 3 10050 10051 10212 10211
1 3 10051 10052 10213 10212
1 3 10052 10053 10214 10213
1 3 10053 10054 10215 10214
1 3 10054 10055 10216 10215
1 3 10055 10056 10217 10216
1 3 10056 10057 10218 10217
1 3 10057 10058 10219 10218
1 3 10058 10059 10220 10219
1 3 10059 10060 10221 10220
1 3 10060 10061 10222 10221
1 3 10061 10062 10223 10222
1 3 10062 10063 10224 10223
1 3 10063 10064 10225 10224
1 3 10064 10065 10226 10225
1 3 10065 10066 10227 10226
1 3 10066 10067 10228 10227
1 3 10067 10068 10229 10228
1 3 10068 10069 10230 10229
1 3 10069 10070 10231 10230
1 3 10070 10071 10232 10231
1 3 10071 10072 10233 10232
1 3 10072 10073 10234 10233
1 3 10073 10074 10235 10234
1 3 10074 10075 10236 10235
1 3 10075 10076 10237 10236
1 3 10076 10077 10238 10237
1 3 10077 10078 10239 10238
1 3 10078 10079 10240 10239
1 3 10079 10080 10241 10240
1 3 10080 10081 10242 10241
1 3 10081 10082 10243 10242
1 3 10082 10083 10244 10243
1 3 10083 10084 10245 10244
1 3 10084 10085 10246 10245
1 3 10085 10086 10247 10246
1 3 10086 10087 10248 10247
1 3 10087 10088 10249 10248
1 3 10088 10089 10250 10249
1 3 10089 10090 10251 10250
1 3 10090 10091 10252 10251
1 3 10091 10092 10253 10252
1 3 10092 10093 10254 10253
1 3 10093 10094 10255 10254
1 3 10094 10095 10256 10255
1 3 10095 10096 10257 10256
1 3 10096 10097 10258 10257
1 3 10097 10098 10259 10258
1 3 10098 10099 10260 10259
1 3 10099 10100 10261 10260
1 3 10100 10101 10262 10261
1 3 10101 10102 10263 10262
1 3 10102 10103 10264 10263
1 3 10103 10104 10265 10264
1 3 10104 10105 10266 10265
1 3 10105 10106 10267 10266
1 3 10106 10107 10268 10267
1 3 10107 10108 10269 10268
1 3 10108 10109 10270 10269
1 3 10109 10110 10271 10270
1 3 10110 10111 10272 10271
1 3 10111 10112 10273 10272
1 3 10112 10113 10274 10273
1 3 10113 10114 10275 10274
1 3 10114 10115 10276 10275
1 3 10115 10116 10277 10276
1 3 10116 10117 10278 10277
1 3 10117 10118 10279 10278
1 3 10118 10119 10280 10279
1 3 10119 10120 10281 10280
1 3 10120 10121 10282 10281
1 3 10121 10122 10283 10282
1 3 10122 10123 10284 10283
1 3 10123 10124 10285 10284
1 3 10124 10125 10286 10285
1 3 10125 10126 10287 10286
1 3 10126 10127 10288 10287
1 3 10127 10128 10289 10288
1 3 10128 10129 10290 10289
1 3 10129 10130 10291 10290
1 3 10130 10131 10292 10291
1 3 10131 10132 10293 10292
1 3 10132 10133 10294 10293
1 3 10133 10134 10295 10294
1 3 10134 10135 10296 10295
1 3 10135 10136 10297 10296
1 3 10136 10137 10298 10297
1 3 10137 10138 10299 10298
1 3 10138 10139 10300 10299
1 3 10139 10140 10301 10300
1 3 10140 10141 10302 10301
1 3 10141 10142 10303 10302
1 3 10143 10144 10305 10304
1 3 10144 10145 10306 10305
1 3 10145 10146 10307 10306
1 3 10146 10147 10308 10307
1 3 10147 10148 10309 10308
1 3 10148 10149 10310 10309
1 3 10149 10150 10311 10310
1 3 10150 10151 10312 10311
1 3 10151 10152 10313 10312
1 3 10152 10153 10314 10313
1 3 10153 10154 10315 10314
1 3 10154 10155 10316 10315
1 3 10155 10156 10317 10316
1 3 10156 10157 10318 10317
1 3 10157 10158 10319 10318
1 3 10158 10159 10320 10319
1 3 10159 10160 10321 10320
1 3 10160 10161 10322 10321
1 3 10161 10162 10323 10322
1 3 10162 10163 10324 10323
1 3 10163 10164 10325 10324
1 3 10164 10165 10326 10325
1 3 10165 10166 10327 10326
1 3 10166 10167 10328 10327
1 3 10167 10168 10329 10328
1 3 10168 10169 10330 10329
1 3 10169 10170 10331 10330
1 3 10170 10171 10332 10331
1 3 10171 10172 10333 10332
1 3 10172 10173 10334 10333
1 3 10173 10174 10335 10334
1 3 10174 10175 10336 10335
1 3 10175 10176 10337 10336
1 3 10176 10177 10338 10337
1 3 10177 10178 10339 10338
1 3 10178 10179 10340 10339
1 3 10179 10180 10341 10340
1 3 10180 10181 10342 10341
1 3 10181 10182 10343 10342
1 3 10182 10183 10344 10343
1 3 10183 10184 10345 10344
1 3 10184 10185 10346 10345
1 3 10185 10186 10347 10346
1 3 10186 10187 10348 10347
1 3 10187 10188 10349 10348
1 3 10188 10189 10350 10349
1 3 10189 10190 10351 10350
1 3 10190 10191 10352 10351
1 3 10191 10192 10353 10352
1 3 10192 10193 10354 10353
1 3 10193 10194 10355 10354
1 3 10194 10195 10356 10355
1 3 10195 10196 10357 10356
1 3 10196 10197 10358 10357
1 3 10197 10198 10359 10358
1 3 10198 10199 10360 10359
1 3 10199 10200 10361 10360
1 3 10200 10201 10362 10361
1 3 10201 10202 10363 10362
1 3 10202 10203 10364 10363
1 3 10203 10204 10365 10364
1 3 10204 10205 10366 10365
1 3 10205 10206 10367 10366
1 3 10206 10207 10368 10367
1 3 10207 10208 10369 10368
1 3 10208 10209 10370 10369
1 3 10209 10210 10371 10370
1 3 10210 10211 10372 10371
1 3 10211 10212 10373 10372
1 3 10212 10213 10374 10373
1 3 10213 10214 10375 10374
1 3 10214 10215 10376 10375
1 3 10215 10216 10377 10376
1 3 10216 10217 10378 10377
1 3 10217 10218 10379 10378
1 3 10218 10219 10380 10379
1 3 10219 10220 10381 10380
1 3 10220 10221 10382 10381
1 3 10221 10222 10383 10382
1 3 10222 10223 10384 10383
1 3 10223 10224 10385 10384
1 3 10224 10225 10386 10385
1 3 10225 10226 10387 10386
1 3 10226 10227 10388 10387
1 3 10227 10228 10389 10388
1 3 10228 10229 10390 10389
1 3 10229 10230 10391 10390
1 3 10230 10231 10392 10391
1 3 10231 10232 10393 10392
1 3 10232 10233 10394 10393
1 3 10233 10234 10395 10394
1 3 10234 10235 10396 10395
1 3 10235 10236 10397 10396
1 3 10236 10237 10398 10397
1 3 10237 10238 10399 10398
1 3 10238 10239 10400 10399
1 3 10239 10240 10401 10400
1 3 10240 10241 10402 10401
1 3 10241 10242 10403 10402
1 3 10242 10243 10404 10403
1 3 10243 10244 10405 10404
1 3 10244 10245 10406 10405
1 3 10245 10246 10407 10406
1 3 10246 10247 10408 10407
1 3 10247 10248 10409 10408
1 3 10248 10249 10410 10409
1 3 10249 10250 10411 10410
1 3 10250 10251 10412 10411
1 3 10251 10252 10413 10412
1 3 10252 10253 10414 10413
1 3 10253 10254 10415 10414
1 3 10254 10255 10416 10415
1 3 10255 10256 10417 10416
1 3 10256 10257 10418 10417
1 3 10257 10258 10419 10418
1 3 10258 10259 10420 10419
1 3 10259 10260 10421 10420
1 3 10260 10261 10422 10421
1 3 10261 10262 10423 10422
1 3 10262 10263 10424 10423
1 3 10263 10264 10425 10424
1 3 10264 10265 10426 10425
1 3 10265 10266 10427 10426
1 3 10266 10267 10428 10427
1 3 10267 10268 10429 10428
1 3 10268 10269 10430 10429
1 3 10269 10270 10431 10430
1 3 10270 10271 10432 10431
1 3 10271 10272 10433 10432
1 3 10272 10273 10434 10433
1 3 10273 10274 10435 10434
1 3 10274 10275 10436 10435
1 3 10275 10276 10437 10436
1 3 10276 10277 10438 10437
1 3 10277 10278 10439 10438
1 3 10278 10279 10440 10439
1 3 10279 10280 10441 10440
1 3 10280 10281 10442 10441
1 3 10281 10282 10443 10442
1 3 10282 10283 10444 10443
1 3 10283 10284 10445 10444
1 3 10284 10285 10446 10445
1 3 10285 10286 10447 10446
1 3 10286 10287 10448 10447
1 3 10287 10288 10449 10448
1 3 10288 10289 10450 10449
1 3 10289 10290 10451 10450
1 3 10290 10291 10452 10451
1 3 10291 10292 10453 10452
1 3 10292 10293 10454 10453
1 3 10293 10294 10455 10454
1 3 10294 10295 10456 10455
1 3 10295 10296 10457 10456
1 3 10296 10297 10458 10457
1 3 10297 10298 10459 10458
1 3 10298 10299 10460 10459
1 3 10299 10300 10461 10460
1 3 10300 10301 10462 10461
1 3 10301 10302 10463 10462
1 3 10302 10303 10464 10463
1 3 10304 10305 10466 10465
1 3 10305 10306 10467 10466
1 3 10306 10307 10468 10467
1 3 10307 10308 10469 10468
1 3 10308 10309 10470 10469
1 3 10309 10310 10471 10470
1 3 10310 10311 10472 10471
1 3 10311 10312 10473 10472
1 3 10312 10313 10474 10473
1 3 10313 10314 10475 10474
1 3 10314 10315 10476 10475
1 3 10315 10316 10477 10476
1 3 10316 10317 10478 10477
1 3 10317 10318 10479 10478
1 3 10318 10319 10480 10479
1 3 10319 10320 10481 10480
1 3 10320 10321 10482 10481
1 3 10321 10322 10483 10482
1 3 10322 10323 10484 10483
1 3 10323 10324 10485 10484
1 3 10324 10325 10486 10485
1 3 10325 10326 10487 10486
1 3 10326 10327 10488 10487
1 3 10327 10328 10489 10488
1 3 10328 10329 10490 10489
1 3 10329 10330 10491 10490
1 3 10330 10331 10492 10491
1 3 10331 10332 10493 10492
1 3 10332 10333 10494 10493
1 3 10333 10334 10495 10494
1 3 10334 10335 10496 10495
1 3 10335 10336 10497 10496
1 3 10336 10337 10498 10497
1 3 10337 10338 10499 10498
1 3 10338 10339 10500 10499
1 3 10339 10340 10501 10500
1 3 10340 10341 10502 10501
1 3 10341 10342 10503 10502
1 3 10342 10343 10504 10503
1 3 10343 10344 10505 10504
1 3 10344 10345 10506 10505
1 3 10345 10346 10507 10506
1 3 10346 10347 10508 10507
1 3 10347 10348 10509 10508
1 3 10348 10349 10510 10509
1 3 10349 10350 10511 10510
1 3 10350 10351 10512 10511
1 3 10351 10352 10513 10512
1 3 10352 10353 10514 10513
1 3 10353 10354 10515 10514
1 3 10354 10355 10516 10515
1 3 10355 10356 10517 10516
1 3 10356 10357 10518 10517
1 3 10357 10358 10519 10518
1 3 10358 10359 10520 10519
1 3 10359 10360 10521 10520
1 3 10360 10361 10522 10521
1 3 10361 10362 10523 10522
1 3 10362 10363 10524 10523
1 3 10363 10364 10525 10524
1 3 10364 10365 10526 10525
1 3 10365 10366 10527 10526
1 3 10366 10367 10528 10527
1 3 10367 10368 10529 10528
1 3 10368 10369 10530 10529
1 3 10369 10370 10531 10530
1 3 10370 10371 10532 10531
1 3 10371 10372 10533 10532
1 3 10372 10373 10534 10533
1 3 10373 10374 10535 10534
1 3 10374 10375 10536 10535
1 3 10375 10376 10537 10536
1 3 10376 10377 10538 10537
1 3 10377 10378 10539 10538
1 3 10378 10379 10540 10539
1 3 10379 10380 10541 10540
1 3 10380 10381 10542 10541
1 3 10381 10382 10543 10542
1 3 10382 10383 10544 10543
1 3 10383 10384 10545 10544
1 3 10384 10385 10546 10545
1 3 10385 10386 10547 10546
1 3 10386 10387 10548 10547
1 3 10387 10388 10549 10548
1 3 10388 10389 10550 10549
1 3 10389 10390 10551 10550
1 3 10390 10391 10552 10551
1 3 10391 10392 10553 10552
1 3 10392 10393 10554 10553
1 3 10393 10394 10555 10554
1 3 10394 10395 10556 10555
1 3 10395 10396 10557 10556
1 3 10396 10397 10558 10557
1 3 10397 10398 10559 10558
1 3 10398 10399 10560 10559
1 3 10399 10400 10561 10560
1 3 10400 10401 10562 10561
1 3 10401 10402 10563 10562
1 3 10402 10403 10564 10563
1 3 10403 10404 10565 10564
1 3 10404 10405 10566 10565
1 3 10405 10406 10567 10566
1 3 10406 10407 10568 10567
1 3 10407 10408 10569 10568
1 3 10408 10409 10570 10569
1 3 10409 10410 10571 10570
1 3 10410 10411 10572 10571
1 3 10411 10412 10573 10572
1 3 10412 10413 10574 10573
1 3 10413 10414 10575 10574
1 3 10414 10415 10576 10575
1 3 10415 10416 10577 10576
1 3 10416 10417 10578 10577
1 3 10417 10418 10579 10578
1 3 10418 10419 10580 10579
1 3 10419 10420 10581 10580
1 3 10420 10421 10582 10581
1 3 10421 10422 10583 10582
1 3 10422 10423 10584 10583
1 3 10423 10424 10585 10584
1 3 10424 10425 10586 10585
1 3 10425 10426 10587 10586
1 3 10426 10427 10588 10587
1 3 10427 10428 10589 10588
1 3 10428 10429 10590 10589
1 3 10429 10430 10591 10590
1 3 10430 10431 10592 10591
1 3 10431 10432 10593 10592
1 3 10432 10433 10594 10593
1 3 10433 10434 10595 10594
1 3 10434 10435 10596 10595
1 3 10435 10436 10597 10596
1 3 10436 10437 10598 10597
1 3 10437 10438 10599 10598
1 3 10438 10439 10600 10599
1 3 10439 10440 10601 10600
1 3 10440 10441 10602 10601
1 3 10441 10442 10603 10602
1 3 10442 10443 10604 10603
1 3 10443 10444 10605 10604
1 3 10444 10445 10606 10605
1 3 10445 10446 10607 10606
1 3 10446 10447 10608 10607
1 3 10447 10448 10609 10608
1 3 10448 10449 10610 10609
1 3 10449 10450 10611 10610
1 3 10450 10451 10612 10611
1 3 10451 10452 10613 10612
1 3 10452 10453 10614 10613
1 3 10453 10454 10615 10614
1 3 10454 10455 10616 10615
1 3 10455 10456 10617 10616
1 3 10456 10457 10618 10617
1 3 10457 10458 10619 10618
1 3 10458 10459 10620 10619
1 3 10459 10460 10621 10620
1 3 10460 10461 10622 10621
1 3 10461 10462 10623 10622
1 3 10462 10463 10624 10623
1 3 10463 10464 10625 10624
1 3 10465 10466 10627 10626
1 3 10466 10467 10628 10627
1 3 10467 10468 10629 10628
1 3 10468 10469 10630 10629
1 3 10469 10470 10631 10630
1 3 10470 10471 10632 10631
1 3 10471 10472 10633 10632
1 3 10472 10473 10634 10633
1 3 10473 10474 10635 10634
1 3 10474 10475 10636 10635
1 3 10475 10476 10637 10636
1 3 10476 10477 10638 10637
1 3 10477 10478 10639 10638
1 3 10478 10479 10640 10639
1 3 10479 10480 10641 10640
1 3 10480 10481 10642 10641
1 3 10481 10482 10643 10642
1 3 10482 10483 10644 10643
1 3 10483 10484 10645 10644
1 3 10484 10485 10646 10645
1 3 10485 10486 10647 10646
1 3 10486 10487 10648 10647
1 3 10487 10488 10649 10648
1 3 10488 10489 10650 10649
1 3 10489 10490 10651 10650
1 3 10490 10491 10652 10651
1 3 10491 10492 10653 10652
1 3 10492 10493 10654 10653
1 3 10493 10494 10655 10654
1 3 10494 10495 10656 10655
1 3 10495 10496 10657 10656
1 3 10496 10497 10658 10657
1 3 10497 10498 10659 10658
1 3 10498 10499 10660 10659
1 3 10499 10500 10661 10660
1 3 10500 10501 10662 10661
1 3 10501 10502 10663 10662
1 3 10502 10503 10664 10663
1 3 10503 10504 10665 10664
1 3 10504 10505 10666 10665
1 3 10505 10506 10667 10666
1 3 10506 10507 10668 10667
1 3 10507 10508 10669 10668
1 3 10508 10509 10670 10669
1 3 10509 10510 10671 10670
1 3 10510 10511 10672 10671
1 3 10511 10512 10673 10672
1 3 10512 10513 10674 10673
1 3 10513 10514 10675 10674
1 3 10514 10515 10676 10675
1 3 10515 10516 10677 10676
1 3 10516 10517 10678 10677
1 3 10517 10518 10679 10678
1 3 10518 10519 10680 10679
1 3 10519 10520 10681 10680
1 3 10520 10521 10682 10681
1 3 10521 10522 10683 10682
1 3 10522 10523 10684 10683
1 3 10523 10524 10685 10684
1 3 10524 10525 10686 10685
1 3 10525 10526 10687 10686
1 3 10526 10527 10688 10687
1 3 10527 10528 10689 10688
1 3 10528 10529 10690 10689
1 3 10529 10530 10691 10690
1 3 10530 10531 10692 10691
1 3 10531 10532 10693 10692
1 3 10532 10533 10694 10693
1 3 10533 10534 10695 10694
1 3 10534 10535 10696 10695
1 3 10535 10536 10697 10696
1 3 10536 10537 10698 10697
1 3 10537 10538 10699 10698
1 3 10538 10539 10700 10699
1 3 10539 10540 10701 10700
1 3 10540 10541 10702 10701
1 3 10541 10542 10703 10702
1 3 10542 10543 10704 10703
1 3 10543 10544 10705 10704
1 3 10544 10545 10706 10705
1 3 10545 10546 10707 10706
1 3 10546 10547 10708 10707
1 3 10547 10548 10709 10708
1 3 10548 10549 10710 10709
1 3 10549 10550 10711 10710
1 3 10550 10551 10712 10711
1 3 10551 10552 10713 10712
1 3 10552 10553 10714 10713
1 3 10553 10554 10715 10714
1 3 10554 10555 10716 10715
1 3 10555 10556 10717 10716
1 3 10556 10557 10718 10717
1 3 10557 10558 10719 10718
1 3 10558 10559 10720 10719
1 3 10559 10560 10721 10720
1 3 10560 10561 10722 10721
1 3 10561 10562 10723 10722
1 3 10562 10563 10724 10723
1 3 10563 10564 10725 10724
1 3 10564 10565 10726 10725
1 3 10565 10566 10727 10726
1 3 10566 10567 10728 10727
1 3 10567 10568 10729 10728
1 3 10568 10569 10730 10729
1 3 10569 10570 10731 10730
1 3 10570 10571 10732 10731
1 3 10571 10572 10733 10732
1 3 10572 10573 10734 10733
1 3 10573 10574 10735 10734
1 3 10574 10575 10736 10735
1 3 10575 10576 10737 10736
1 3 10576 10577 10738 10737
1 3 10577 10578 10739 10738
1 3 10578 10579 10740 10739
1 3 10579 10580 10741 10740
1 3 10580 10581 10742 10741
1 3 10581 10582 10743 10742
1 3 10582 10583 10744 10743
1 3 10583 10584 10745 10744
1 3 10584 10585 10746 10745
1 3 10585 10586 10747 10746
1 3 10586 10587 10748 10747
1 3 10587 10588 10749 10748
1 3 10588 10589 10750 10749
1 3 10589 10590 10751 10750
1 3 10590 10591 10752 10751
1 3 10591 10592 10753 10752
1 3 10592 10593 10754 10753
1 3 10593 10594 10755 10754
1 3 10594 10595 10756 10755
1 3 10595 10596 10757 10756
1 3 10596 10597 10758 10757
1 3 10597 10598 10759 10758
1 3 10598 10599 10760 10759
1 3 10599 10600 10761 10760
1 3 10600 10601 10762 10761
1 3 10601 10602 10763 10762
1 3 10602 10603 10764 10763
1 3 10603 10604 10765 10764
1 3 10604 10605 10766 10765
1 3 10605 10606 10767 10766
1 3 10606 10607 10768 10767
1 3 10607 10608 10769 10768
1 3 10608 10609 10770 10769
1 3 10609 10610 10771 10770
1 3 10610 10611 10772 10771
1 3 10611 10612 10773 10772
1 3 10612 10613 10774 10773
1 3 10613 10614 10775 10774
1 3 10614 10615 10776 10775
1 3 10615 10616 10777 10776
1 3 10616 10617 10778 10777
1 3 10617 10618 10779 10778
1 3 10618 10619 10780 10779
1 3 10619 10620 10781 10780
1 3 10620 10621 10782 10781
1 3 10621 10622 10783 10782
1 3 10622 10623 10784 10783
1 3 10623 10624 10785 10784
1 3 10624 10625 10786 10785
1 3 10626 10627 10788 10787
1 3 10627 10628 10789 10788
1 3 10628 10629 10790 10789
1 3 10629 10630 10791 10790
1 3 10630 10631 10792 10791
1 3 10631 10632 10793 10792
1 3 10632 10633 10794 10793
1 3 10633 10634 10795 10794
1 3 10634 10635 10796 10795
1 3 10635 10636 10797 10796
1 3 10636 10637 10798 10797
1 3 10637 10638 10799 10798
1 3 10638 10639 10800 10799
1 3 10639 10640 10801 10800
1 3 10640 10641 10802 10801
1 3 10641 10642 10803 10802
1 3 10642 10643 10804 10803
1 3 10643 10644 10805 10804
1 3 10644 10645 10806 10805
1 3 10645 10646 10807 10806
1 3 10646 10647 10808 10807
1 3 10647 10648 10809 10808
1 3 10648 10649 10810 10809
1 3 10649 10650 10811 10810
1 3 10650 10651 10812 10811
1 3 10651 10652 10813 10812
1 3 10652 10653 10814 10813
1 3 10653 10654 10815 10814
1 3 10654 10655 10816 10815
1 3 10655 10656 10817 10816
1 3 10656 10657 10818 10817
1 3 10657 10658 10819 10818
1 3 10658 10659 10820 10819
1 3 10659 10660 10821 10820
1 3 10660 10661 10822 10821
1 3 10661 10662 10823 10822
1 3 10662 10663 10824 10823
1 3 10663 10664 10825 10824
1 3 10664 10665 10826 10825
1 3 10665 10666 10827 10826
1 3 10666 10667 10828 10827
1 3 10667 10668 10829 10828
1 3 10668 10669 10830 10829
1 3 10669 10670 10831 10830
1 3 10670 10671 10832 10831
1 3 10671 10672 10833 10832
1 3 10672 10673 10834 10833
1 3 10673 10674 10835 10834
1 3 10674 10675 10836 10835
1 3 10675 10676 10837 10836
1 3 10676 10677 10838 10837
1 3 10677 10678 10839 10838
1 3 10678 10679 10840 10839
1 3 10679 10680 10841 10840
1 3 10680 10681 10842 10841
1 3 10681 10682 10843 10842
1 3 10682 10683 10844 10843
1 3 10683 10684 10845 10844
1 3 10684 10685 10846 10845
1 3 10685 10686 10847 10846
1 3 10686 10687 10848 10847
1 3 10687 10688 10849 10848
1 3 10688 10689 10850 10849
1 3 10689 10690 10851 10850
1 3 10690 10691 10852 10851
1 3 10691 10692 10853 10852
1 3 10692 10693 10854 10853
1 3 10693 10694 10855 10854
1 3 10694 10695 10856 10855
1 3 10695 10696 10857 10856
1 3 10696 10697 10858 10857
1 3 10697 10698 10859 10858
1 3 10698 10699 10860 10859
1 3 10699 10700 10861 10860
1 3 10700 10701 10862 10861
1 3 10701 10702 10863 10862
1 3 10702 10703 10864 10863
1 3 10703 10704 10865 10864
1 3 10704 10705 10866 10865
1 3 10705 10706 10867 10866
1 3 10706 10707 10868 10867
1 3 10707 10708 10869 10868
1 3 10708 10709 10870 10869
1 3 10709 10710 10871 10870
1 3 10710 10711 10872 10871
1 3 10711 10712 10873 10872
1 3 10712 10713 10874 10873
1 3 10713 10714 10875 10874
1 3 10714 10715 10876 10875
1 3 10715 10716 10877 10876
1 3 10716 10717 10878 10877
1 3 10717 10718 10879 10878
1 3 10718 10719 10880 10879
1 3 10719 10720 10881 10880
1 3 10720 10721 10882 10881
1 3 10721 10722 10883 10882
1 3 10722 10723 10884 10883
1 3 10723 10724 10885 10884
1 3 10724 10725 10886 10885
1 3 10725 10726 10887 10886
1 3 10726 10727 10888 10887
1 3 10727 10728 10889 10888
1 3 10728 10729 10890 10889
1 3 10729 10730 10891 10890
1 3 10730 10731 10892 10891
1 3 10731 10732 10893 10892
1 3 10732 10733 10894 10893
1 3 10733 10734 10895 10894
1 3 10734 10735 10896 10895
1 3 10735 10736 10897 10896
1 3 10736 10737 10898 10897
1 3 10737 10738 10899 10898
1 3 10738 10739 10900 10899
1 3 10739 10740 10901 10900
1 3 10740 10741 10902 10901
1 3 10741 10742 10903 10902
1 3 10742 10743 10904 10903
1 3 10743 10744 10905 10904
1 3 10744 10745 10906 10905
1 3 10745 10746 10907 10906
1 3 10746 10747 10908 10907
1 3 10747 10748 10909 10908
1 3 10748 10749 10910 10909
1 3 10749 10750 10911 10910
1 3 10750 10751 10912 10911
1 3 10751 10752 10913 10912
1 3 10752 10753 10914 10913
1 3 10753 10754 10915 10914
1 3 10754 10755 10916 10915
1 3 10755 10756 10917 10916
1 3 10756 10757 10918 10917
1 3 10757 10758 10919 10918
1 3 10758 10759 10920 10919
1 3 10759 10760 10921 10920
1 3 10760 10761 10922 10921
1 3 10761 10762 10923 10922
1 3 10762 10763 10924 10923
1 3 10763 10764 10925 10924
1 3 10764 10765 10926 10925
1 3 10765 10766 10927 10926
1 3 10766 10767 10928 10927
1 3 10767 10768 10929 10928
1 3 10768 10769 10930 10929
1 3 10769 10770 10931 10930
1 3 10770 10771 10932 10931
1 3 10771 10772 10933 10932
1 3 10772 10773 10934 10933
1 3 10773 10774 10935 10934
1 3 10774 10775 10936 10935
1 3 10775 10776 10937 10936
1 3 10776 10777 10938 10937
1 3 10777 10778 10939 10938
1 3 10778 10779 10940 10939
1 3 10779 10780 10941 10940
1 3 10780 10781 10942 10941
1 3 10781 10782 10943 10942
1 3 10782 10783 10944 10943
1 3 10783 10784 10945 10944
1 3 10784 10785 10946 10945
1 3 10785 10786 10947 10946
1 3 10787 10788 10949 10948
1 3 10788 10789 10950 10949
1 3 10789 10790 10951 10950
1 3 10790 10791 10952 10951
1 3 10791 10792 10953 10952
1 3 10792 10793 10954 10953
1 3 10793 10794 10955 10954
1 3 10794 10795 10956 10955
1 3 10795 10796 10957 10956
1 3 10796 10797 10958 10957
1 3 10797 10798 10959 10958
1 3 10798 10799 10960 10959
1 3 10799 10800 10961 10960
1 3 10800 10801 10962 10961
1 3 10801 10802 10963 10962
1 3 10802 10803 10964 10963
1 3 10803 10804 10965 10964
1 3 10804 10805 10966 10965
1 3 10805 10806 10967 10966
1 3 10806 10807 10968 10967
1 3 10807 10808 10969 10968
1 3 10808 10809 10970 10969
1 3 10809 10810 10971 10970
1 3 10810 10811 10972 10971
1 3 10811 10812 10973 10972
1 3 10812 10813 10974 10973
1 3 10813 10814 10975 10974
1 3 10814 10815 10976 10975
1 3 10815 10816 10977 10976
1 3 10816 10817 10978 10977
1 3 10817 10818 10979 10978
1 3 10818 10819 10980 10979
1 3 10819 10820 10981 10980
1 3 10820 10821 10982 10981
1 3 10821 10822 10983 10982
1 3 10822 10823 10984 10983
1 3 10823 10824 10985 10984
1 3 10824 10825 10986 10985
1 3 10825 10826 10987 10986
1 3 10826 10827 10988 10987
1 3 10827 10828 10989 10988
1 3 10828 10829 10990 10989
1 3 10829 10830 10991 10990
1 3 10830 10831 10992 10991
1 3 10831 10832 10993 10992
1 3 10832 10833 10994 10993
1 3 10833 10834 10995 10994
1 3 10834 10835 10996 10995
1 3 10835 10836 10997 10996
1 3 10836 10837 10998 10997
1 3 10837 10838 10999 10998
1 3 10838 10839 11000 10999
1 3 10839 10840 11001 11000
1 3 10840 10841 11002 11001
1 3 10841 10842 11003 11002
1 3 10842 10843 11004 11003
1 3 10843 10844 11005 11004
1 3 10844 10845 11006 11005
1 3 10845 10846 11007 11006
1 3 10846 10847 11008 11007
1 3 10847 10848 11009 11008
1 3 10848 10849 11010 11009
1 3 10849 10850 11011 11010
1 3 10850 10851 11012 11011
1 3 10851 10852 11013 11012
1 3 10852 10853 11014 11013
1 3 10853 10854 11015 11014
1 3 10854 10855 11016 11015
1 3 10855 10856 11017 11016
1 3 10856 10857 11018 11017
1 3 10857 10858 11019 11018
1 3 10858 10859 11020 11019
1 3 10859 10860 11021 11020
1 3 10860 10861 11022 11021
1 3 10861 10862 11023 11022
1 3 10862 10863 11024 11023
1 3 10863 10864 11025 11024
1 3 10864 10865 11026 11025
1 3 10865 10866 11027 11026
1 3 10866 10867 11028 11027
1 3 10867 10868 11029 11028
1 3 10868 10869 11030 11029
1 3 10869 10870 11031 11030
1 3 10870 10871 11032 11031
1 3 10871 10872 11033 11032
1 3 10872 10873 11034 11033
1 3 10873 10874 11035 11034
1 3 10874 10875 11036 11035
1 3 10875 10876 11037 11036
1 3 10876 10877 11038 11037
1 3 10877 10878 11039 11038
1 3 10878 10879 11040 11039
1 3 10879 10880 11041 11040
1 3 10880 10881 11042 11041
1 3 10881 10882 11043 11042
1 3 10882 10883 11044 11043
1 3 10883 10884 11045 11044
1 3 10884 10885 11046 11045
1 3 10885 10886 11047 11046
1 3 10886 10887 11048 11047
1 3 10887 10888 11049 11048
1 3 10888 10889 11050 11049
1 3 10889 10890 11051 11050
1 3 10890 10891 11052 11051
1 3 10891 10892 11053 11052
1 3 10892 10893 11054 11053
1 3 10893 10894 11055 11054
1 3 10894 10895 11056 11055
1 3 10895 10896 11057 11056
1 3 10896 10897 11058 11057
1 3 10897 10898 11059 11058
1 3 10898 10899 11060 11059
1 3 10899 10900 11061 11060
1 3 10900 10901 11062 11061
1 3 10901 10902 11063 11062
1 3 10902 10903 11064 11063
1 3 10903 10904 11065 11064
1 3 10904 10905 11066 11065
1 3 10905 10906 11067 11066
1 3 10906 10907 11068 11067
1 3 10907 10908 11069 11068
1 3 10908 10909 11070 11069
1 3 10909 10910 11071 11070
1 3 10910 10911 11072 11071
1 3 10911 10912 11073 11072
1 3 10912 10913 11074 11073
1 3 10913 10914 11075 11074
1 3 10914 10915 11076 11075
1 3 10915 10916 11077 11076
1 3 10916 10917 11078 11077
1 3 10917 10918 11079 11078
1 3 10918 10919 11080 11079
1 3 10919 10920 11081 11080
1 3 10920 10921 11082 11081
1 3 10921 10922 11083 11082
1 3 10922 10923 11084 11083
1 3 10923 10924 11085 11084
1 3 10924 10925 11086 11085
1 3 10925 10926 11087 11086
1 3 10926 10927 11088 11087
1 3 10927 10928 11089 11088
1 3 10928 10929 11090 11089
1 3 10929 10930 11091 11090
1 3 10930 10931 11092 11091
1 3 10931 10932 11093 11092
1 3 10932 10933 11094 11093
1 3 10933 10934 11095 11094
1 3 10934 10935 11096 11095
1 3 10935 10936 11097 11096
1 3 10936 10937 11098 11097
1 3 10937 10938 11099 11098
1 3 10938 10939 11100 11099
1 3 10939 10940 11101 11100
1 3 10940 10941 11102 11101
1 3 10941 10942 11103 11102
1 3 10942 10943 11104 11103
1 3 10943 10944 11105 11104
1 3 10944 10945 11106 11105
1 3 10945 10946 11107 11106
1 3 10946 10947 11108 11107
1 3 10948 10949 11110 11109
1 3 10949 10950 11111 11110
1 3 10950 10951 11112 11111
1 3 10951 10952 11113 11112
1 3 10952 10953 11114 11113
1 3 10953 10954 11115 11114
1 3 10954 10955 11116 11115
1 3 10955 10956 11117 11116
1 3 10956 10957 11118 11117
1 3 10957 10958 11119 11118
1 3 10958 10959 11120 11119
1 3 10959 10960 11121 11120
1 3 10960 10961 11122 11121
1 3 10961 10962 11123 11122
1 3 10962 10963 11124 11123
1 3 10963 10964 11125 11124
1 3 10964 10965 11126 11125
1 3 10965 10966 11127 11126
1 3 10966 10967 11128 11127
1 3 10967 10968 11129 11128
1 3 10968 10969 11130 11129
1 3 10969 10970 11131 11130
1 3 10970 10971 11132 11131
1 3 10971 10972 11133 11132
1 3 10972 10973 11134 11133
1 3 10973 10974 11135 11134
1 3 10974 10975 11136 11135
1 3 10975 10976 11137 11136
1 3 10976 10977 11138 11137
1 3 10977 10978 11139 11138
1 3 10978 10979 11140 11139
1 3 10979 10980 11141 11140
1 3 10980 10981 11142 11141
1 3 10981 10982 11143 11142
1 3 10982 10983 11144 11143
1 3 10983 10984 11145 11144
1 3 10984 10985 11146 11145
1 3 10985 10986 11147 11146
1 3 10986 10987 11148 11147
1 3 10987 10988 11149 11148
1 3 10988 10989 11150 11149
1 3 10989 10990 11151 11150
1 3 10990 10991 11152 11151
1 3 10991 10992 11153 11152
1 3 10992 10993 11154 11153
1 3 10993 10994 11155 11154
1 3 10994 10995 11156 11155
1 3 10995 10996 11157 11156
1 3 10996 10997 11158 11157
1 3 10997 10998 11159 11158
1 3 10998 10999 11160 11159
1 3 10999 11000 11161 11160
1 3 11000 11001 11162 11161
1 3 11001 11002 11163 11162
1 3 11002 11003 11164 11163
1 3 11003 11004 11165 11164
1 3 11004 11005 11166 11165
1 3 11005 11006 11167 11166
1 3 11006 11007 11168 11167
1 3 11007 11008 11169 11168
1 3 11008 11009 11170 11169
1 3 11009 11010 11171 11170
1 3 11010 11011 11172 11171
1 3 11011 11012 11173 11172
1 3 11012 11013 11174 11173
1 3 11013 11014 11175 11174
1 3 11014 11015 11176 11175
1 3 11015 11016 11177 11176
1 3 11016 11017 11178 11177
1 3 11017 11018 11179 11178
1 3 11018 11019 11180 11179
1 3 11019 11020 11181 11180
1 3 11020 11021 11182 11181
1 3 11021 11022 11183 11182
1 3 11022 11023 11184 11183
1 3 11023 11024 11185 11184
1 3 11024 11025 11186 11185
1 3 11025 11026 11187 11186
1 3 11026 11027 11188 11187
1 3 11027 11028 11189 11188
1 3 11028 11029 11190 11189
1 3 11029 11030 11191 11190
1 3 11030 11031 11192 11191
1 3 11031 11032 11193 11192
1 3 11032 11033 11194 11193
1 3 11033 11034 11195 11194
1 3 11034 11035 11196 11195
1 3 11035 11036 11197 11196
1 3 11036 11037 11198 11197
1 3 11037 11038 11199 11198
1 3 11038 11039 11200 11199
1 3 11039 11040 11201 11200
1 3 11040 11041 11202 11201
1 3 11041 11042 11203 11202
1 3 11042 11043 11204 11203
1 3 11043 11044 11205 11204
1 3 11044 11045 11206 11205
1 3 11045 11046 11207 11206
1 3 11046 11047 11208 11207
1 3 11047 11048 11209 11208
1 3 11048 11049 11210 11209
1 3 11049 11050 11211 11210
1 3 11050 11051 11212 11211
1 3 11051 11052 11213 11212
1 3 11052 11053 11214 11213
1 3 11053 11054 11215 11214
1 3 11054 11055 11216 11215
1 3 11055 11056 11217 11216
1 3 11056 11057 11218 11217
1 3 11057 11058 11219 11218
1 3 11058 11059 11220 11219
1 3 11059 11060 11221 11220
1 3 11060 11061 11222 11221
1 3 11061 11062 11223 11222
1 3 11062 11063 11224 11223
1 3 11063 11064 11225 11224
1 3 11064 11065 11226 11225
1 3 11065 11066 11227 11226
1 3 11066 11067 11228 11227
1 3 11067 11068 11229 11228
1 3 11068 11069 11230 11229
1 3 11069 11070 11231 11230
1 3 11070 11071 11232 11231
1 3 11071 11072 11233 11232
1 3 11072 11073 11234 11233
1 3 11073 11074 11235 11234
1 3 11074 11075 11236 11235
1 3 11075 11076 11237 11236
1 3 11076 11077 11238 11237
1 3 11077 11078 11239 11238
1 3 11078 11079 11240 11239
1 3 11079 11080 11241 11240
1 3 11080 11081 11242 11241
1 3 11081 11082 11243 11242
1 3 11082 11083 11244 11243
1 3 11083 11084 11245 11244
1 3 11084 11085 11246 11245
1 3 11085 11086 11247 11246
1 3 11086 11087 11248 11247
1 3 11087 11088 11249 11248
1 3 11088 11089 11250 11249
1 3 11089 11090 11251 11250
1 3 11090 11091 11252 11251
1 3 11091 11092 11253 11252
1 3 11092 11093 11254 11253
1 3 11093 11094 11255 11254
1 3 11094 11095 11256 11255
1 3 11095 11096 11257 11256
1 3 11096 11097 11258 11257
1 3 11097 11098 11259 11258
1 3 11098 11099 11260 11259
1 3 11099 11100 11261 11260
1 3 11100 11101 11262 11261
1 3 11101 11102 11263 11262
1 3 11102 11103 11264 11263
1 3 11103 11104 11265 11264
1 3 11104 11105 11266 11265
1 3 11105 11106 11267 11266
1 3 11106 11107 11268 11267
1 3 11107 11108 11269 11268
1 3 11109 11110 11271 11270
1 3 11110 11111 11272 11271
1 3 11111 11112 11273 11272
1 3 11112 11113 11274 11273
1 3 11113 11114 11275 11274
1 3 11114 11115 11276 11275
1 3 11115 11116 11277 11276
1 3 11116 11117 11278 11277
1 3 11117 11118 11279 11278
1 3 11118 11119 11280 11279
1 3 11119 11120 11281 11280
1 3 11120 11121 11282 11281
1 3 11121 11122 11283 11282
1 3 11122 11123 11284 11283
1 3 11123 11124 11285 11284
1 3 11124 11125 11286 11285
1 3 11125 11126 11287 11286
1 3 11126 11127 11288 11287
1 3 11127 11128 11289 11288
1 3 11128 11129 11290 11289
1 3 11129 11130 11291 11290
1 3 11130 11131 11292 11291
1 3 11131 11132 11293 11292
1 3 11132 11133 11294 11293
1 3 11133 11134 11295 11294
1 3 11134 11135 11296 11295
1 3 11135 11136 11297 11296
1 3 11136 11137 11298 11297
1 3 11137 11138 11299 11298
1 3 11138 11139 11300 11299
1 3 11139 11140 11301 11300
1 3 11140 11141 11302 11301
1 3 11141 11142 11303 11302
1 3 11142 11143 11304 11303
1 3 11143 11144 11305 11304
1 3 11144 11145 11306 11305
1 3 11145 11146 11307 11306
1 3 11146 11147 11308 11307
1 3 11147 11148 11309 11308
1 3 11148 11149 11310 11309
1 3 11149 11150 11311 11310
1 3 11150 11151 11312 11311
1 3 11151 11152 11313 11312
1 3 11152 11153 11314 11313
1 3 11153 11154 11315 11314
1 3 11154 11155 11316 11315
1 3 11155 11156 11317 11316
1 3 11156 11157 11318 11317
1 3 11157 11158 11319 11318
1 3 11158 11159 11320 11319
1 3 11159 11160 11321 11320
1 3 11160 11161 11322 11321
1 3 11161 11162 11323 11322
1 3 11162 11163 11324 11323
1 3 11163 11164 11325 11324
1 3 11164 11165 11326 11325
1 3 11165 11166 11327 11326
1 3 11166 11167 11328 11327
1 3 11167 11168 11329 11328
1 3 11168 11169 11330 11329
1 3 11169 11170 11331 11330
1 3 11170 11171 11332 11331
1 3 11171 11172 11333 11332
1 3 11172 11173 11334 11333
1 3 11173 11174 11335 11334
1 3 11174 11175 11336 11335
1 3 11175 11176 11337 11336
1 3 11176 11177 11338 11337
1 3 11177 11178 11339 11338
1 3 11178 11179 11340 11339
1 3 11179 11180 11341 11340
1 3 11180 11181 11342 11341
1 3 11181 11182 11343 11342
1 3 11182 11183 11344 11343
1 3 11183 11184 11345 11344
1 3 11184 11185 11346 11345
1 3 11185 11186 11347 11346
1 3 11186 11187 11348 11347
1 3 11187 11188 11349 11348
1 3 11188 11189 11350 11349
1 3 11189 11190 11351 11350
1 3 11190 11191 11352 11351
1 3 11191 11192 11353 11352
1 3 11192 11193 11354 11353
1 3 11193 11194 11355 11354
1 3 11194 11195 11356 11355
1 3 11195 11196 11357 11356
1 3 11196 11197 11358 11357
1 3 11197 11198 11359 11358
1 3 11198 11199 11360 11359
1 3 11199 11200 11361 11360
1 3 11200 11201 11362 11361
1 3 11201 11202 11363 11362
1 3 11202 11203 11364 11363
1 3 11203 11204 11365 11364
1 3 11204 11205 11366 11365
1 3 11205 11206 11367 11366
1 3 11206 11207 11368 11367
1 3 11207 11208 11369 11368
1 3 11208 11209 11370 11369
1 3 11209 11210 11371 11370
1 3 11210 11211 11372 11371
1 3 11211 11212 11373 11372
1 3 11212 11213 11374 11373
1 3 11213 11214 11375 11374
1 3 11214 11215 11376 11375
1 3 11215 11216 11377 11376
1 3 11216 11217 11378 11377
1 3 11217 11218 11379 11378
1 3 11218 11219 11380 11379
1 3 11219 11220 11381 11380
1 3 11220 11221 11382 11381
1 3 11221 11222 11383 11382
1 3 11222 11223 11384 11383
1 3 11223 11224 11385 11384
1 3 11224 11225 11386 11385
1 3 11225 11226 11387 11386
1 3 11226 11227 11388 11387
1 3 11227 11228 11389 11388
1 3 11228 11229 11390 11389
1 3 11229 11230 11391 11390
1 3 11230 11231 11392 11391
1 3 11231 11232 11393 11392
1 3 11232 11233 11394 11393
1 3 11233 11234 11395 11394
1 3 11234 11235 11396 11395
1 3 11235 11236 11397 11396
1 3 11236 11237 11398 11397
1 3 11237 11238 11399 11398
1 3 11238 11239 11400 11399
1 3 11239 11240 11401 11400
1 3 11240 11241 11402 11401
1 3 11241 11242 11403 11402
1 3 11242 11243 11404 11403
1 3 11243 11244 11405 11404
1 3 11244 11245 11406 11405
1 3 11245 11246 11407 11406
1 3 11246 11247 11408 11407
1 3 11247 11248 11409 11408
1 3 11248 11249 11410 11409
1 3 11249 11250 11411 11410
1 3 11250 11251 11412 11411
1 3 11251 11252 11413 11412
1 3 11252 11253 11414 11413
1 3 11253 11254 11415 11414
1 3 11254 11255 11416 11415
1 3 11255 11256 11417 11416
1 3 11256 11257 11418 11417
1 3 11257 11258 11419 11418
1 3 11258 11259 11420 11419
1 3 11259 11260 11421 11420
1 3 11260 11261 11422 11421
1 3 11261 11262 11423 11422
1 3 11262 11263 11424 11423
1 3 11263 11264 11425 11424
1 3 11264 11265 11426 11425
1 3 11265 11266 11427 11426
1 3 11266 11267 11428 11427
1 3 11267 11268 11429 11428
1 3 11268 11269 11430 11429
1 3 11270 11271 11432 11431
1 3 11271 11272 11433 11432
1 3 11272 11273 11434 11433
1 3 11273 11274 11435 11434
1 3 11274 11275 11436 11435
1 3 11275 11276 11437 11436
1 3 11276 11277 11438 11437
1 3 11277 11278 11439 11438
1 3 11278 11279 11440 11439
1 3 11279 11280 11441 11440
1 3 11280 11281 11442 11441
1 3 11281 11282 11443 11442
1 3 11282 11283 11444 11443
1 3 11283 11284 11445 11444
1 3 11284 11285 11446 11445
1 3 11285 11286 11447 11446
1 3 11286 11287 11448 11447
1 3 11287 11288 11449 11448
1 3 11288 11289 11450 11449
1 3 11289 11290 11451 11450
1 3 11290 11291 11452 11451
1 3 11291 11292 11453 11452
1 3 11292 11293 11454 11453
1 3 11293 11294 11455 11454
1 3 11294 11295 11456 11455
1 3 11295 11296 11457 11456
1 3 11296 11297 11458 11457
1 3 11297 11298 11459 11458
1 3 11298 11299 11460 11459
1 3 11299 11300 11461 11460
1 3 11300 11301 11462 11461
1 3 11301 11302 11463 11462
1 3 11302 11303 11464 11463
1 3 11303 11304 11465 11464
1 3 11304 11305 11466 11465
1 3 11305 11306 11467 11466
1 3 11306 11307 11468 11467
1 3 11307 11308 11469 11468
1 3 11308 11309 11470 11469
1 3 11309 11310 11471 11470
1 3 11310 11311 11472 11471
1 3 11311 11312 11473 11472
1 3 11312 11313 11474 11473
1 3 11313 11314 11475 11474
1 3 11314 11315 11476 11475
1 3 11315 11316 11477 11476
1 3 11316 11317 11478 11477
1 3 11317 11318 11479 11478
1 3 11318 11319 11480 11479
1 3 11319 11320 11481 11480
1 3 11320 11321 11482 11481
1 3 11321 11322 11483 11482
1 3 11322 11323 11484 11483
1 3 11323 11324 11485 11484
1 3 11324 11325 11486 11485
1 3 11325 11326 11487 11486
1 3 11326 11327 11488 11487
1 3 11327 11328 11489 11488
1 3 11328 11329 11490 11489
1 3 11329 11330 11491 11490
1 3 11330 11331 11492 11491
1 3 11331 11332 11493 11492
1 3 11332 11333 11494 11493
1 3 11333 11334 11495 11494
1 3 11334 11335 11496 11495
1 3 11335 11336 11497 11496
1 3 11336 11337 11498 11497
1 3 11337 11338 11499 11498
1 3 11338 11339 11500 11499
1 3 11339 11340 11501 11500
1 3 11340 11341 11502 11501
1 3 11341 11342 11503 11502
1 3 11342 11343 11504 11503
1 3 11343 11344 11505 11504
1 3 11344 11345 11506 11505
1 3 11345 11346 11507 11506
1 3 11346 11347 11508 11507
1 3 11347 11348 11509 11508
1 3 11348 11349 11510 11509
1 3 11349 11350 11511 11510
1 3 11350 11351 11512 11511
1 3 11351 11352 11513 11512
1 3 11352 11353 11514 11513
1 3 11353 11354 11515 11514
1 3 11354 11355 11516 11515
1 3 11355 11356 11517 11516
1 3 11356 11357 11518 11517
1 3 11357 11358 11519 11518
1 3 11358 11359 11520 11519
1 3 11359 11360 11521 11520
1 3 11360 11361 11522 11521
1 3 11361 11362 11523 11522
1 3 11362 11363 11524 11523
1 3 11363 11364 11525 11524
1 3 11364 11365 11526 11525
1 3 11365 11366 11527 11526
1 3 11366 11367 11528 11527
1 3 11367 11368 11529 11528
1 3 11368 11369 11530 11529
1 3 11369 11370 11531 11530
1 3 11370 11371 11532 11531
1 3 11371 11372 11533 11532
1 3 11372 11373 11534 11533
1 3 11373 11374 11535 11534
1 3 11374 11375 11536 11535
1 3 11375 11376 11537 11536
1 3 11376 11377 11538 11537
1 3 11377 11378 11539 11538
1 3 11378 11379 11540 11539
1 3 11379 11380 11541 11540
1 3 11380 11381 11542 11541
1 3 11381 11382 11543 11542
1 3 11382 11383 11544 11543
1 3 11383 11384 11545 11544
1 3 11384 11385 11546 11545
1 3 11385 11386 11547 11546
1 3 11386 11387 11548 11547
1 3 11387 11388 11549 11548
1 3 11388 11389 11550 11549
1 3 11389 11390 11551 11550
1 3 11390 11391 11552 11551
1 3 11391 11392 11553 11552
1 3 11392 11393 11554 11553
1 3 11393 11394 11555 11554
1 3 11394 11395 11556 11555
1 3 11395 11396 11557 11556
1 3 11396 11397 11558 11557
1 3 11397 11398 11559 11558
1 3 11398 11399 11560 11559
1 3 11399 11400 11561 11560
1 3 11400 11401 11562 11561
1 3 11401 11402 11563 11562
1 3 11402 11403 11564 11563
1 3 11403 11404 11565 11564
1 3 11404 11405 11566 11565
1 3 11405 11406 11567 11566
1 3 11406 11407 11568 11567
1 3 11407 11408 11569 11568
1 3 11408 11409 11570 11569
1 3 11409 11410 11571 11570
1 3 11410 11411 11572 11571
1 3 11411 11412 11573 11572
1 3 11412 11413 11574 11573
1 3 11413 11414 11575 11574
1 3 11414 11415 11576 11575
1 3 11415 11416 11577 11576
1 3 11416 11417 11578 11577
1 3 11417 11418 11579 11578
1 3 11418 11419 11580 11579
1 3 11419 11420 11581 11580
1 3 11420 11421 11582 11581
1 3 11421 11422 11583 11582
1 3 11422 11423 11584 11583
1 3 11423 11424 11585 11584
1 3 11424 11425 11586 11585
1 3 11425 11426 11587 11586
1 3 11426 11427 11588 11587
1 3 11427 11428 11589 11588
1 3 11428 11429 11590 11589
1 3 11429 11430 11591 11590
1 3 11431 11432 11593 11592
1 3 11432 11433 11594 11593
1 3 11433 11434 11595 11594
1 3 11434 11435 11596 11595
1 3 11435 11436 11597 11596
1 3 11436 11437 11598 11597
1 3 11437 11438 11599 11598
1 3 11438 11439 11600 11599
1 3 11439 11440 11601 11600
1 3 11440 11441 11602 11601
1 3 11441 11442 11603 11602
1 3 11442 11443 11604 11603
1 3 11443 11444 11605 11604
1 3 11444 11445 11606 11605
1 3 11445 11446 11607 11606
1 3 11446 11447 11608 11607
1 3 11447 11448 11609 11608
1 3 11448 11449 11610 11609
1 3 11449 11450 11611 11610
1 3 11450 11451 11612 11611
1 3 11451 11452 11613 11612
1 3 11452 11453 11614 11613
1 3 11453 11454 11615 11614
1 3 11454 11455 11616 11615
1 3 11455 11456 11617 11616
1 3 11456 11457 11618 11617
1 3 11457 11458 11619 11618
1 3 11458 11459 11620 11619
1 3 11459 11460 11621 11620
1 3 11460 11461 11622 11621
1 3 11461 11462 11623 11622
1 3 11462 11463 11624 11623
1 3 11463 11464 11625 11624
1 3 11464 11465 11626 11625
1 3 11465 11466 11627 11626
1 3 11466 11467 11628 11627
1 3 11467 11468 11629 11628
1 3 11468 11469 11630 11629
1 3 11469 11470 11631 11630
1 3 11470 11471 11632 11631
1 3 11471 11472 11633 11632
1 3 11472 11473 11634 11633
1 3 11473 11474 11635 11634
1 3 11474 11475 11636 11635
1 3 11475 11476 11637 11636
1 3 11476 11477 11638 11637
1 3 11477 11478 11639 11638
1 3 11478 11479 11640 11639
1 3 11479 11480 11641 11640
1 3 11480 11481 11642 11641
1 3 11481 11482 11643 11642
1 3 11482 11483 11644 11643
1 3 11483 11484 11645 11644
1 3 11484 11485 11646 11645
1 3 11485 11486 11647 11646
1 3 11486 11487 11648 11647
1 3 11487 11488 11649 11648
1 3 11488 11489 11650 11649
1 3 11489 11490 11651 11650
1 3 11490 11491 11652 11651
1 3 11491 11492 11653 11652
1 3 11492 11493 11654 11653
1 3 11493 11494 11655 11654
1 3 11494 11495 11656 11655
1 3 11495 11496 11657 11656
1 3 11496 11497 11658 11657
1 3 11497 11498 11659 11658
1 3 11498 11499 11660 11659
1 3 11499 11500 11661 11660
1 3 11500 11501 11662 11661
1 3 11501 11502 11663 11662
1 3 11502 11503 11664 11663
1 3 11503 11504 11665 11664
1 3 11504 11505 11666 11665
1 3 11505 11506 11667 11666
1 3 11506 11507 11668 11667
1 3 11507 11508 11669 11668
1 3 11508 11509 11670 11669
1 3 11509 11510 11671 11670
1 3 11510 11511 11672 11671
1 3 11511 11512 11673 11672
1 3 11512 11513 11674 11673
1 3 11513 11514 11675 11674
1 3 11514 11515 11676 11675
1 3 11515 11516 11677 11676
1 3 11516 11517 11678 11677
1 3 11517 11518 11679 11678
1 3 11518 11519 11680 11679
1 3 11519 11520 11681 11680
1 3 11520 11521 11682 11681
1 3 11521 11522 11683 11682
1 3 11522 11523 11684 11683
1 3 11523 11524 11685 11684
1 3 11524 11525 11686 11685
1 3 11525 11526 11687 11686
1 3 11526 11527 11688 11687
1 3 11527 11528 11689 11688
1 3 11528 11529 11690 11689
1 3 11529 11530 11691 11690
1 3 11530 11531 11692 11691
1 3 11531 11532 11693 11692
1 3 11532 11533 11694 11693
1 3 11533 11534 11695 11694
1 3 11534 11535 11696 11695
1 3 11535 11536 11697 11696
1 3 11536 11537 11698 11697
1 3 11537 11538 11699 11698
1 3 11538 11539 11700 11699
1 3 11539 11540 11701 11700
1 3 11540 11541 11702 11701
1 3 11541 11542 11703 11702
1 3 11542 11543 11704 11703
1 3 11543 11544 11705 11704
1 3 11544 11545 11706 11705
1 3 11545 11546 11707 11706
1 3 11546 11547 11708 11707
1 3 11547 11548 11709 11708
1 3 11548 11549 11710 11709
1 3 11549 11550 11711 11710
1 3 11550 11551 11712 11711
1 3 11551 11552 11713 11712
1 3 11552 11553 11714 11713
1 3 11553 11554 11715 11714
1 3 11554 11555 11716 11715
1 3 11555 11556 11717 11716
1 3 11556 11557 11718 11717
1 3 11557 11558 11719 11718
1 3 11558 11559 11720 11719
1 3 11559 11560 11721 11720
1 3 11560 11561 11722 11721
1 3 11561 11562 11723 11722
1 3 11562 11563 11724 11723
1 3 11563 11564 11725 11724
1 3 11564 11565 11726 11725
1 3 11565 11566 11727 11726
1 3 11566 11567 11728 11727
1 3 11567 11568 11729 11728
1 3 11568 11569 11730 11729
1 3 11569 11570 11731 11730
1 3 11570 11571 11732 11731
1 3 11571 11572 11733 11732
1 3 11572 11573 11734 11733
1 3 11573 11574 11735 11734
1 3 11574 11575 11736 11735
1 3 11575 11576 11737 11736
1 3 11576 11577 11738 11737
1 3 11577 11578 11739 11738
1 3 11578 11579 11740 11739
1 3 11579 11580 11741 11740
1 3 11580 11581 11742 11741
1 3 11581 11582 11743 11742
1 3 11582 11583 11744 11743
1 3 11583 11584 11745 11744
1 3 11584 11585 11746 11745
1 3 11585 11586 11747 11746
1 3 11586 11587 11748 11747
1 3 11587 11588 11749 11748
1 3 11588 11589 11750 11749
1 3 11589 11590 11751 11750
1 3 11590 11591 11752 11751
1 3 11592 11593 11754 11753
1 3 11593 11594 11755 11754
1 3 11594 11595 11756 11755
1 3 11595 11596 11757 11756
1 3 11596 11597 11758 11757
1 3 11597 11598 11759 11758
1 3 11598 11599 11760 11759
1 3 11599 11600 11761 11760
1 3 11600 11601 11762 11761
1 3 11601 11602 11763 11762
1 3 11602 11603 11764 11763
1 3 11603 11604 11765 11764
1 3 11604 11605 11766 11765
1 3 11605 11606 11767 11766
1 3 11606 11607 11768 11767
1 3 11607 11608 11769 11768
1 3 11608 11609 11770 11769
1 3 11609 11610 11771 11770
1 3 11610 11611 11772 11771
1 3 11611 11612 11773 11772
1 3 11612 11613 11774 11773
1 3 11613 11614 11775 11774
1 3 11614 11615 11776 11775
1 3 11615 11616 11777 11776
1 3 11616 11617 11778 11777
1 3 11617 11618 11779 11778
1 3 11618 11619 11780 11779
1 3 11619 11620 11781 11780
1 3 11620 11621 11782 11781
1 3 11621 11622 11783 11782
1 3 11622 11623 11784 11783
1 3 11623 11624 11785 11784
1 3 11624 11625 11786 11785
1 3 11625 11626 11787 11786
1 3 11626 11627 11788 11787
1 3 11627 11628 11789 11788
1 3 11628 11629 11790 11789
1 3 11629 11630 11791 11790
1 3 11630 11631 11792 11791
1 3 11631 11632 11793 11792
1 3 11632 11633 11794 11793
1 3 11633 11634 11795 11794
1 3 11634 11635 11796 11795
1 3 11635 11636 11797 11796
1 3 11636 11637 11798 11797
1 3 11637 11638 11799 11798
1 3 11638 11639 11800 11799
1 3 11639 11640 11801 11800
1 3 11640 11641 11802 11801
1 3 11641 11642 11803 11802
1 3 11642 11643 11804 11803
1 3 11643 11644 11805 11804
1 3 11644 11645 11806 11805
1 3 11645 11646 11807 11806
1 3 11646 11647 11808 11807
1 3 11647 11648 11809 11808
1 3 11648 11649 11810 11809
1 3 11649 11650 11811 11810
1 3 11650 11651 11812 11811
1 3 11651 11652 11813 11812
1 3 11652 11653 11814 11813
1 3 11653 11654 11815 11814
1 3 11654 11655 11816 11815
1 3 11655 11656 11817 11816
1 3 11656 11657 11818 11817
1 3 11657 11658 11819 11818
1 3 11658 11659 11820 11819
1 3 11659 11660 11821 11820
1 3 11660 11661 11822 11821
1 3 11661 11662 11823 11822
1 3 11662 11663 11824 11823
1 3 11663 11664 11825 11824
1 3 11664 11665 11826 11825
1 3 11665 11666 11827 11826
1 3 11666 11667 11828 11827
1 3 11667 11668 11829 11828
1 3 11668 11669 11830 11829
1 3 11669 11670 11831 11830
1 3 11670 11671 11832 11831
1 3 11671 11672 11833 11832
1 3 11672 11673 11834 11833
1 3 11673 11674 11835 11834
1 3 11674 11675 11836 11835
1 3 11675 11676 11837 11836
1 3 11676 11677 11838 11837
1 3 11677 11678 11839 11838
1 3 11678 11679 11840 11839
1 3 11679 11680 11841 11840
1 3 11680 11681 11842 11841
1 3 11681 11682 11843 11842
1 3 11682 11683 11844 11843
1 3 11683 11684 11845 11844
1 3 11684 11685 11846 11845
1 3 11685 11686 11847 11846
1 3 11686 11687 11848 11847
1 3 11687 11688 11849 11848
1 3 11688 11689 11850 11849
1 3 11689 11690 11851 11850
1 3 11690 11691 11852 11851
1 3 11691 11692 11853 11852
1 3 11692 11693 11854 11853
1 3 11693 11694 11855 11854
1 3 11694 11695 11856 11855
1 3 11695 11696 11857 11856
1 3 11696 11697 11858 11857
1 3 11697 11698 11859 11858
1 3 11698 11699 11860 11859
1 3 11699 11700 11861 11860
1 3 11700 11701 11862 11861
1 3 11701 11702 11863 11862
1 3 11702 11703 11864 11863
1 3 11703 11704 11865 11864
1 3 11704 11705 11866 11865
1 3 11705 11706 11867 11866
1 3 11706 11707 11868 11867
1 3 11707 11708 11869 11868
1 3 11708 11709 11870 11869
1 3 11709 11710 11871 11870
1 3 11710 11711 11872 11871
1 3 11711 11712 11873 11872
1 3 11712 11713 11874 11873
1 3 11713 11714 11875 11874
1 3 11714 11715 11876 11875
1 3 11715 11716 11877 11876
1 3 11716 11717 11878 11877
1 3 11717 11718 11879 11878
1 3 11718 11719 11880 11879
1 3 11719 11720 11881 11880
1 3 11720 11721 11882 11881
1 3 11721 11722 11883 11882
1 3 11722 11723 11884 11883
1 3 11723 11724 11885 11884
1 3 11724 11725 11886 11885
1 3 11725 11726 11887 11886
1 3 11726 11727 11888 11887
1 3 11727 11728 11889 11888
1 3 11728 11729 11890 11889
1 3 11729 11730 11891 11890
1 3 11730 11731 11892 11891
1 3 11731 11732 11893 11892
1 3 11732 11733 11894 11893
1 3 11733 11734 11895 11894
1 3 11734 11735 11896 11895
1 3 11735 11736 11897 11896
1 3 11736 11737 11898 11897
1 3 11737 11738 11899 11898
1 3 11738 11739 11900 11899
1 3 11739 11740 11901 11900
1 3 11740 11741 11902 11901
1 3 11741 11742 11903 11902
1 3 11742 11743 11904 11903
1 3 11743 11744 11905 11904
1 3 11744 11745 11906 11905
1 3 11745 11746 11907 11906
1 3 11746 11747 11908 11907
1 3 11747 11748 11909 11908
1 3 11748 11749 11910 11909
1 3 11749 11750 11911 11910
1 3 11750 11751 11912 11911
1 3 11751 11752 11913 11912
1 3 11753 11754 11915 11914
1 3 11754 11755 11916 11915
1 3 11755 11756 11917 11916
1 3 11756 11757 11918 11917
1 3 11757 11758 11919 11918
1 3 11758 11759 11920 11919
1 3 11759 11760 11921 11920
1 3 11760 11761 11922 11921
1 3 11761 11762 11923 11922
1 3 11762 11763 11924 11923
1 3 11763 11764 11925 11924
1 3 11764 11765 11926 11925
1 3 11765 11766 11927 11926
1 3 11766 11767 11928 11927
1 3 11767 11768 11929 11928
1 3 11768 11769 11930 11929
1 3 11769 11770 11931 11930
1 3 11770 11771 11932 11931
1 3 11771 11772 11933 11932
1 3 11772 11773 11934 11933
1 3 11773 11774 11935 11934
1 3 11774 11775 11936 11935
1 3 11775 11776 11937 11936
1 3 11776 11777 11938 11937
1 3 11777 11778 11939 11938
1 3 11778 11779 11940 11939
1 3 11779 11780 11941 11940
1 3 11780 11781 11942 11941
1 3 11781 11782 11943 11942
1 3 11782 11783 11944 11943
1 3 11783 11784 11945 11944
1 3 11784 11785 11946 11945
1 3 11785 11786 11947 11946
1 3 11786 11787 11948 11947
1 3 11787 11788 11949 11948
1 3 11788 11789 11950 11949
1 3 11789 11790 11951 11950
1 3 11790 11791 11952 11951
1 3 11791 11792 11953 11952
1 3 11792 11793 11954 11953
1 3 11793 11794 11955 11954
1 3 11794 11795 11956 11955
1 3 11795 11796 11957 11956
1 3 11796 11797 11958 11957
1 3 11797 11798 11959 11958
1 3 11798 11799 11960 11959
1 3 11799 11800 11961 11960
1 3 11800 11801 11962 11961
1 3 11801 11802 11963 11962
1 3 11802 11803 11964 11963
1 3 11803 11804 11965 11964
1 3 11804 11805 11966 11965
1 3 11805 11806 11967 11966
1 3 11806 11807 11968 11967
1 3 11807 11808 11969 11968
1 3 11808 11809 11970 11969
1 3 11809 11810 11971 11970
1 3 11810 11811 11972 11971
1 3 11811 11812 11973 11972
1 3 11812 11813 11974 11973
1 3 11813 11814 11975 11974
1 3 11814 11815 11976 11975
1 3 11815 11816 11977 11976
1 3 11816 11817 11978 11977
1 3 11817 11818 11979 11978
1 3 11818 11819 11980 11979
1 3 11819 11820 11981 11980
1 3 11820 11821 11982 11981
1 3 11821 11822 11983 11982
1 3 11822 11823 11984 11983
1 3 11823 11824 11985 11984
1 3 11824 11825 11986 11985
1 3 11825 11826 11987 11986
1 3 11826 11827 11988 11987
1 3 11827 11828 11989 11988
1 3 11828 11829 11990 11989
1 3 11829 11830 11991 11990
1 3 11830 11831 11992 11991
1 3 11831 11832 11993 11992
1 3 11832 11833 11994 11993
1 3 11833 11834 11995 11994
1 3 11834 11835 11996 11995
1 3 11835 11836 11997 11996
1 3 11836 11837 11998 11997
1 3 11837 11838 11999 11998
1 3 11838 11839 12000 11999
1 3 11839 11840 12001 12000
1 3 11840 11841 12002 12001
1 3 11841 11842 12003 12002
1 3 11842 11843 12004 12003
1 3 11843 11844 12005 12004
1 3 11844 11845 12006 12005
1 3 11845 11846 12007 12006
1 3 11846 11847 12008 12007
1 3 11847 11848 12009 12008
1 3 11848 11849 12010 12009
1 3 11849 11850 12011 12010
1 3 11850 11851 12012 12011
1 3 11851 11852 12013 12012
1 3 11852 11853 12014 12013
1 3 11853 11854 12015 12014
1 3 11854 11855 12016 12015
1 3 11855 11856 12017 12016
1 3 11856 11857 12018 12017
1 3 11857 11858 12019 12018
1 3 11858 11859 12020 12019
1 3 11859 11860 12021 12020
1 3 11860 11861 12022 12021
1 3 11861 11862 12023 12022
1 3 11862 11863 12024 12023
1 3 11863 11864 12025 12024
1 3 11864 11865 12026 12025
1 3 11865 11866 12027 12026
1 3 11866 11867 12028 12027
1 3 11867 11868 12029 12028
1 3 11868 11869 12030 12029
1 3 11869 11870 12031 12030
1 3 11870 11871 12032 12031
1 3 11871 11872 12033 12032
1 3 11872 11873 12034 12033
1 3 11873 11874 12035 12034
1 3 11874 11875 12036 12035
1 3 11875 11876 12037 12036
1 3 11876 11877 12038 12037
1 3 11877 11878 12039 12038
1 3 11878 11879 12040 12039
1 3 11879 11880 12041 12040
1 3 11880 11881 12042 12041
1 3 11881 11882 12043 12042
1 3 11882 11883 12044 12043
1 3 11883 11884 12045 12044
1 3 11884 11885 12046 12045
1 3 11885 11886 12047 12046
1 3 11886 11887 12048 12047
1 3 11887 11888 12049 12048
1 3 11888 11889 12050 12049
1 3 11889 11890 12051 12050
1 3 11890 11891 12052 12051
1 3 11891 11892 12053 12052
1 3 11892 11893 12054 12053
1 3 11893 11894 12055 12054
1 3 11894 11895 12056 12055
1 3 11895 11896 12057 12056
1 3 11896 11897 12058 12057
1 3 11897 11898 12059 12058
1 3 11898 11899 12060 12059
1 3 11899 11900 12061 12060
1 3 11900 11901 12062 12061
1 3 11901 11902 12063 12062
1 3 11902 11903 12064 12063
1 3 11903 11904 12065 12064
1 3 11904 11905 12066 12065
1 3 11905 11906 12067 12066
1 3 11906 11907 12068 12067
1 3 11907 11908 12069 12068
1 3 11908 11909 12070 12069
1 3 11909 11910 12071 12070
1 3 11910 11911 12072 12071
1 3 11911 11912 12073 12072
1 3 11912 11913 12074 12073
1 3 11914 11915 12076 12075
1 3 11915 11916 12077 12076
1 3 11916 11917 12078 12077
1 3 11917 11918 12079 12078
1 3 11918 11919 12080 12079
1 3 11919 11920 12081 12080
1 3 11920 11921 12082 12081
1 3 11921 11922 12083 12082
1 3 11922 11923 12084 12083
1 3 11923 11924 12085 12084
1 3 11924 11925 12086 12085
1 3 11925 11926 12087 12086
1 3 11926 11927 12088 12087
1 3 11927 11928 12089 12088
1 3 11928 11929 12090 12089
1 3 11929 11930 12091 12090
1 3 11930 11931 12092 12091
1 3 11931 11932 12093 12092
1 3 11932 11933 12094 12093
1 3 11933 11934 12095 12094
1 3 11934 11935 12096 12095
1 3 11935 11936 12097 12096
1 3 11936 11937 12098 12097
1 3 11937 11938 12099 12098
1 3 11938 11939 12100 12099
1 3 11939 11940 12101 12100
1 3 11940 11941 12102 12101
1 3 11941 11942 12103 12102
1 3 11942 11943 12104 12103
1 3 11943 11944 12105 12104
1 3 11944 11945 12106 12105
1 3 11945 11946 12107 12106
1 3 11946 11947 12108 12107
1 3 11947 11948 12109 12108
1 3 11948 11949 12110 12109
1 3 11949 11950 12111 12110
1 3 11950 11951 12112 12111
1 3 11951 11952 12113 12112
1 3 11952 11953 12114 12113
1 3 11953 11954 12115 12114
1 3 11954 11955 12116 12115
1 3 11955 11956 12117 12116
1 3 11956 11957 12118 12117
1 3 11957 11958 12119 12118
1 3 11958 11959 12120 12119
1 3 11959 11960 12121 12120
1 3 11960 11961 12122 12121
1 3 11961 11962 12123 12122
1 3 11962 11963 12124 12123
1 3 11963 11964 12125 12124
1 3 11964 11965 12126 12125
1 3 11965 11966 12127 12126
1 3 11966 11967 12128 12127
1 3 11967 11968 12129 12128
1 3 11968 11969 12130 12129
1 3 11969 11970 12131 12130
1 3 11970 11971 12132 12131
1 3 11971 11972 12133 12132
1 3 11972 11973 12134 12133
1 3 11973 11974 12135 12134
1 3 11974 11975 12136 12135
1 3 11975 11976 12137 12136
1 3 11976 11977 12138 12137
1 3 11977 11978 12139 12138
1 3 11978 11979 12140 12139
1 3 11979 11980 12141 12140
1 3 11980 11981 12142 12141
1 3 11981 11982 12143 12142
1 3 11982 11983 12144 12143
1 3 11983 11984 12145 12144
1 3 11984 11985 12146 12145
1 3 11985 11986 12147 12146
1 3 11986 11987 12148 12147
1 3 11987 11988 12149 12148
1 3 11988 11989 12150 12149
1 3 11989 11990 12151 12150
1 3 11990 11991 12152 12151
1 3 11991 11992 12153 12152
1 3 11992 11993 12154 12153
1 3 11993 11994 12155 12154
1 3 11994 11995 12156 12155
1 3 11995 11996 12157 12156
1 3 11996 11997 12158 12157
1 3 11997 11998 12159 12158
1 3 11998 11999 12160 12159
1 3 11999 12000 12161 12160
1 3 12000 12001 12162 12161
1 3 12001 12002 12163 12162
1 3 12002 12003 12164 12163
1 3 12003 12004 12165 12164
1 3 12004 12005 12166 12165
1 3 12005 12006 12167 12166
1 3 12006 12007 12168 12167
1 3 12007 12008 12169 12168
1 3 12008 12009 12170 12169
1 3 12009 12010 12171 12170
1 3 12010 12011 12172 12171
1 3 12011 12012 12173 12172
1 3 12012 12013 12174 12173
1 3 12013 12014 12175 12174
1 3 12014 12015 12176 12175
1 3 12015 12016 12177 12176
1 3 12016 12017 12178 12177
1 3 12017 12018 12179 12178
1 3 12018 12019 12180 12179
1 3 12019 12020 12181 12180
1 3 12020 12021 12182 12181
1 3 12021 12022 12183 12182
1 3 12022 12023 12184 12183
1 3 12023 12024 12185 12184
1 3 12024 12025 12186 12185
1 3 12025 12026 12187 12186
1 3 12026 12027 12188 12187
1 3 12027 12028 12189 12188
1 3 12028 12029 12190 12189
1 3 12029 12030 12191 12190
1 3 12030 12031 12192 12191
1 3 12031 12032 12193 12192
1 3 12032 12033 12194 12193
1 3 12033 12034 12195 12194
1 3 12034 12035 12196 12195
1 3 12035 12036 12197 12196
1 3 12036 12037 12198 12197
1 3 12037 12038 12199 12198
1 3 12038 12039 12200 12199
1 3 12039 12040 12201 12200
1 3 12040 12041 12202 12201
1 3 12041 12042 12203 12202
1 3 12042 12043 12204 12203
1 3 12043 12044 12205 12204
1 3 12044 12045 12206 12205
1 3 12045 12046 12207 12206
1 3 12046 12047 12208 12207
1 3 12047 12048 12209 12208
1 3 12048 12049 12210 12209
1 3 12049 12050 12211 12210
1 3 12050 12051 12212 12211
1 3 12051 12052 12213 12212
1 3 12052 12053 12214 12213
1 3 12053 12054 12215 12214
1 3 12054 12055 12216 12215
1 3 12055 12056 12217 12216
1 3 12056 12057 12218 12217
1 3 12057 12058 12219 12218
1 3 12058 12059 12220 12219
1 3 12059 12060 12221 12220
1 3 12060 12061 12222 12221
1 3 12061 12062 12223 12222
1 3 12062 12063 12224 12223
1 3 12063 12064 12225 12224
1 3 12064 12065 12226 12225
1 3 12065 12066 12227 12226
1 3 12066 12067 12228 12227
1 3 12067 12068 12229 12228
1 3 12068 12069 12230 12229
1 3 12069 12070 12231 12230
1 3 12070 12071 12232 12231
1 3 12071 12072 12233 12232
1 3 12072 12073 12234 12233
1 3 12073 12074 12235 12234
1 3 12075 12076 12237 12236
1 3 12076 12077 12238 12237
1 3 12077 12078 12239 12238
1 3 12078 12079 12240 12239
1 3 12079 12080 12241 12240
1 3 12080 12081 12242 12241
1 3 12081 12082 12243 12242
1 3 12082 12083 12244 12243
1 3 12083 12084 12245 12244
1 3 12084 12085 12246 12245
1 3 12085 12086 12247 12246
1 3 12086 12087 12248 12247
1 3 12087 12088 12249 12248
1 3 12088 12089 12250 12249
1 3 12089 12090 12251 12250
1 3 12090 12091 12252 12251
1 3 12091 12092 12253 12252
1 3 12092 12093 12254 12253
1 3 12093 12094 12255 12254
1 3 12094 12095 12256 12255
1 3 12095 12096 12257 12256
1 3 12096 12097 12258 12257
1 3 12097 12098 12259 12258
1 3 12098 12099 12260 12259
1 3 12099 12100 12261 12260
1 3 12100 12101 12262 12261
1 3 12101 12102 12263 12262
1 3 12102 12103 12264 12263
1 3 12103 12104 12265 12264
1 3 12104 12105 12266 12265
1 3 12105 12106 12267 12266
1 3 12106 12107 12268 12267
1 3 12107 12108 12269 12268
1 3 12108 12109 12270 12269
1 3 12109 12110 12271 12270
1 3 12110 12111 12272 12271
1 3 12111 12112 12273 12272
1 3 12112 12113 12274 12273
1 3 12113 12114 12275 12274
1 3 12114 12115 12276 12275
1 3 12115 12116 12277 12276
1 3 12116 12117 12278 12277
1 3 12117 12118 12279 12278
1 3 12118 12119 12280 12279
1 3 12119 12120 12281 12280
1 3 12120 12121 12282 12281
1 3 12121 12122 12283 12282
1 3 12122 12123 12284 12283
1 3 12123 12124 12285 12284
1 3 12124 12125 12286 12285
1 3 12125 12126 12287 12286
1 3 12126 12127 12288 12287
1 3 12127 12128 12289 12288
1 3 12128 12129 12290 12289
1 3 12129 12130 12291 12290
1 3 12130 12131 12292 12291
1 3 12131 12132 12293 12292
1 3 12132 12133 12294 12293
1 3 12133 12134 12295 12294
1 3 12134 12135 12296 12295
1 3 12135 12136 12297 12296
1 3 12136 12137 12298 12297
1 3 12137 12138 12299 12298
1 3 12138 12139 12300 12299
1 3 12139 12140 12301 12300
1 3 12140 12141 12302 12301
1 3 12141 12142 12303 12302
1 3 12142 12143 12304 12303
1 3 12143 12144 12305 12304
1 3 12144 12145 12306 12305
1 3 12145 12146 12307 12306
1 3 12146 12147 12308 12307
1 3 12147 12148 12309 12308
1 3 12148 12149 12310 12309
1 3 12149 12150 12311 12310
1 3 12150 12151 12312 12311
1 3 12151 12152 12313 12312
1 3 12152 12153 12314 12313
1 3 12153 12154 12315 12314
1 3 12154 12155 12316 12315
1 3 12155 12156 12317 12316
1 3 12156 12157 12318 12317
1 3 12157 12158 12319 12318
1 3 12158 12159 12320 12319
1 3 12159 12160 12321 12320
1 3 12160 12161 12322 12321
1 3 12161 12162 12323 12322
1 3 12162 12163 12324 12323
1 3 12163 12164 12325 12324
1 3 12164 12165 12326 12325
1 3 12165 12166 12327 12326
1 3 12166 12167 12328 12327
1 3 12167 12168 12329 12328
1 3 12168 12169 12330 12329
1 3 12169 12170 12331 12330
1 3 12170 12171 12332 12331
1 3 12171 12172 12333 12332
1 3 12172 12173 12334 12333
1 3 12173 12174 12335 12334
1 3 12174 12175 12336 12335
1 3 12175 12176 12337 12336
1 3 12176 12177 12338 12337
1 3 12177 12178 12339 12338
1 3 12178 12179 12340 12339
1 3 12179 12180 12341 12340
1 3 12180 12181 12342 12341
1 3 12181 12182 12343 12342
1 3 12182 12183 12344 12343
1 3 12183 12184 12345 12344
1 3 12184 12185 12346 12345
1 3 12185 12186 12347 12346
1 3 12186 12187 12348 12347
1 3 12187 12188 12349 12348
1 3 12188 12189 12350 12349
1 3 12189 12190 12351 12350
1 3 12190 12191 12352 12351
1 3 12191 12192 12353 12352
1 3 12192 12193 12354 12353
1 3 12193 12194 12355 12354
1 3 12194 12195 12356 12355
1 3 12195 12196 12357 12356
1 3 12196 12197 12358 12357
1 3 12197 12198 12359 12358
1 3 12198 12199 12360 12359
1 3 12199 12200 12361 12360
1 3 12200 12201 12362 12361
1 3 12201 12202 12363 12362
1 3 12202 12203 12364 12363
1 3 12203 12204 12365 12364
1 3 12204 12205 12366 12365
1 3 12205 12206 12367 12366
1 3 12206 12207 12368 12367
1 3 12207 12208 12369 12368
1 3 12208 12209 12370 12369
1 3 12209 12210 12371 12370
1 3 12210 12211 12372 12371
1 3 12211 12212 12373 12372
1 3 12212 12213 12374 12373
1 3 12213 12214 12375 12374
1 3 12214 12215 12376 12375
1 3 12215 12216 12377 12376
1 3 12216 12217 12378 12377
1 3 12217 12218 12379 12378
1 3 12218 12219 12380 12379
1 3 12219 12220 12381 12380
1 3 12220 12221 12382 12381
1 3 12221 12222 12383 12382
1 3 12222 12223 12384 12383
1 3 12223 12224 12385 12384
1 3 12224 12225 12386 12385
1 3 12225 12226 12387 12386
1 3 12226 12227 12388 12387
1 3 12227 12228 12389 12388
1 3 12228 12229 12390 12389
1 3 12229 12230 12391 12390
1 3 12230 12231 12392 12391
1 3 12231 12232 12393 12392
1 3 12232 12233 12394 12393
1 3 12233 12234 12395 12394
1 3 12234 12235 12396 12395
1 3 12236 12237 12398 12397
1 3 12237 12238 12399 12398
1 3 12238 12239 12400 12399
1 3 12239 12240 12401 12400
1 3 12240 12241 12402 12401
1 3 12241 12242 12403 12402
1 3 12242 12243 12404 12403
1 3 12243 12244 12405 12404
1 3 12244 12245 12406 12405
1 3 12245 12246 12407 12406
1 3 12246 12247 12408 12407
1 3 12247 12248 12409 12408
1 3 12248 12249 12410 12409
1 3 12249 12250 12411 12410
1 3 12250 12251 12412 12411
1 3 12251 12252 12413 12412
1 3 12252 12253 12414 12413
1 3 12253 12254 12415 12414
1 3 12254 12255 12416 12415
1 3 12255 12256 12417 12416
1 3 12256 12257 12418 12417
1 3 12257 12258 12419 12418
1 3 12258 12259 12420 12419
1 3 12259 12260 12421 12420
1 3 12260 12261 12422 12421
1 3 12261 12262 12423 12422
1 3 12262 12263 12424 12423
1 3 12263 12264 12425 12424
1 3 12264 12265 12426 12425
1 3 12265 12266 12427 12426
1 3 12266 12267 12428 12427
1 3 12267 12268 12429 12428
1 3 12268 12269 12430 12429
1 3 12269 12270 12431 12430
1 3 12270 12271 12432 12431
1 3 12271 12272 12433 12432
1 3 12272 12273 12434 12433
1 3 12273 12274 12435 12434
1 3 12274 12275 12436 12435
1 3 12275 12276 12437 12436
1 3 12276 12277 12438 12437
1 3 12277 12278 12439 12438
1 3 12278 12279 12440 12439
1 3 12279 12280 12441 12440
1 3 12280 12281 12442 12441
1 3 12281 12282 12443 12442
1 3 12282 12283 12444 12443
1 3 12283 12284 12445 12444
1 3 12284 12285 12446 12445
1 3 12285 12286 12447 12446
1 3 12286 12287 12448 12447
1 3 12287 12288 12449 12448
1 3 12288 12289 12450 12449
1 3 12289 12290 12451 12450
1 3 12290 12291 12452 12451
1 3 12291 12292 12453 12452
1 3 12292 12293 12454 12453
1 3 12293 12294 12455 12454
1 3 12294 12295 12456 12455
1 3 12295 12296 12457 12456
1 3 12296 12297 12458 12457
1 3 12297 12298 12459 12458
1 3 12298 12299 12460 12459
1 3 12299 12300 12461 12460
1 3 12300 12301 12462 12461
1 3 12301 12302 12463 12462
1 3 12302 12303 12464 12463
1 3 12303 12304 12465 12464
1 3 12304 12305 12466 12465
1 3 12305 12306 12467 12466
1 3 12306 12307 12468 12467
1 3 12307 12308 12469 12468
1 3 12308 12309 12470 12469
1 3 12309 12310 12471 12470
1 3 12310 12311 12472 12471
1 3 12311 12312 12473 12472
1 3 12312 12313 12474 12473
1 3 12313 12314 12475 12474
1 3 12314 12315 12476 12475
1 3 12315 12316 12477 12476
1 3 12316 12317 12478 12477
1 3 12317 12318 12479 12478
1 3 12318 12319 12480 12479
1 3 12319 12320 12481 12480
1 3 12320 12321 12482 12481
1 3 12321 12322 12483 12482
1 3 12322 12323 12484 12483
1 3 12323 12324 12485 12484
1 3 12324 12325 12486 12485
1 3 12325 12326 12487 12486
1 3 12326 12327 12488 12487
1 3 12327 12328 12489 12488
1 3 12328 12329 12490 12489
1 3 12329 12330 12491 12490
1 3 12330 12331 12492 12491
1 3 12331 12332 12493 12492
1 3 12332 12333 12494 12493
1 3 12333 12334 12495 12494
1 3 12334 12335 12496 12495
1 3 12335 12336 12497 12496
1 3 12336 12337 12498 12497
1 3 12337 12338 12499 12498
1 3 12338 12339 12500 12499
1 3 12339 12340 12501 12500
1 3 12340 12341 12502 12501
1 3 12341 12342 12503 12502
1 3 12342 12343 12504 12503
1 3 12343 12344 12505 12504
1 3 12344 12345 12506 12505
1 3 12345 12346 12507 12506
1 3 12346 12347 12508 12507
1 3 12347 12348 12509 12508
1 3 12348 12349 12510 12509
1 3 12349 12350 12511 12510
1 3 12350 12351 12512 12511
1 3 12351 12352 12513 12512
1 3 12352 12353 12514 12513
1 3 12353 12354 12515 12514
1 3 12354 12355 12516 12515
1 3 12355 12356 12517 12516
1 3 12356 12357 12518 12517
1 3 12357 12358 12519 12518
1 3 12358 12359 12520 12519
1 3 12359 12360 12521 12520
1 3 12360 12361 12522 12521
1 3 12361 12362 12523 12522
1 3 12362 12363 12524 12523
1 3 12363 12364 12525 12524
1 3 12364 12365 12526 12525
1 3 12365 12366 12527 12526
1 3 12366 12367 12528 12527
1 3 12367 12368 12529 12528
1 3 12368 12369 12530 12529
1 3 12369 12370 12531 12530
1 3 12370 12371 12532 12531
1 3 12371 12372 12533 12532
1 3 12372 12373 12534 12533
1 3 12373 12374 12535 12534
1 3 12374 12375 12536 12535
1 3 12375 12376 12537 12536
1 3 12376 12377 12538 12537
1 3 12377 12378 12539 12538
1 3 12378 12379 12540 12539
1 3 12379 12380 12541 12540
1 3 12380 12381 12542 12541
1 3 12381 12382 12543 12542
1 3 12382 12383 12544 12543
1 3 12383 12384 12545 12544
1 3 12384 12385 12546 12545
1 3 12385 12386 12547 12546
1 3 12386 12387 12548 12547
1 3 12387 12388 12549 12548
1 3 12388 12389 12550 12549
1 3 12389 12390 12551 12550
1 3 12390 12391 12552 12551
1 3 12391 12392 12553 12552
1 3 12392 12393 12554 12553
1 3 12393 12394 12555 12554
1 3 12394 12395 12556 12555
1 3 12395 12396 12557 12556
1 3 12397 12398 12559 12558
1 3 12398 12399 12560 12559
1 3 12399 12400 12561 12560
1 3 12400 12401 12562 12561
1 3 12401 12402 12563 12562
1 3 12402 12403 12564 12563
1 3 12403 12404 12565 12564
1 3 12404 12405 12566 12565
1 3 12405 12406 12567 12566
1 3 12406 12407 12568 12567
1 3 12407 12408 12569 12568
1 3 12408 12409 12570 12569
1 3 12409 12410 12571 12570
1 3 12410 12411 12572 12571
1 3 12411 12412 12573 12572
1 3 12412 12413 12574 12573
1 3 12413 12414 12575 12574
1 3 12414 12415 12576 12575
1 3 12415 12416 12577 12576
1 3 12416 12417 12578 12577
1 3 12417 12418 12579 12578
1 3 12418 12419 12580 12579
1 3 12419 12420 12581 12580
1 3 12420 12421 12582 12581
1 3 12421 12422 12583 12582
1 3 12422 12423 12584 12583
1 3 12423 12424 12585 12584
1 3 12424 12425 12586 12585
1 3 12425 12426 12587 12586
1 3 12426 12427 12588 12587
1 3 12427 12428 12589 12588
1 3 12428 12429 12590 12589
1 3 12429 12430 12591 12590
1 3 12430 12431 12592 12591
1 3 12431 12432 12593 12592
1 3 12432 12433 12594 12593
1 3 12433 12434 12595 12594
1 3 12434 12435 12596 12595
1 3 12435 12436 12597 12596
1 3 12436 12437 12598 12597
1 3 12437 12438 12599 12598
1 3 12438 12439 12600 12599
1 3 12439 12440 12601 12600
1 3 12440 12441 12602 12601
1 3 12441 12442 12603 12602
1 3 12442 12443 12604 12603
1 3 12443 12444 12605 12604
1 3 12444 12445 12606 12605
1 3 12445 12446 12607 12606
1 3 12446 12447 12608 12607
1 3 12447 12448 12609 12608
1 3 12448 12449 12610 12609
1 3 12449 12450 12611 12610
1 3 12450 12451 12612 12611
1 3 12451 12452 12613 12612
1 3 12452 12453 12614 12613
1 3 12453 12454 12615 12614
1 3 12454 12455 12616 12615
1 3 12455 12456 12617 12616
1 3 12456 12457 12618 12617
1 3 12457 12458 12619 12618
1 3 12458 12459 12620 12619
1 3 12459 12460 12621 12620
1 3 12460 12461 12622 12621
1 3 12461 12462 12623 12622
1 3 12462 12463 12624 12623
1 3 12463 12464 12625 12624
1 3 12464 12465 12626 12625
1 3 12465 12466 12627 12626
1 3 12466 12467 12628 12627
1 3 12467 12468 12629 12628
1 3 12468 12469 12630 12629
1 3 12469 12470 12631 12630
1 3 12470 12471 12632 12631
1 3 12471 12472 12633 12632
1 3 12472 12473 12634 12633
1 3 12473 12474 12635 12634
1 3 12474 12475 12636 12635
1 3 12475 12476 12637 12636
1 3 12476 12477 12638 12637
1 3 12477 12478 12639 12638
1 3 12478 12479 12640 12639
1 3 12479 12480 12641 12640
1 3 12480 12481 12642 12641
1 3 12481 12482 12643 12642
1 3 12482 12483 12644 12643
1 3 12483 12484 12645 12644
1 3 12484 12485 12646 12645
1 3 12485 12486 12647 12646
1 3 12486 12487 12648 12647
1 3 12487 12488 12649 12648
1 3 12488 12489 12650 12649
1 3 12489 12490 12651 12650
1 3 12490 12491 12652 12651
1 3 12491 12492 12653 12652
1 3 12492 12493 12654 12653
1 3 12493 12494 12655 12654
1 3 12494 12495 12656 12655
1 3 12495 12496 12657 12656
1 3 12496 12497 12658 12657
1 3 12497 12498 12659 12658
1 3 12498 12499 12660 12659
1 3 12499 12500 12661 12660
1 3 12500 12501 12662 12661
1 3 12501 12502 12663 12662
1 3 12502 12503 12664 12663
1 3 12503 12504 12665 12664
1 3 12504 12505 12666 12665
1 3 12505 12506 12667 12666
1 3 12506 12507 12668 12667
1 3 12507 12508 12669 12668
1 3 12508 12509 12670 12669
1 3 12509 12510 12671 12670
1 3 12510 12511 12672 12671
1 3 12511 12512 12673 12672
1 3 12512 12513 12674 12673
1 3 12513 12514 12675 12674
1 3 12514 12515 12676 12675
1 3 12515 12516 12677 12676
1 3 12516 12517 12678 12677
1 3 12517 12518 12679 12678
1 3 12518 12519 12680 12679
1 3 12519 12520 12681 12680
1 3 12520 12521 12682 12681
1 3 12521 12522 12683 12682
1 3 12522 12523 12684 12683
1 3 12523 12524 12685 12684
1 3 12524 12525 12686 12685
1 3 12525 12526 12687 12686
1 3 12526 12527 12688 12687
1 3 12527 12528 12689 12688
1 3 12528 12529 12690 12689
1 3 12529 12530 12691 12690
1 3 12530 12531 12692 12691
1 3 12531 12532 12693 12692
1 3 12532 12533 12694 12693
1 3 12533 12534 12695 12694
1 3 12534 12535 12696 12695
1 3 12535 12536 12697 12696
1 3 12536 12537 12698 12697
1 3 12537 12538 12699 12698
1 3 12538 12539 12700 12699
1 3 12539 12540 12701 12700
1 3 12540 12541 12702 12701
1 3 12541 12542 12703 12702
1 3 12542 12543 12704 12703
1 3 12543 12544 12705 12704
1 3 12544 12545 12706 12705
1 3 12545 12546 12707 12706
1 3 12546 12547 12708 12707
1 3 12547 12548 12709 12708
1 3 12548 12549 12710 12709
1 3 12549 12550 12711 12710
1 3 12550 12551 12712 12711
1 3 12551 12552 12713 12712
1 3 12552 12553 12714 12713
1 3 12553 12554 12715 12714
1 3 12554 12555 12716 12715
1 3 12555 12556 12717 12716
1 3 12556 12557 12718 12717
1 3 12558 12559 12720 12719
1 3 12559 12560 12721 12720
1 3 12560 12561 12722 12721
1 3 12561 12562 12723 12722
1 3 12562 12563 12724 12723
1 3 12563 12564 12725 12724
1 3 12564 12565 12726 12725
1 3 12565 12566 12727 12726
1 3 12566 12567 12728 12727
1 3 12567 12568 12729 12728
1 3 12568 12569 12730 12729
1 3 12569 12570 12731 12730
1 3 12570 12571 12732 12731
1 3 12571 12572 12733 12732
1 3 12572 12573 12734 12733
1 3 12573 12574 12735 12734
1 3 12574 12575 12736 12735
1 3 12575 12576 12737 12736
1 3 12576 12577 12738 12737
1 3 12577 12578 12739 12738
1 3 12578 12579 12740 12739
1 3 12579 12580 12741 12740
1 3 12580 12581 12742 12741
1 3 12581 12582 12743 12742
1 3 12582 12583 12744 12743
1 3 12583 12584 12745 12744
1 3 12584 12585 12746 12745
1 3 12585 12586 12747 12746
1 3 12586 12587 12748 12747
1 3 12587 12588 12749 12748
1 3 12588 12589 12750 12749
1 3 12589 12590 12751 12750
1 3 12590 12591 12752 12751
1 3 12591 12592 12753 12752
1 3 12592 12593 12754 12753
1 3 12593 12594 12755 12754
1 3 12594 12595 12756 12755
1 3 12595 12596 12757 12756
1 3 12596 12597 12758 12757
1 3 12597 12598 12759 12758
1 3 12598 12599 12760 12759
1 3 12599 12600 12761 12760
1 3 12600 12601 12762 12761
1 3 12601 12602 12763 12762
1 3 12602 12603 12764 12763
1 3 12603 12604 12765 12764
1 3 12604 12605 12766 12765
1 3 12605 12606 12767 12766
1 3 12606 12607 12768 12767
1 3 12607 12608 12769 12768
1 3 12608 12609 12770 12769
1 3 12609 12610 12771 12770
1 3 12610 12611 12772 12771
1 3 12611 12612 12773 12772
1 3 12612 12613 12774 12773
1 3 12613 12614 12775 12774
1 3 12614 12615 12776 12775
1 3 12615 12616 12777 12776
1 3 12616 12617 12778 12777
1 3 12617 12618 12779 12778
1 3 12618 12619 12780 12779
1 3 12619 12620 12781 12780
1 3 12620 12621 12782 12781
1 3 12621 12622 12783 12782
1 3 12622 12623 12784 12783
1 3 12623 12624 12785 12784
1 3 12624 12625 12786 12785
1 3 12625 12626 12787 12786
1 3 12626 12627 12788 12787
1 3 12627 12628 12789 12788
1 3 12628 12629 12790 12789
1 3 12629 12630 12791 12790
1 3 12630 12631 12792 12791
1 3 12631 12632 12793 12792
1 3 12632 12633 12794 12793
1 3 12633 12634 12795 12794
1 3 12634 12635 12796 12795
1 3 12635 12636 12797 12796
1 3 12636 12637 12798 12797
1 3 12637 12638 12799 12798
1 3 12638 12639 12800 12799
1 3 12639 12640 12801 12800
1 3 12640 12641 12802 12801
1 3 12641 12642 12803 12802
1 3 12642 12643 12804 12803
1 3 12643 12644 12805 12804
1 3 12644 12645 12806 12805
1 3 12645 12646 12807 12806
1 3 12646 12647 12808 12807
1 3 12647 12648 12809 12808
1 3 12648 12649 12810 12809
1 3 12649 12650 12811 12810
1 3 12650 12651 12812 12811
1 3 12651 12652 12813 12812
1 3 12652 12653 12814 12813
1 3 12653 12654 12815 12814
1 3 12654 12655 12816 12815
1 3 12655 12656 12817 12816
1 3 12656 12657 12818 12817
1 3 12657 12658 12819 12818
1 3 12658 12659 12820 12819
1 3 12659 12660 12821 12820
1 3 12660 12661 12822 12821
1 3 12661 12662 12823 12822
1 3 12662 12663 12824 12823
1 3 12663 12664 12825 12824
1 3 12664 12665 12826 12825
1 3 12665 12666 12827 12826
1 3 12666 12667 12828 12827
1 3 12667 12668 12829 12828
1 3 12668 12669 12830 12829
1 3 12669 12670 12831 12830
1 3 12670 12671 12832 12831
1 3 12671 12672 12833 12832
1 3 12672 12673 12834 12833
1 3 12673 12674 12835 12834
1 3 12674 12675 12836 12835
1 3 12675 12676 12837 12836
1 3 12676 12677 12838 12837
1 3 12677 12678 12839 12838
1 3 12678 12679 12840 12839
1 3 12679 12680 12841 12840
1 3 12680 12681 12842 12841
1 3 12681 12682 12843 12842
1 3 12682 12683 12844 12843
1 3 12683 12684 12845 12844
1 3 12684 12685 12846 12845
1 3 12685 12686 12847 12846
1 3 12686 12687 12848 12847
1 3 12687 12688 12849 12848
1 3 12688 12689 12850 12849
1 3 12689 12690 12851 12850
1 3 12690 12691 12852 12851
1 3 12691 12692 12853 12852
1 3 12692 12693 12854 12853
1 3 12693 12694 12855 12854
1 3 12694 12695 12856 12855
1 3 12695 12696 12857 12856
1 3 12696 12697 12858 12857
1 3 12697 12698 12859 12858
1 3 12698 12699 12860 12859
1 3 12699 12700 12861 12860
1 3 12700 12701 12862 12861
1 3 12701 12702 12863 12862
1 3 12702 12703 12864 12863
1 3 12703 12704 12865 12864
1 3 12704 12705 12866 12865
1 3 12705 12706 12867 12866
1 3 12706 12707 12868 12867
1 3 12707 12708 12869 12868
1 3 12708 12709 12870 12869
1 3 12709 12710 12871 12870
1 3 12710 12711 12872 12871
1 3 12711 12712 12873 12872
1 3 12712 12713 12874 12873
1 3 12713 12714 12875 12874
1 3 12714 12715 12876 12875
1 3 12715 12716 12877 12876
1 3 12716 12717 12878 12877
1 3 12717 12718 12879 12878
1 3 12719 12720 12881 12880
1 3 12720 12721 12882 12881
1 3 12721 12722 12883 12882
1 3 12722 12723 12884 12883
1 3 12723 12724 12885 12884
1 3 12724 12725 12886 12885
1 3 12725 12726 12887 12886
1 3 12726 12727 12888 12887
1 3 12727 12728 12889 12888
1 3 12728 12729 12890 12889
1 3 12729 12730 12891 12890
1 3 12730 12731 12892 12891
1 3 12731 12732 12893 12892
1 3 12732 12733 12894 12893
1 3 12733 12734 12895 12894
1 3 12734 12735 12896 12895
1 3 12735 12736 12897 12896
1 3 12736 12737 12898 12897
1 3 12737 12738 12899 12898
1 3 12738 12739 12900 12899
1 3 12739 12740 12901 12900
1 3 12740 12741 12902 12901
1 3 12741 12742 12903 12902
1 3 12742 12743 12904 12903
1 3 12743 12744 12905 12904
1 3 12744 12745 12906 12905
1 3 12745 12746 12907 12906
1 3 12746 12747 12908 12907
1 3 12747 12748 12909 12908
1 3 12748 12749 12910 12909
1 3 12749 12750 12911 12910
1 3 12750 12751 12912 12911
1 3 12751 12752 12913 12912
1 3 12752 12753 12914 12913
1 3 12753 12754 12915 12914
1 3 12754 12755 12916 12915
1 3 12755 12756 12917 12916
1 3 12756 12757 12918 12917
1 3 12757 12758 12919 12918
1 3 12758 12759 12920 12919
1 3 12759 12760 12921 12920
1 3 12760 12761 12922 12921
1 3 12761 12762 12923 12922
1 3 12762 12763 12924 12923
1 3 12763 12764 12925 12924
1 3 12764 12765 12926 12925
1 3 12765 12766 12927 12926
1 3 12766 12767 12928 12927
1 3 12767 12768 12929 12928
1 3 12768 12769 12930 12929
1 3 12769 12770 12931 12930
1 3 12770 12771 12932 12931
1 3 12771 12772 12933 12932
1 3 12772 12773 12934 12933
1 3 12773 12774 12935 12934
1 3 12774 12775 12936 12935
1 3 12775 12776 12937 12936
1 3 12776 12777 12938 12937
1 3 12777 12778 12939 12938
1 3 12778 12779 12940 12939
1 3 12779 12780 12941 12940
1 3 12780 12781 12942 12941
1 3 12781 12782 12943 12942
1 3 12782 12783 12944 12943
1 3 12783 12784 12945 12944
1 3 12784 12785 12946 12945
1 3 12785 12786 12947 12946
1 3 12786 12787 12948 12947
1 3 12787 12788 12949 12948
1 3 12788 12789 12950 12949
1 3 12789 12790 12951 12950
1 3 12790 12791 12952 12951
1 3 12791 12792 12953 12952
1 3 12792 12793 12954 12953
1 3 12793 12794 12955 12954
1 3 12794 12795 12956 12955
1 3 12795 12796 12957 12956
1 3 12796 12797 12958 12957
1 3 12797 12798 12959 12958
1 3 12798 12799 12960 12959
1 3 12799 12800 12961 12960
1 3 12800 12801 12962 12961
1 3 12801 12802 12963 12962
1 3 12802 12803 12964 12963
1 3 12803 12804 12965 12964
1 3 12804 12805 12966 12965
1 3 12805 12806 12967 12966
1 3 12806 12807 12968 12967
1 3 12807 12808 12969 12968
1 3 12808 12809 12970 12969
1 3 12809 12810 12971 12970
1 3 12810 12811 12972 12971
1 3 12811 12812 12973 12972
1 3 12812 12813 12974 12973
1 3 12813 12814 12975 12974
1 3 12814 12815 12976 12975
1 3 12815 12816 12977 12976
1 3 12816 12817 12978 12977
1 3 12817 12818 12979 12978
1 3 12818 12819 12980 12979
1 3 12819 12820 12981 12980
1 3 12820 12821 12982 12981
1 3 12821 12822 12983 12982
1 3 12822 12823 12984 12983
1 3 12823 12824 12985 12984
1 3 12824 12825 12986 12985
1 3 12825 12826 12987 12986
1 3 12826 12827 12988 12987
1 3 12827 12828 12989 12988
1 3 12828 12829 12990 12989
1 3 12829 12830 12991 12990
1 3 12830 12831 12992 12991
1 3 12831 12832 12993 12992
1 3 12832 12833 12994 12993
1 3 12833 12834 12995 12994
1 3 12834 12835 12996 12995
1 3 12835 12836 12997 12996
1 3 12836 12837 12998 12997
1 3 12837 12838 12999 12998
1 3 12838 12839 13000 12999
1 3 12839 12840 13001 13000
1 3 12840 12841 13002 13001
1 3 12841 12842 13003 13002
1 3 12842 12843 13004 13003
1 3 12843 12844 13005 13004
1 3 12844 12845 13006 13005
1 3 12845 12846 13007 13006
1 3 12846 12847 13008 13007
1 3 12847 12848 13009 13008
1 3 12848 12849 13010 13009
1 3 12849 12850 13011 13010
1 3 12850 12851 13012 13011
1 3 12851 12852 13013 13012
1 3 12852 12853 13014 13013
1 3 12853 12854 13015 13014
1 3 12854 12855 13016 13015
1 3 12855 12856 13017 13016
1 3 12856 12857 13018 13017
1 3 12857 12858 13019 13018
1 3 12858 12859 13020 13019
1 3 12859 12860 13021 13020
1 3 12860 12861 13022 13021
1 3 12861 12862 13023 13022
1 3 12862 12863 13024 13023
1 3 12863 12864 13025 13024
1 3 12864 12865 13026 13025
1 3 12865 12866 13027 13026
1 3 12866 12867 13028 13027
1 3 12867 12868 13029 13028
1 3 12868 12869 13030 13029
1 3 12869 12870 13031 13030
1 3 12870 12871 13032 13031
1 3 12871 12872 13033 13032
1 3 12872 12873 13034 13033
1 3 12873 12874 13035 13034
1 3 12874 12875 13036 13035
1 3 12875 12876 13037 13036
1 3 12876 12877 13038 13037
1 3 12877 12878 13039 13038
1 3 12878 12879 13040 13039

boundary
480
1 1 0 1
1 1 1 2
1 1 2 3
1 1 3 4
1 1 4 5
1 1 5 6
1 1 6 7
1 1 7 8
1 1 8 9
1 1 9 10
1 1 10 11
1 1 11 12
1 1 12 13
1 1 13 14
1 1 14 15
1 1 15 16
1 1 16 17
1 1 17 18
1 1 18 19
1 1 19 20
1 1 20 21
1 1 21 22
1 1 22 23
1 1 23 24
1 1 24 25
1 1 25 26
1 1 26 27
1 1 27 28
1 1 28 29
1 1 29 30
1 1 30 31
1 1 31 32
1 1 32 33
1 1 33 34
1 1 34 35
1 1 35 36
1 1 36 37
1 1 37 38
1 1 38 39
1 1 39 40
1 1 40 41
1 1 41 42
1 1 42 43
1 1 43 44
1 1 44 45
1 1 45 46
1 1 46 47
1 1 47 48
1 1 48 49
1 1 49 50
1 1 50 51
1 1 51 52
1 1 52 53
1 1 53 54
1 1 54 55
1 1 55 56
1 1 56 57
1 1 57 58
1 1 58 59
1 1 59 60
1 1 60 61
1 1 61 62
1 1 62 63
1 1 63 64
1 1 64 65
1 1 65 66
1 1 66 67
1 1 67 68
1 1 68 69
1 1 69 70
1 1 70 71
1 1 71 72
1 1 72 73
1 1 73 74
1 1 74 75
1 1 75 76
1 1 76 77
1 1 77 78
1 1 78 79
1 1 79 80
1 1 80 81
1 1 81 82
1 1 82 83
1 1 83 84
1 1 84 85
1 1 85 86
1 1 86 87
1 1 87 88
1 1 88 89
1 1 89 90
1 1 90 91
1 1 91 92
1 1 92 93
1 1 93 94
1 1 94 95
1 1 95 96
1 1 96 97
1 1 97 98
1 1 98 99
1 1 99 100
1 1 100 101
1 1 101 102
1 1 102 103
1 1 103 104
1 1 104 105
1 1 105 106
1 1 106 107
1 1 107 108
1 1 108 109
1 1 109 110
1 1 110 111
1 1 111 112
1 1 112 113
1 1 113 114
1 1 114 115
1 1 115 116
1 1 116 117
1 1 117 118
1 1 118 119
1 1 119 120
1 1 120 121
1 1 121 122
1 1 122 123
1 1 123 124
1 1 124 125
1 1 125 126
1 1 126 127
1 1 127 128
1 1 128 129
1 1 129 130
1 1 130 131
1 1 131 132
1 1 132 133
1 1 133 134
1 1 134 135
1 1 135 136
1 1 136 137
1 1 137 138
1 1 138 139
1 1 139 140
1 1 140 141
1 1 141 142
1 1 142 143
1 1 143 144
1 1 144 145
1 1 145 146
1 1 146 147
1 1 147 148
1 1 148 149
1 1 149 150
1 1 150 151
1 1 151 152
1 1 152 153
1 1 153 154
1 1 154 155
1 1 155 156
1 1 156 157
1 1 157 158
1 1 158 159
1 1 159 160
3 1 12881 12880
3 1 12882 12881
3 1 12883 12882
3 1 12884 12883
3 1 12885 12884
3 1 12886 12885
3 1 12887 12886
3 1 12888 12887
3 1 12889 12888
3 1 12890 12889
3 1 12891 12890
3 1 12892 12891
3 1 12893 12892
3 1 12894 12893
3 1 12895 12894
3 1 12896 12895
3 1 12897 12896
3 1 12898 12897
3 1 12899 12898
3 1 12900 12899
3 1 12901 12900
3 1 12902 12901
3 1 12903 12902
3 1 12904 12903
3 1 12905 12904
3 1 12906 12905
3 1 12907 12906
3 1 12908 12907
3 1 12909 12908
3 1 12910 12909
3 1 12911 12910
3 1 12912 12911
3 1 12913 12912
3 1 12914 12913
3 1 12915 12914
3 1 12916 12915
3 1 12917 12916
3 1 12918 12917
3 1 12919 12918
3 1 12920 12919
3 1 12921 12920
3 1 12922 12921
3 1 12923 12922
3 1 12924 12923
3 1 12925 12924
3 1 12926 12925
3 1 12927 12926
3 1 12928 12927
3 1 12929 12928
3 1 12930 12929
3 1 12931 12930
3 1 12932 12931
3 1 12933 12932
3 1 12934 12933
3 1 12935 12934
3 1 12936 12935
3 1 12937 12936
3 1 12938 12937
3 1 12939 12938
3 1 12940 12939
3 1 12941 12940
3 1 12942 12941
3 1 12943 12942
3 1 12944 12943
3 1 12945 12944
3 1 12946 12945
3 1 12947 12946
3 1 12948 12947
3 1 12949 12948
3 1 12950 12949
3 1 12951 12950
3 1 12952 12951
3 1 12953 12952
3 1 12954 12953
3 1 12955 12954
3 1 12956 12955
3 1 12957 12956
3 1 12958 12957
3 1 12959 12958
3 1 12960 12959
3 1 12961 12960
3 1 12962 12961
3 1 12963 12962
3 1 12964 12963
3 1 12965 12964
3 1 12966 12965
3 1 12967 12966
3 1 12968 12967
3 1 12969 12968
3 1 12970 12969
3 1 12971 12970
3 1 12972 12971
3 1 12973 12972
3 1 12974 12973
3 1 12975 12974
3 1 12976 12975
3 1 12977 12976
3 1 12978 12977
3 1 12979 12978
3 1 12980 12979
3 1 12981 12980
3 1 12982 12981
3 1 12983 12982
3 1 12984 12983
3 1 12985 12984
3 1 12986 12985
3 1 12987 12986
3 1 12988 12987
3 1 12989 12988
3 1 12990 12989
3 1 12991 12990
3 1 12992 12991
3 1 12993 12992
3 1 12994 12993
3 1 12995 12994
3 1 12996 12995
3 1 12997 12996
3 1 12998 12997
3 1 12999 12998
3 1 13000 12999
3 1 13001 13000
3 1 13002 13001
3 1 13003 13002
3 1 13004 13003
3 1 13005 13004
3 1 13006 13005
3 1 13007 13006
3 1 13008 13007
3 1 13009 13008
3 1 13010 13009
3 1 13011 13010
3 1 13012 13011
3 1 13013 13012
3 1 13014 13013
3 1 13015 13014
3 1 13016 13015
3 1 13017 13016
3 1 13018 13017
3 1 13019 13018
3 1 13020 13019
3 1 13021 13020
3 1 13022 13021
3 1 13023 13022
3 1 13024 13023
3 1 13025 13024
3 1 13026 13025
3 1 13027 13026
3 1 13028 13027
3 1 13029 13028
3 1 13030 13029
3 1 13031 13030
3 1 13032 13031
3 1 13033 13032
3 1 13034 13033
3 1 13035 13034
3 1 13036 13035
3 1 13037 13036
3 1 13038 13037
3 1 13039 13038
3 1 13040 13039
4 1 161 0
4 1 322 161
4 1 483 322
4 1 644 483
4 1 805 644
4 1 966 805
4 1 1127 966
4 1 1288 1127
4 1 1449 1288
4 1 1610 1449
4 1 1771 1610
4 1 1932 1771
4 1 2093 1932
4 1 2254 2093
4 1 2415 2254
4 1 2576 2415
4 1 2737 2576
4 1 2898 2737
4 1 3059 2898
4 1 3220 3059
4 1 3381 3220
4 1 3542 3381
4 1 3703 3542
4 1 3864 3703
4 1 4025 3864
4 1 4186 4025
4 1 4347 4186
4 1 4508 4347
4 1 4669 4508
4 1 4830 4669
4 1 4991 4830
4 1 5152 4991
4 1 5313 5152
4 1 5474 5313
4 1 5635 5474
4 1 5796 5635
4 1 5957 5796
4 1 6118 5957
4 1 6279 6118
4 1 6440 6279
4 1 6601 6440
4 1 6762 6601
4 1 6923 6762
4 1 7084 6923
4 1 7245 7084
4 1 7406 7245
4 1 7567 7406
4 1 7728 7567
4 1 7889 7728
4 1 8050 7889
4 1 8211 8050
4 1 8372 8211
4 1 8533 8372
4 1 8694 8533
4 1 8855 8694
4 1 9016 8855
4 1 9177 9016
4 1 9338 9177
4 1 9499 9338
4 1 9660 9499
4 1 9821 9660
4 1 9982 9821
4 1 10143 9982
4 1 10304 10143
4 1 10465 10304
4 1 10626 10465
4 1 10787 10626
4 1 10948 10787
4 1 11109 10948
4 1 11270 11109
4 1 11431 11270
4 1 11592 11431
4 1 11753 11592
4 1 11914 11753
4 1 12075 11914
4 1 12236 12075
4 1 12397 12236
4 1 12558 12397
4 1 12719 12558
4 1 12880 12719
2 1 160 321
2 1 321 482
2 1 482 643
2 1 643 804
2 1 804 965
2 1 965 1126
2 1 1126 1287
2 1 1287 1448
2 1 1448 1609
2 1 1609 1770
2 1 1770 1931
2 1 1931 2092
2 1 2092 2253
2 1 2253 2414
2 1 2414 2575
2 1 2575 2736
2 1 2736 2897
2 1 2897 3058
2 1 3058 3219
2 1 3219 3380
2 1 3380 3541
2 1 3541 3702
2 1 3702 3863
2 1 3863 4024
2 1 4024 4185
2 1 4185 4346
2 1 4346 4507
2 1 4507 4668
2 1 4668 4829
2 1 4829 4990
2 1 4990 5151
2 1 5151 5312
2 1 5312 5473
2 1 5473 5634
2 1 5634 5795
2 1 5795 5956
2 1 5956 6117
2 1 6117 6278
2 1 6278 6439
2 1 6439 6600
2 1 6600 6761
2 1 6761 6922
2 1 6922 7083
2 1 7083 7244
2 1 7244 7405
2 1 7405 7566
2 1 7566 7727
2 1 7727 7888
2 1 7888 8049
2 1 8049 8210
2 1 8210 8371
2 1 8371 8532
2 1 8532 8693
2 1 8693 8854
2 1 8854 9015
2 1 9015 9176
2 1 9176 9337
2 1 9337 9498
2 1 9498 9659
2 1 9659 9820
2 1 9820 9981
2 1 9981 10142
2 1 10142 10303
2 1 10303 10464
2 1 10464 10625
2 1 10625 10786
2 1 10786 10947
2 1 10947 11108
2 1 11108 11269
2 1 11269 11430
2 1 11430 11591
2 1 11591 11752
2 1 11752 11913
2 1 11913 12074
2 1 12074 12235
2 1 12235 12396
2 1 12396 12557
2 1 12557 12718
2 1 12718 12879
2 1 12879 13040

vertices
13041
2
0 0
0.0125 0
0.025 0
0.0375 0
0.05 0
0.0625 0
0.075 0
0.0875 0
0.1 0
0.1125 0
0.125 0
0.1375 0
0.15 0
0.1625 0
0.175 0
0.1875 0
0.2 0
0.2125 0
0.225 0
0.2375 0
0.25 0
0.2625 0
0.275 0
0.2875 0
0.3 0
0.3125 0
0.325 0
0.3375 0
0.35 0
0.3625 0
0.375 0
0.3875 0
0.4 0
0.4125 0
0.425 0
0.4375 0
0.45 0
0.4625 0
0.475 0
0.4875 0
0.5 0
0.5125 0
0.525 0
0.5375 0
0.55 0
0.5625 0
0.575 0
0.5875 0
0.6 0
0.6125 0
0.625 0
0.6375 0
0.65 0
0.6625 0
0.675 0
0.6875 0
0.7 0
0.7125 0
0.725 0
0.7375 0
0.75 0
0.7625 0
0.775 0
0.7875 0
0.8 0
0.8125 0
0.825 0
0.8375 0
0.85 0
0.8625 0
0.875 0
0.8875 0
0.9 0
0.9125 0
0.925 0
0.9375 0
0.95 0
0.9625 0
0.975 0
0.9875 0
1 0
1.0125 0
1.025 0
1.0375 0
1.05 0
1.0625 0
1.075 0
1.0875 0
1.1 0
1.1125 0
1.125 0
1.1375 0
1.15 0
1.1625 0
1.175 0
1.1875 0
1.2 0
1.2125 0
1.225 0
1.2375 0
1.25 0
1.2625 0
1.275 0
1.2875 0
1.3 0
1.3125 0
1.325 0
1.3375 0
1.35 0
1.3625 0
1.375 0
1.3875 0
1.4 0
1.4125 0
1.425 0
1.4375 0
1.45 0
1.4625 0
1.475 0
1.4875 0
1.5 0
1.5125 0
1.525 0
1.5375 0
1.55 0
1.5625 0
1.575 0
1.5875 0
1.6 0
1.6125 0
1.625 0
1.6375 0
1.65 0
1.6625 0
1.675 0
1.6875 0
1.7 0
1.7125 0
1.725 0
1.7375 0
1.75 0
1.7625 0
1.775 0
1.7875 0
1.8 0
1.8125 0
1.825 0
1.8375 0
1.85 0
1.8625 0
1.875 0
1.8875 0
1.9 0
1.9125 0
1.925 0
1.9375 0
1.95 0
1.9625 0
1.975 0
1.9875 0
2 0
0 0.0125
0.0125 0.0125
0.025 0.0125
0.0375 0.0125
0.05 0.0125
0.0625 0.0125
0.075 0.0125
0.0875 0.0125
0.1 0.0125
0.1125 0.0125
0.125 0.0125
0.1375 0.0125
0.15 0.0125
0.1625 0.0125
0.175 0.0125
0.1875 0.0125
0.2 0.0125
0.2125 0.0125
0.225 0.0125
0.2375 0.0125
0.25 0.0125
0.2625 0.0125
0.275 0.0125
0.2875 0.0125
0.3 0.0125
0.3125 0.0125
0.325 0.0125
0.3375 0.0125
0.35 0.0125
0.3625 0.0125
0.375 0.0125
0.3875 0.0125
0.4 0.0125
0.4125 0.0125
0.425 0.0125
0.4375 0.0125
0.45 0.0125
0.4625 0.0125
0.475 0.0125
0.4875 0.0125
0.5 0.0125
0.5125 0.0125
0.525 0.0125
0.5375 0.0125
0.55 0.0125
0.5625 0.0125
0.575 0.0125
0.5875 0.0125
0.6 0.0125
0.6125 0.0125
0.625 0.0125
0.6375 0.0125
0.65 0.0125
0.6625 0.0125
0.675 0.0125
0.6875 0.0125
0.7 0.0125
0.7125 0.0125
0.725 0.0125
0.7375 0.0125
0.75 0.0125
0.7625 0.0125
0.775 0.0125
0.7875 0.0125
0.8 0.0125
0.8125 0.0125
0.825 0.0125
0.8375 0.0125
0.85 0.0125
0.8625 0.0125
0.875 0.0125
0.8875 0.0125
0.9 0.0125
0.9125 0.0125
0.925 0.0125
0.9375 0.0125
0.95 0.0125
0.9625 0.0125
0.975 0.0125
0.9875 0.0125
1 0.0125
1.0125 0.0125
1.025 0.0125
1.0375 0.0125
1.05 0.0125
1.0625 0.0125
1.075 0.0125
1.0875 0.0125
1.1 0.0125
1.1125 0.0125
1.125 0.0125
1.1375 0.0125
1.15 0.0125
1.1625 0.0125
1.175 0.0125
1.1875 0.0125
1.2 0.0125
1.2125 0.0125
1.225 0.0125
1.2375 0.0125
1.25 0.0125
1.2625 0.0125
1.275 0.0125
1.2875 0.0125
1.3 0.0125
1.3125 0.0125
1.325 0.0125
1.3375 0.0125
1.35 0.0125
1.3625 0.0125
1.375 0.0125
1.3875 0.0125
1.4 0.0125
1.4125 0.0125
1.425 0.0125
1.4375 0.0125
1.45 0.0125
1.4625 0.0125
1.475 0.0125
1.4875 0.0125
1.5 0.0125
1.5125 0.0125
1.525 0.0125
1.5375 0.0125
1.55 0.0125
1.5625 0.0125
1.575 0.0125
1.5875 0.0125
1.6 0.0125
1.6125 0.0125
1.625 0.0125
1.6375 0.0125
1.65 0.0125
1.6625 0.0125
1.675 0.0125
1.6875 0.0125
1.7 0.0125
1.7125 0.0125
1.725 0.0125
1.7375 0.0125
1.75 0.0125
1.7625 0.0125
1.775 0.0125
1.7875 0.0125
1.8 0.0125
1.8125 0.0125
1.825 0.0125
1.8375 0.0125
1.85 0.0125
1.8625 0.0125
1.875 0.0125
1.8875 0.0125
1.9 0.0125
1.9125 0.0125
1.925 0.0125
1.9375 0.0125
1.95 0.0125
1.9625 0.0125
1.975 0.0125
1.9875 0.0125
2 0.0125
0 0.025
0.0125 0.025
0.025 0.025
0.0375 0.025
0.05 0.025
0.0625 0.025
0.075 0.025
0.0875 0.025
0.1 0.025
0.1125 0.025
0.125 0.025
0.1375 0.025
0.15 0.025
0.1625 0.025
0.175 0.025
0.1875 0.025
0.2 0.025
0.2125 0.025
0.225 0.025
0.2375 0.025
0.25 0.025
0.2625 0.025
0.275 0.025
0.2875 0.025
0.3 0.025
0.3125 0.025
0.325 0.025
0.3375 0.025
0.35 0.025
0.3625 0.025
0.375 0.025
0.3875 0.025
0.4 0.025
0.4125 0.025
0.425 0.025
0.4375 0.025
0.45 0.025
0.4625 0.025
0.475 0.025
0.4875 0.025
0.5 0.025
0.5125 0.025
0.525 0.025
0.5375 0.025
0.55 0.025
0.5625 0.025
0.575 0.025
0.5875 0.025
0.6 0.025
0.6125 0.025
0.625 0.025
0.6375 0.025
0.65 0.025
0.6625 0.025
0.675 0.025
0.6875 0.025
0.7 0.025
0.7125 0.025
0.725 0.025
0.7375 0.025
0.75 0.025
0.7625 0.025
0.775 0.025
0.7875 0.025
0.8 0.025
0.8125 0.025
0.825 0.025
0.8375 0.025
0.85 0.025
0.8625 0.025
0.875 0.025
0.8875 0.025
0.9 0.025
0.9125 0.025
0.925 0.025
0.9375 0.025
0.95 0.025
0.9625 0.025
0.975 0.025
0.9875 0.025
1 0.025
1.0125 0.025
1.025 0.025
1.0375 0.025
1.05 0.025
1.0625 0.025
1.075 0.025
1.0875 0.025
1.1 0.025
1.1125 0.025
1.125 0.025
1.1375 0.025
1.15 0.025
1.1625 0.025
1.175 0.025
1.1875 0.025
1.2 0.025
1.2125 0.025
1.225 0.025
1.2375 0.025
1.25 0.025
1.2625 0.025
1.275 0.025
1.2875 0.025
1.3 0.025
1.3125 0.025
1.325 0.025
1.3375 0.025
1.35 0.025
1.3625 0.025
1.375 0.025
1.3875 0.025
1.4 0.025
1.4125 0.025
1.425 0.025
1.4375 0.025
1.45 0.025
1.4625 0.025
1.475 0.025
1.4875 0.025
1.5 0.025
1.5125 0.025
1.525 0.025
1.5375 0.025
1.55 0.025
1.5625 0.025
1.575 0.025
1.5875 0.025
1.6 0.025
1.6125 0.025
1.625 0.025
1.6375 0.025
1.65 0.025
1.6625 0.025
1.675 0.025
1.6875 0.025
1.7 0.025
1.7125 0.025
1.725 0.025
1.7375 0.025
1.75 0.025
1.7625 0.025
1.775 0.025
1.7875 0.025
1.8 0.025
1.8125 0.025
1.825 0.025
1.8375 0.025
1.85 0.025
1.8625 0.025
1.875 0.025
1.8875 0.025
1.9 0.025
1.9125 0.025
1.925 0.025
1.9375 0.025
1.95 0.025
1.9625 0.025
1.975 0.025
1.9875 0.025
2 0.025
0 0.0375
0.0125 0.0375
0.025 0.0375
0.0375 0.0375
0.05 0.0375
0.0625 0.0375
0.075 0.0375
0.0875 0.0375
0.1 0.0375
0.1125 0.0375
0.125 0.0375
0.1375 0.0375
0.15 0.0375
0.1625 0.0375
0.175 0.0375
0.1875 0.0375
0.2 0.0375
0.2125 0.0375
0.225 0.0375
0.2375 0.0375
0.25 0.0375
0.2625 0.0375
0.275 0.0375
0.2875 0.0375
0.3 0.0375
0.3125 0.0375
0.325 0.0375
0.3375 0.0375
0.35 0.0375
0.3625 0.0375
0.375 0.0375
0.3875 0.0375
0.4 0.0375
0.4125 0.0375
0.425 0.0375
0.4375 0.0375
0.45 0.0375
0.4625 0.0375
0.475 0.0375
0.4875 0.0375
0.5 0.0375
0.5125 0.0375
0.525 0.0375
0.5375 0.0375
0.55 0.0375
0.5625 0.0375
0.575 0.0375
0.5875 0.0375
0.6 0.0375
0.6125 0.0375
0.625 0.0375
0.6375 0.0375
0.65 0.0375
0.6625 0.0375
0.675 0.0375
0.6875 0.0375
0.7 0.0375
0.7125 0.0375
0.725 0.0375
0.7375 0.0375
0.75 0.0375
0.7625 0.0375
0.775 0.0375
0.7875 0.0375
0.8 0.0375
0.8125 0.0375
0.825 0.0375
0.8375 0.0375
0.85 0.0375
0.8625 0.0375
0.875 0.0375
0.8875 0.0375
0.9 0.0375
0.9125 0.0375
0.925 0.0375
0.9375 0.0375
0.95 0.0375
0.9625 0.0375
0.975 0.0375
0.9875 0.0375
1 0.0375
1.0125 0.0375
1.025 0.0375
1.0375 0.0375
1.05 0.0375
1.0625 0.0375
1.075 0.0375
1.0875 0.0375
1.1 0.0375
1.1125 0.0375
1.125 0.0375
1.1375 0.0375
1.15 0.0375
1.1625 0.0375
1.175 0.0375
1.1875 0.0375
1.2 0.0375
1.2125 0.0375
1.225 0.0375
1.2375 0.0375
1.25 0.0375
1.2625 0.0375
1.275 0.0375
1.2875 0.0375
1.3 0.0375
1.3125 0.0375
1.325 0.0375
1.3375 0.0375
1.35 0.0375
1.3625 0.0375
1.375 0.0375
1.3875 0.0375
1.4 0.0375
1.4125 0.0375
1.425 0.0375
1.4375 0.0375
1.45 0.0375
1.4625 0.0375
1.475 0.0375
1.4875 0.0375
1.5 0.0375
1.5125 0.0375
1.525 0.0375
1.5375 0.0375
1.55 0.0375
1.5625 0.0375
1.575 0.0375
1.5875 0.0375
1.6 0.0375
1.6125 0.0375
1.625 0.0375
1.6375 0.0375
1.65 0.0375
1.6625 0.0375
1.675 0.0375
1.6875 0.0375
1.7 0.0375
1.7125 0.0375
1.725 0.0375
1.7375 0.0375
1.75 0.0375
1.7625 0.0375
1.775 0.0375
1.7875 0.0375
1.8 0.0375
1.8125 0.0375
1.825 0.0375
1.8375 0.0375
1.85 0.0375
1.8625 0.0375
1.875 0.0375
1.8875 0.0375
1.9 0.0375
1.9125 0.0375
1.925 0.0375
1.9375 0.0375
1.95 0.0375
1.9625 0.0375
1.975 0.0375
1.9875 0.0375
2 0.0375
0 0.05
0.0125 0.05
0.025 0.05
0.0375 0.05
0.05 0.05
0.0625 0.05
0.075 0.05
0.0875 0.05
0.1 0.05
0.1125 0.05
0.125 0.05
0.1375 0.05
0.15 0.05
0.1625 0.05
0.175 0.05
0.1875 0.05
0.2 0.05
0.2125 0.05
0.225 0.05
0.2375 0.05
0.25 0.05
0.2625 0.05
0.275 0.05
0.2875 0.05
0.3 0.05
0.3125 0.05
0.325 0.05
0.3375 0.05
0.35 0.05
0.3625 0.05
0.375 0.05
0.3875 0.05
0.4 0.05
0.4125 0.05
0.425 0.05
0.4375 0.05
0.45 0.05
0.4625 0.05
0.475 0.05
0.4875 0.05
0.5 0.05
0.5125 0.05
0.525 0.05
0.5375 0.05
0.55 0.05
0.5625 0.05
0.575 0.05
0.5875 0.05
0.6 0.05
0.6125 0.05
0.625 0.05
0.6375 0.05
0.65 0.05
0.6625 0.05
0.675 0.05
0.6875 0.05
0.7 0.05
0.7125 0.05
0.725 0.05
0.7375 0.05
0.75 0.05
0.7625 0.05
0.775 0.05
0.7875 0.05
0.8 0.05
0.8125 0.05
0.825 0.05
0.8375 0.05
0.85 0.05
0.8625 0.05
0.875 0.05
0.8875 0.05
0.9 0.05
0.9125 0.05
0.925 0.05
0.9375 0.05
0.95 0.05
0.9625 0.05
0.975 0.05
0.9875 0.05
1 0.05
1.0125 0.05
1.025 0.05
1.0375 0.05
1.05 0.05
1.0625 0.05
1.075 0.05
1.0875 0.05
1.1 0.05
1.1125 0.05
1.125 0.05
1.1375 0.05
1.15 0.05
1.1625 0.05
1.175 0.05
1.1875 0.05
1.2 0.05
1.2125 0.05
1.225 0.05
1.2375 0.05
1.25 0.05
1.2625 0.05
1.275 0.05
1.2875 0.05
1.3 0.05
1.3125 0.05
1.325 0.05
1.3375 0.05
1.35 0.05
1.3625 0.05
1.375 0.05
1.3875 0.05
1.4 0.05
1.4125 0.05
1.425 0.05
1.4375 0.05
1.45 0.05
1.4625 0.05
1.475 0.05
1.4875 0.05
1.5 0.05
1.5125 0.05
1.525 0.05
1.5375 0.05
1.55 0.05
1.5625 0.05
1.575 0.05
1.5875 0.05
1.6 0.05
1.6125 0.05
1.625 0.05
1.6375 0.05
1.65 0.05
1.6625 0.05
1.675 0.05
1.6875 0.05
1.7 0.05
1.7125 0.05
1.725 0.05
1.7375 0.05
1.75 0.05
1.7625 0.05
1.775 0.05
1.7875 0.05
1.8 0.05
1.8125 0.05
1.825 0.05
1.8375 0.05
1.85 0.05
1.8625 0.05
1.875 0.05
1.8875 0.05
1.9 0.05
1.9125 0.05
1.925 0.05
1.9375 0.05
1.95 0.05
1.9625 0.05
1.975 0.05
1.9875 0.05
2 0.05
0 0.0625
0.0125 0.0625
0.025 0.0625
0.0375 0.0625
0.05 0.0625
0.0625 0.0625
0.075 0.0625
0.0875 0.0625
0.1 0.0625
0.1125 0.0625
0.125 0.0625
0.1375 0.0625
0.15 0.0625
0.1625 0.0625
0.175 0.0625
0.1875 0.0625
0.2 0.0625
0.2125 0.0625
0.225 0.0625
0.2375 0.0625
0.25 0.0625
0.2625 0.0625
0.275 0.0625
0.2875 0.0625
0.3 0.0625
0.3125 0.0625
0.325 0.0625
0.3375 0.0625
0.35 0.0625
0.3625 0.0625
0.375 0.0625
0.3875 0.0625
0.4 0.0625
0.4125 0.0625
0.425 0.0625
0.4375 0.0625
0.45 0.0625
0.4625 0.0625
0.475 0.0625
0.4875 0.0625
0.5 0.0625
0.5125 0.0625
0.525 0.0625
0.5375 0.0625
0.55 0.0625
0.5625 0.0625
0.575 0.0625
0.5875 0.0625
0.6 0.0625
0.6125 0.0625
0.625 0.0625
0.6375 0.0625
0.65 0.0625
0.6625 0.0625
0.675 0.0625
0.6875 0.0625
0.7 0.0625
0.7125 0.0625
0.725 0.0625
0.7375 0.0625
0.75 0.0625
0.7625 0.0625
0.775 0.0625
0.7875 0.0625
0.8 0.0625
0.8125 0.0625
0.825 0.0625
0.8375 0.0625
0.85 0.0625
0.8625 0.0625
0.875 0.0625
0.8875 0.0625
0.9 0.0625
0.9125 0.0625
0.925 0.0625
0.9375 0.0625
0.95 0.0625
0.9625 0.0625
0.975 0.0625
0.9875 0.0625
1 0.0625
1.0125 0.0625
1.025 0.0625
1.0375 0.0625
1.05 0.0625
1.0625 0.0625
1.075 0.0625
1.0875 0.0625
1.1 0.0625
1.1125 0.0625
1.125 0.0625
1.1375 0.0625
1.15 0.0625
1.1625 0.0625
1.175 0.0625
1.1875 0.0625
1.2 0.0625
1.2125 0.0625
1.225 0.0625
1.2375 0.0625
1.25 0.0625
1.2625 0.0625
1.275 0.0625
1.2875 0.0625
1.3 0.0625
1.3125 0.0625
1.325 0.0625
1.3375 0.0625
1.35 0.0625
1.3625 0.0625
1.375 0.0625
1.3875 0.0625
1.4 0.0625
1.4125 0.0625
1.425 0.0625
1.4375 0.0625
1.45 0.0625
1.4625 0.0625
1.475 0.0625
1.4875 0.0625
1.5 0.0625
1.5125 0.0625
1.525 0.0625
1.5375 0.0625
1.55 0.0625
1.5625 0.0625
1.575 0.0625
1.5875 0.0625
1.6 0.0625
1.6125 0.0625
1.625 0.0625
1.6375 0.0625
1.65 0.0625
1.6625 0.0625
1.675 0.0625
1.6875 0.0625
1.7 0.0625
1.7125 0.0625
1.725 0.0625
1.7375 0.0625
1.75 0.0625
1.7625 0.0625
1.775 0.0625
1.7875 0.0625
1.8 0.0625
1.8125 0.0625
1.825 0.0625
1.8375 0.0625
1.85 0.0625
1.8625 0.0625
1.875 0.0625
1.8875 0.0625
1.9 0.0625
1.9125 0.0625
1.925 0.0625
1.9375 0.0625
1.95 0.0625
1.9625 0.0625
1.975 0.0625
1.9875 0.0625
2 0.0625
0 0.075
0.0125 0.075
0.025 0.075
0.0375 0.075
0.05 0.075
0.0625 0.075
0.075 0.075
0.0875 0.075
0.1 0.075
0.1125 0.075
0.125 0.075
0.1375 0.075
0.15 0.075
0.1625 0.075
0.175 0.075
0.1875 0.075
0.2 0.075
0.2125 0.075
0.225 0.075
0.2375 0.075
0.25 0.075
0.2625 0.075
0.275 0.075
0.2875 0.075
0.3 0.075
0.3125 0.075
0.325 0.075
0.3375 0.075
0.35 0.075
0.3625 0.075
0.375 0.075
0.3875 0.075
0.4 0.075
0.4125 0.075
0.425 0.075
0.4375 0.075
0.45 0.075
0.4625 0.075
0.475 0.075
0.4875 0.075
0.5 0.075
0.5125 0.075
0.525 0.075
0.5375 0.075
0.55 0.075
0.5625 0.075
0.575 0.075
0.5875 0.075
0.6 0.075
0.6125 0.075
0.625 0.075
0.6375 0.075
0.65 0.075
0.6625 0.075
0.675 0.075
0.6875 0.075
0.7 0.075
0.7125 0.075
0.725 0.075
0.7375 0.075
0.75 0.075
0.7625 0.075
0.775 0.075
0.7875 0.075
0.8 0.075
0.8125 0.075
0.825 0.075
0.8375 0.075
0.85 0.075
0.8625 0.075
0.875 0.075
0.8875 0.075
0.9 0.075
0.9125 0.075
0.925 0.075
0.9375 0.075
0.95 0.075
0.9625 0.075
0.975 0.075
0.9875 0.075
1 0.075
1.0125 0.075
1.025 0.075
1.0375 0.075
1.05 0.075
1.0625 0.075
1.075 0.075
1.0875 0.075
1.1 0.075
1.1125 0.075
1.125 0.075
1.1375 0.075
1.15 0.075
1.1625 0.075
1.175 0.075
1.1875 0.075
1.2 0.075
1.2125 0.075
1.225 0.075
1.2375 0.075
1.25 0.075
1.2625 0.075
1.275 0.075
1.2875 0.075
1.3 0.075
1.3125 0.075
1.325 0.075
1.3375 0.075
1.35 0.075
1.3625 0.075
1.375 0.075
1.3875 0.075
1.4 0.075
1.4125 0.075
1.425 0.075
1.4375 0.075
1.45 0.075
1.4625 0.075
1.475 0.075
1.4875 0.075
1.5 0.075
1.5125 0.075
1.525 0.075
1.5375 0.075
1.55 0.075
1.5625 0.075
1.575 0.075
1.5875 0.075
1.6 0.075
1.6125 0.075
1.625 0.075
1.6375 0.075
1.65 0.075
1.6625 0.075
1.675 0.075
1.6875 0.075
1.7 0.075
1.7125 0.075
1.725 0.075
1.7375 0.075
1.75 0.075
1.7625 0.075
1.775 0.075
1.7875 0.075
1.8 0.075
1.8125 0.075
1.825 0.075
1.8375 0.075
1.85 0.075
1.8625 0.075
1.875 0.075
1.8875 0.075
1.9 0.075
1.9125 0.075
1.925 0.075
1.9375 0.075
1.95 0.075
1.9625 0.075
1.975 0.075
1.9875 0.075
2 0.075
0 0.0875
0.0125 0.0875
0.025 0.0875
0.0375 0.0875
0.05 0.0875
0.0625 0.0875
0.075 0.0875
0.0875 0.0875
0.1 0.0875
0.1125 0.0875
0.125 0.0875
0.1375 0.0875
0.15 0.0875
0.1625 0.0875
0.175 0.0875
0.1875 0.0875
0.2 0.0875
0.2125 0.0875
0.225 0.0875
0.2375 0.0875
0.25 0.0875
0.2625 0.0875
0.275 0.0875
0.2875 0.0875
0.3 0.0875
0.3125 0.0875
0.325 0.0875
0.3375 0.0875
0.35 0.0875
0.3625 0.0875
0.375 0.0875
0.3875 0.0875
0.4 0.0875
0.4125 0.0875
0.425 0.0875
0.4375 0.0875
0.45 0.0875
0.4625 0.0875
0.475 0.0875
0.4875 0.0875
0.5 0.0875
0.5125 0.0875
0.525 0.0875
0.5375 0.0875
0.55 0.0875
0.5625 0.0875
0.575 0.0875
0.5875 0.0875
0.6 0.0875
0.6125 0.0875
0.625 0.0875
0.6375 0.0875
0.65 0.0875
0.6625 0.0875
0.675 0.0875
0.6875 0.0875
0.7 0.0875
0.7125 0.0875
0.725 0.0875
0.7375 0.0875
0.75 0.0875
0.7625 0.0875
0.775 0.0875
0.7875 0.0875
0.8 0.0875
0.8125 0.0875
0.825 0.0875
0.8375 0.0875
0.85 0.0875
0.8625 0.0875
0.875 0.0875
0.8875 0.0875
0.9 0.0875
0.9125 0.0875
0.925 0.0875
0.9375 0.0875
0.95 0.0875
0.9625 0.0875
0.975 0.0875
0.9875 0.0875
1 0.0875
1.0125 0.0875
1.025 0.0875
1.0375 0.0875
1.05 0.0875
1.0625 0.0875
1.075 0.0875
1.0875 0.0875
1.1 0.0875
1.1125 0.0875
1.125 0.0875
1.1375 0.0875
1.15 0.0875
1.1625 0.0875
1.175 0.0875
1.1875 0.0875
1.2 0.0875
1.2125 0.0875
1.225 0.0875
1.2375 0.0875
1.25 0.0875
1.2625 0.0875
1.275 0.0875
1.2875 0.0875
1.3 0.0875
1.3125 0.0875
1.325 0.0875
1.3375 0.0875
1.35 0.0875
1.3625 0.0875
1.375 0.0875
1.3875 0.0875
1.4 0.0875
1.4125 0.0875
1.425 0.0875
1.4375 0.0875
1.45 0.0875
1.4625 0.0875
1.475 0.0875
1.4875 0.0875
1.5 0.0875
1.5125 0.0875
1.525 0.0875
1.5375 0.0875
1.55 0.0875
1.5625 0.0875
1.575 0.0875
1.5875 0.0875
1.6 0.0875
1.6125 0.0875
1.625 0.0875
1.6375 0.0875
1.65 0.0875
1.6625 0.0875
1.675 0.0875
1.6875 0.0875
1.7 0.0875
1.7125 0.0875
1.725 0.0875
1.7375 0.0875
1.75 0.0875
1.7625 0.0875
1.775 0.0875
1.7875 0.0875
1.8 0.0875
1.8125 0.0875
1.825 0.0875
1.8375 0.0875
1.85 0.0875
1.8625 0.0875
1.875 0.0875
1.8875 0.0875
1.9 0.0875
1.9125 0.0875
1.925 0.0875
1.9375 0.0875
1.95 0.0875
1.9625 0.0875
1.975 0.0875
1.9875 0.0875
2 0.0875
0 0.1
0.0125 0.1
0.025 0.1
0.0375 0.1
0.05 0.1
0.0625 0.1
0.075 0.1
0.0875 0.1
0.1 0.1
0.1125 0.1
0.125 0.1
0.1375 0.1
0.15 0.1
0.1625 0.1
0.175 0.1
0.1875 0.1
0.2 0.1
0.2125 0.1
0.225 0.1
0.2375 0.1
0.25 0.1
0.2625 0.1
0.275 0.1
0.2875 0.1
0.3 0.1
0.3125 0.1
0.325 0.1
0.3375 0.1
0.35 0.1
0.3625 0.1
0.375 0.1
0.3875 0.1
0.4 0.1
0.4125 0.1
0.425 0.1
0.4375 0.1
0.45 0.1
0.4625 0.1
0.475 0.1
0.4875 0.1
0.5 0.1
0.5125 0.1
0.525 0.1
0.5375 0.1
0.55 0.1
0.5625 0.1
0.575 0.1
0.5875 0.1
0.6 0.1
0.6125 0.1
0.625 0.1
0.6375 0.1
0.65 0.1
0.6625 0.1
0.675 0.1
0.6875 0.1
0.7 0.1
0.7125 0.1
0.725 0.1
0.7375 0.1
0.75 0.1
0.7625 0.1
0.775 0.1
0.7875 0.1
0.8 0.1
0.8125 0.1
0.825 0.1
0.8375 0.1
0.85 0.1
0.8625 0.1
0.875 0.1
0.8875 0.1
0.9 0.1
0.9125 0.1
0.925 0.1
0.9375 0.1
0.95 0.1
0.9625 0.1
0.975 0.1
0.9875 0.1
1 0.1
1.0125 0.1
1.025 0.1
1.0375 0.1
1.05 0.1
1.0625 0.1
1.075 0.1
1.0875 0.1
1.1 0.1
1.1125 0.1
1.125 0.1
1.1375 0.1
1.15 0.1
1.1625 0.1
1.175 0.1
1.1875 0.1
1.2 0.1
1.2125 0.1
1.225 0.1
1.2375 0.1
1.25 0.1
1.2625 0.1
1.275 0.1
1.2875 0.1
1.3 0.1
1.3125 0.1
1.325 0.1
1.3375 0.1
1.35 0.1
1.3625 0.1
1.375 0.1
1.3875 0.1
1.4 0.1
1.4125 0.1
1.425 0.1
1.4375 0.1
1.45 0.1
1.4625 0.1
1.475 0.1
1.4875 0.1
1.5 0.1
1.5125 0.1
1.525 0.1
1.5375 0.1
1.55 0.1
1.5625 0.1
1.575 0.1
1.5875 0.1
1.6 0.1
1.6125 0.1
1.625 0.1
1.6375 0.1
1.65 0.1
1.6625 0.1
1.675 0.1
1.6875 0.1
1.7 0.1
1.7125 0.1
1.725 0.1
1.7375 0.1
1.75 0.1
1.7625 0.1
1.775 0.1
1.7875 0.1
1.8 0.1
1.8125 0.1
1.825 0.1
1.8375 0.1
1.85 0.1
1.8625 0.1
1.875 0.1
1.8875 0.1
1.9 0.1
1.9125 0.1
1.925 0.1
1.9375 0.1
1.95 0.1
1.9625 0.1
1.975 0.1
1.9875 0.1
2 0.1
0 0.1125
0.0125 0.1125
0.025 0.1125
0.0375 0.1125
0.05 0.1125
0.0625 0.1125
0.075 0.1125
0.0875 0.1125
0.1 0.1125
0.1125 0.1125
0.125 0.1125
0.1375 0.1125
0.15 0.1125
0.1625 0.1125
0.175 0.1125
0.1875 0.1125
0.2 0.1125
0.2125 0.1125
0.225 0.1125
0.2375 0.1125
0.25 0.1125
0.2625 0.1125
0.275 0.1125
0.2875 0.1125
0.3 0.1125
0.3125 0.1125
0.325 0.1125
0.3375 0.1125
0.35 0.1125
0.3625 0.1125
0.375 0.1125
0.3875 0.1125
0.4 0.1125
0.4125 0.1125
0.425 0.1125
0.4375 0.1125
0.45 0.1125
0.4625 0.1125
0.475 0.1125
0.4875 0.1125
0.5 0.1125
0.5125 0.1125
0.525 0.1125
0.5375 0.1125
0.55 0.1125
0.5625 0.1125
0.575 0.1125
0.5875 0.1125
0.6 0.1125
0.6125 0.1125
0.625 0.1125
0.6375 0.1125
0.65 0.1125
0.6625 0.1125
0.675 0.1125
0.6875 0.1125
0.7 0.1125
0.7125 0.1125
0.725 0.1125
0.7375 0.1125
0.75 0.1125
0.7625 0.1125
0.775 0.1125
0.7875 0.1125
0.8 0.1125
0.8125 0.1125
0.825 0.1125
0.8375 0.1125
0.85 0.1125
0.8625 0.1125
0.875 0.1125
0.8875 0.1125
0.9 0.1125
0.9125 0.1125
0.925 0.1125
0.9375 0.1125
0.95 0.1125
0.9625 0.1125
0.975 0.1125
0.9875 0.1125
1 0.1125
1.0125 0.1125
1.025 0.1125
1.0375 0.1125
1.05 0.1125
1.0625 0.1125
1.075 0.1125
1.0875 0.1125
1.1 0.1125
1.1125 0.1125
1.125 0.1125
1.1375 0.1125
1.15 0.1125
1.1625 0.1125
1.175 0.1125
1.1875 0.1125
1.2 0.1125
1.2125 0.1125
1.225 0.1125
1.2375 0.1125
1.25 0.1125
1.2625 0.1125
1.275 0.1125
1.2875 0.1125
1.3 0.1125
1.3125 0.1125
1.325 0.1125
1.3375 0.1125
1.35 0.1125
1.3625 0.1125
1.375 0.1125
1.3875 0.1125
1.4 0.1125
1.4125 0.1125
1.425 0.1125
1.4375 0.1125
1.45 0.1125
1.4625 0.1125
1.475 0.1125
1.4875 0.1125
1.5 0.1125
1.5125 0.1125
1.525 0.1125
1.5375 0.1125
1.55 0.1125
1.5625 0.1125
1.575 0.1125
1.5875 0.1125
1.6 0.1125
1.6125 0.1125
1.625 0.1125
1.6375 0.1125
1.65 0.1125
1.6625 0.1125
1.675 0.1125
1.6875 0.1125
1.7 0.1125
1.7125 0.1125
1.725 0.1125
1.7375 0.1125
1.75 0.1125
1.7625 0.1125
1.775 0.1125
1.7875 0.1125
1.8 0.1125
1.8125 0.1125
1.825 0.1125
1.8375 0.1125
1.85 0.1125
1.8625 0.1125
1.875 0.1125
1.8875 0.1125
1.9 0.1125
1.9125 0.1125
1.925 0.1125
1.9375 0.1125
1.95 0.1125
1.9625 0.1125
1.975 0.1125
1.9875 0.1125
2 0.1125
0 0.125
0.0125 0.125
0.025 0.125
0.0375 0.125
0.05 0.125
0.0625 0.125
0.075 0.125
0.0875 0.125
0.1 0.125
0.1125 0.125
0.125 0.125
0.1375 0.125
0.15 0.125
0.1625 0.125
0.175 0.125
0.1875 0.125
0.2 0.125
0.2125 0.125
0.225 0.125
0.2375 0.125
0.25 0.125
0.2625 0.125
0.275 0.125
0.2875 0.125
0.3 0.125
0.3125 0.125
0.325 0.125
0.3375 0.125
0.35 0.125
0.3625 0.125
0.375 0.125
0.3875 0.125
0.4 0.125
0.4125 0.125
0.425 0.125
0.4375 0.125
0.45 0.125
0.4625 0.125
0.475 0.125
0.4875 0.125
0.5 0.125
0.5125 0.125
0.525 0.125
0.5375 0.125
0.55 0.125
0.5625 0.125
0.575 0.125
0.5875 0.125
0.6 0.125
0.6125 0.125
0.625 0.125
0.6375 0.125
0.65 0.125
0.6625 0.125
0.675 0.125
0.6875 0.125
0.7 0.125
0.7125 0.125
0.725 0.125
0.7375 0.125
0.75 0.125
0.7625 0.125
0.775 0.125
0.7875 0.125
0.8 0.125
0.8125 0.125
0.825 0.125
0.8375 0.125
0.85 0.125
0.8625 0.125
0.875 0.125
0.8875 0.125
0.9 0.125
0.9125 0.125
0.925 0.125
0.9375 0.125
0.95 0.125
0.9625 0.125
0.975 0.125
0.9875 0.125
1 0.125
1.0125 0.125
1.025 0.125
1.0375 0.125
1.05 0.125
1.0625 0.125
1.075 0.125
1.0875 0.125
1.1 0.125
1.1125 0.125
1.125 0.125
1.1375 0.125
1.15 0.125
1.1625 0.125
1.175 0.125
1.1875 0.125
1.2 0.125
1.2125 0.125
1.225 0.125
1.2375 0.125
1.25 0.125
1.2625 0.125
1.275 0.125
1.2875 0.125
1.3 0.125
1.3125 0.125
1.325 0.125
1.3375 0.125
1.35 0.125
1.3625 0.125
1.375 0.125
1.3875 0.125
1.4 0.125
1.4125 0.125
1.425 0.125
1.4375 0.125
1.45 0.125
1.4625 0.125
1.475 0.125
1.4875 0.125
1.5 0.125
1.5125 0.125
1.525 0.125
1.5375 0.125
1.55 0.125
1.5625 0.125
1.575 0.125
1.5875 0.125
1.6 0.125
1.6125 0.125
1.625 0.125
1.6375 0.125
1.65 0.125
1.6625 0.125
1.675 0.125
1.6875 0.125
1.7 0.125
1.7125 0.125
1.725 0.125
1.7375 0.125
1.75 0.125
1.7625 0.125
1.775 0.125
1.7875 0.125
1.8 0.125
1.8125 0.125
1.825 0.125
1.8375 0.125
1.85 0.125
1.8625 0.125
1.875 0.125
1.8875 0.125
1.9 0.125
1.9125 0.125
1.925 0.125
1.9375 0.125
1.95 0.125
1.9625 0.125
1.975 0.125
1.9875 0.125
2 0.125
0 0.1375
0.0125 0.1375
0.025 0.1375
0.0375 0.1375
0.05 0.1375
0.0625 0.1375
0.075 0.1375
0.0875 0.1375
0.1 0.1375
0.1125 0.1375
0.125 0.1375
0.1375 0.1375
0.15 0.1375
0.1625 0.1375
0.175 0.1375
0.1875 0.1375
0.2 0.1375
0.2125 0.1375
0.225 0.1375
0.2375 0.1375
0.25 0.1375
0.2625 0.1375
0.275 0.1375
0.2875 0.1375
0.3 0.1375
0.3125 0.1375
0.325 0.1375
0.3375 0.1375
0.35 0.1375
0.3625 0.1375
0.375 0.1375
0.3875 0.1375
0.4 0.1375
0.4125 0.1375
0.425 0.1375
0.4375 0.1375
0.45 0.1375
0.4625 0.1375
0.475 0.1375
0.4875 0.1375
0.5 0.1375
0.5125 0.1375
0.525 0.1375
0.5375 0.1375
0.55 0.1375
0.5625 0.1375
0.575 0.1375
0.5875 0.1375
0.6 0.1375
0.6125 0.1375
0.625 0.1375
0.6375 0.1375
0.65 0.1375
0.6625 0.1375
0.675 0.1375
0.6875 0.1375
0.7 0.1375
0.7125 0.1375
0.725 0.1375
0.7375 0.1375
0.75 0.1375
0.7625 0.1375
0.775 0.1375
0.7875 0.1375
0.8 0.1375
0.8125 0.1375
0.825 0.1375
0.8375 0.1375
0.85 0.1375
0.8625 0.1375
0.875 0.1375
0.8875 0.1375
0.9 0.1375
0.9125 0.1375
0.925 0.1375
0.9375 0.1375
0.95 0.1375
0.9625 0.1375
0.975 0.1375
0.9875 0.1375
1 0.1375
1.0125 0.1375
1.025 0.1375
1.0375 0.1375
1.05 0.1375
1.0625 0.1375
1.075 0.1375
1.0875 0.1375
1.1 0.1375
1.1125 0.1375
1.125 0.1375
1.1375 0.1375
1.15 0.1375
1.1625 0.1375
1.175 0.1375
1.1875 0.1375
1.2 0.1375
1.2125 0.1375
1.225 0.1375
1.2375 0.1375
1.25 0.1375
1.2625 0.1375
1.275 0.1375
1.2875 0.1375
1.3 0.1375
1.3125 0.1375
1.325 0.1375
1.3375 0.1375
1.35 0.1375
1.3625 0.1375
1.375 0.1375
1.3875 0.1375
1.4 0.1375
1.4125 0.1375
1.425 0.1375
1.4375 0.1375
1.45 0.1375
1.4625 0.1375
1.475 0.1375
1.4875 0.1375
1.5 0.1375
1.5125 0.1375
1.525 0.1375
1.5375 0.1375
1.55 0.1375
1.5625 0.1375
1.575 0.1375
1.5875 0.1375
1.6 0.1375
1.6125 0.1375
1.625 0.1375
1.6375 0.1375
1.65 0.1375
1.6625 0.1375
1.675 0.1375
1.6875 0.1375
1.7 0.1375
1.7125 0.1375
1.725 0.1375
1.7375 0.1375
1.75 0.1375
1.7625 0.1375
1.775 0.1375
1.7875 0.1375
1.8 0.1375
1.8125 0.1375
1.825 0.1375
1.8375 0.1375
1.85 0.1375
1.8625 0.1375
1.875 0.1375
1.8875 0.1375
1.9 0.1375
1.9125 0.1375
1.925 0.1375
1.9375 0.1375
1.95 0.1375
1.9625 0.1375
1.975 0.1375
1.9875 0.1375
2 0.1375
0 0.15
0.0125 0.15
0.025 0.15
0.0375 0.15
0.05 0.15
0.0625 0.15
0.075 0.15
0.0875 0.15
0.1 0.15
0.1125 0.15
0.125 0.15
0.1375 0.15
0.15 0.15
0.1625 0.15
0.175 0.15
0.1875 0.15
0.2 0.15
0.2125 0.15
0.225 0.15
0.2375 0.15
0.25 0.15
0.2625 0.15
0.275 0.15
0.2875 0.15
0.3 0.15
0.3125 0.15
0.325 0.15
0.3375 0.15
0.35 0.15
0.3625 0.15
0.375 0.15
0.3875 0.15
0.4 0.15
0.4125 0.15
0.425 0.15
0.4375 0.15
0.45 0.15
0.4625 0.15
0.475 0.15
0.4875 0.15
0.5 0.15
0.5125 0.15
0.525 0.15
0.5375 0.15
0.55 0.15
0.5625 0.15
0.575 0.15
0.5875 0.15
0.6 0.15
0.6125 0.15
0.625 0.15
0.6375 0.15
0.65 0.15
0.6625 0.15
0.675 0.15
0.6875 0.15
0.7 0.15
0.7125 0.15
0.725 0.15
0.7375 0.15
0.75 0.15
0.7625 0.15
0.775 0.15
0.7875 0.15
0.8 0.15
0.8125 0.15
0.825 0.15
0.8375 0.15
0.85 0.15
0.8625 0.15
0.875 0.15
0.8875 0.15
0.9 0.15
0.9125 0.15
0.925 0.15
0.9375 0.15
0.95 0.15
0.9625 0.15
0.975 0.15
0.9875 0.15
1 0.15
1.0125 0.15
1.025 0.15
1.0375 0.15
1.05 0.15
1.0625 0.15
1.075 0.15
1.0875 0.15
1.1 0.15
1.1125 0.15
1.125 0.15
1.1375 0.15
1.15 0.15
1.1625 0.15
1.175 0.15
1.1875 0.15
1.2 0.15
1.2125 0.15
1.225 0.15
1.2375 0.15
1.25 0.15
1.2625 0.15
1.275 0.15
1.2875 0.15
1.3 0.15
1.3125 0.15
1.325 0.15
1.3375 0.15
1.35 0.15
1.3625 0.15
1.375 0.15
1.3875 0.15
1.4 0.15
1.4125 0.15
1.425 0.15
1.4375 0.15
1.45 0.15
1.4625 0.15
1.475 0.15
1.4875 0.15
1.5 0.15
1.5125 0.15
1.525 0.15
1.5375 0.15
1.55 0.15
1.5625 0.15
1.575 0.15
1.5875 0.15
1.6 0.15
1.6125 0.15
1.625 0.15
1.6375 0.15
1.65 0.15
1.6625 0.15
1.675 0.15
1.6875 0.15
1.7 0.15
1.7125 0.15
1.725 0.15
1.7375 0.15
1.75 0.15
1.7625 0.15
1.775 0.15
1.7875 0.15
1.8 0.15
1.8125 0.15
1.825 0.15
1.8375 0.15
1.85 0.15
1.8625 0.15
1.875 0.15
1.8875 0.15
1.9 0.15
1.9125 0.15
1.925 0.15
1.9375 0.15
1.95 0.15
1.9625 0.15
1.975 0.15
1.9875 0.15
2 0.15
0 0.1625
0.0125 0.1625
0.025 0.1625
0.0375 0.1625
0.05 0.1625
0.0625 0.1625
0.075 0.1625
0.0875 0.1625
0.1 0.1625
0.1125 0.1625
0.125 0.1625
0.1375 0.1625
0.15 0.1625
0.1625 0.1625
0.175 0.1625
0.1875 0.1625
0.2 0.1625
0.2125 0.1625
0.225 0.1625
0.2375 0.1625
0.25 0.1625
0.2625 0.1625
0.275 0.1625
0.2875 0.1625
0.3 0.1625
0.3125 0.1625
0.325 0.1625
0.3375 0.1625
0.35 0.1625
0.3625 0.1625
0.375 0.1625
0.3875 0.1625
0.4 0.1625
0.4125 0.1625
0.425 0.1625
0.4375 0.1625
0.45 0.1625
0.4625 0.1625
0.475 0.1625
0.4875 0.1625
0.5 0.1625
0.5125 0.1625
0.525 0.1625
0.5375 0.1625
0.55 0.1625
0.5625 0.1625
0.575 0.1625
0.5875 0.1625
0.6 0.1625
0.6125 0.1625
0.625 0.1625
0.6375 0.1625
0.65 0.1625
0.6625 0.1625
0.675 0.1625
0.6875 0.1625
0.7 0.1625
0.7125 0.1625
0.725 0.1625
0.7375 0.1625
0.75 0.1625
0.7625 0.1625
0.775 0.1625
0.7875 0.1625
0.8 0.1625
0.8125 0.1625
0.825 0.1625
0.8375 0.1625
0.85 0.1625
0.8625 0.1625
0.875 0.1625
0.8875 0.1625
0.9 0.1625
0.9125 0.1625
0.925 0.1625
0.9375 0.1625
0.95 0.1625
0.9625 0.1625
0.975 0.1625
0.9875 0.1625
1 0.1625
1.0125 0.1625
1.025 0.1625
1.0375 0.1625
1.05 0.1625
1.0625 0.1625
1.075 0.1625
1.0875 0.1625
1.1 0.1625
1.1125 0.1625
1.125 0.1625
1.1375 0.1625
1.15 0.1625
1.1625 0.1625
1.175 0.1625
1.1875 0.1625
1.2 0.1625
1.2125 0.1625
1.225 0.1625
1.2375 0.1625
1.25 0.1625
1.2625 0.1625
1.275 0.1625
1.2875 0.1625
1.3 0.1625
1.3125 0.1625
1.325 0.1625
1.3375 0.1625
1.35 0.1625
1.3625 0.1625
1.375 0.1625
1.3875 0.1625
1.4 0.1625
1.4125 0.1625
1.425 0.1625
1.4375 0.1625
1.45 0.1625
1.4625 0.1625
1.475 0.1625
1.4875 0.1625
1.5 0.1625
1.5125 0.1625
1.525 0.1625
1.5375 0.1625
1.55 0.1625
1.5625 0.1625
1.575 0.1625
1.5875 0.1625
1.6 0.1625
1.6125 0.1625
1.625 0.1625
1.6375 0.1625
1.65 0.1625
1.6625 0.1625
1.675 0.1625
1.6875 0.1625
1.7 0.1625
1.7125 0.1625
1.725 0.1625
1.7375 0.1625
1.75 0.1625
1.7625 0.1625
1.775 0.1625
1.7875 0.1625
1.8 0.1625
1.8125 0.1625
1.825 0.1625
1.8375 0.1625
1.85 0.1625
1.8625 0.1625
1.875 0.1625
1.8875 0.1625
1.9 0.1625
1.9125 0.1625
1.925 0.1625
1.9375 0.1625
1.95 0.1625
1.9625 0.1625
1.975 0.1625
1.9875 0.1625
2 0.1625
0 0.175
0.0125 0.175
0.025 0.175
0.0375 0.175
0.05 0.175
0.0625 0.175
0.075 0.175
0.0875 0.175
0.1 0.175
0.1125 0.175
0.125 0.175
0.1375 0.175
0.15 0.175
0.1625 0.175
0.175 0.175
0.1875 0.175
0.2 0.175
0.2125 0.175
0.225 0.175
0.2375 0.175
0.25 0.175
0.2625 0.175
0.275 0.175
0.2875 0.175
0.3 0.175
0.3125 0.175
0.325 0.175
0.3375 0.175
0.35 0.175
0.3625 0.175
0.375 0.175
0.3875 0.175
0.4 0.175
0.4125 0.175
0.425 0.175
0.4375 0.175
0.45 0.175
0.4625 0.175
0.475 0.175
0.4875 0.175
0.5 0.175
0.5125 0.175
0.525 0.175
0.5375 0.175
0.55 0.175
0.5625 0.175
0.575 0.175
0.5875 0.175
0.6 0.175
0.6125 0.175
0.625 0.175
0.6375 0.175
0.65 0.175
0.6625 0.175
0.675 0.175
0.6875 0.175
0.7 0.175
0.7125 0.175
0.725 0.175
0.7375 0.175
0.75 0.175
0.7625 0.175
0.775 0.175
0.7875 0.175
0.8 0.175
0.8125 0.175
0.825 0.175
0.8375 0.175
0.85 0.175
0.8625 0.175
0.875 0.175
0.8875 0.175
0.9 0.175
0.9125 0.175
0.925 0.175
0.9375 0.175
0.95 0.175
0.9625 0.175
0.975 0.175
0.9875 0.175
1 0.175
1.0125 0.175
1.025 0.175
1.0375 0.175
1.05 0.175
1.0625 0.175
1.075 0.175
1.0875 0.175
1.1 0.175
1.1125 0.175
1.125 0.175
1.1375 0.175
1.15 0.175
1.1625 0.175
1.175 0.175
1.1875 0.175
1.2 0.175
1.2125 0.175
1.225 0.175
1.2375 0.175
1.25 0.175
1.2625 0.175
1.275 0.175
1.2875 0.175
1.3 0.175
1.3125 0.175
1.325 0.175
1.3375 0.175
1.35 0.175
1.3625 0.175
1.375 0.175
1.3875 0.175
1.4 0.175
1.4125 0.175
1.425 0.175
1.4375 0.175
1.45 0.175
1.4625 0.175
1.475 0.175
1.4875 0.175
1.5 0.175
1.5125 0.175
1.525 0.175
1.5375 0.175
1.55 0.175
1.5625 0.175
1.575 0.175
1.5875 0.175
1.6 0.175
1.6125 0.175
1.625 0.175
1.6375 0.175
1.65 0.175
1.6625 0.175
1.675 0.175
1.6875 0.175
1.7 0.175
1.7125 0.175
1.725 0.175
1.7375 0.175
1.75 0.175
1.7625 0.175
1.775 0.175
1.7875 0.175
1.8 0.175
1.8125 0.175
1.825 0.175
1.8375 0.175
1.85 0.175
1.8625 0.175
1.875 0.175
1.8875 0.175
1.9 0.175
1.9125 0.175
1.925 0.175
1.9375 0.175
1.95 0.175
1.9625 0.175
1.975 0.175
1.9875 0.175
2 0.175
0 0.1875
0.0125 0.1875
0.025 0.1875
0.0375 0.1875
0.05 0.1875
0.0625 0.1875
0.075 0.1875
0.0875 0.1875
0.1 0.1875
0.1125 0.1875
0.125 0.1875
0.1375 0.1875
0.15 0.1875
0.1625 0.1875
0.175 0.1875
0.1875 0.1875
0.2 0.1875
0.2125 0.1875
0.225 0.1875
0.2375 0.1875
0.25 0.1875
0.2625 0.1875
0.275 0.1875
0.2875 0.1875
0.3 0.1875
0.3125 0.1875
0.325 0.1875
0.3375 0.1875
0.35 0.1875
0.3625 0.1875
0.375 0.1875
0.3875 0.1875
0.4 0.1875
0.4125 0.1875
0.425 0.1875
0.4375 0.1875
0.45 0.1875
0.4625 0.1875
0.475 0.1875
0.4875 0.1875
0.5 0.1875
0.5125 0.1875
0.525 0.1875
0.5375 0.1875
0.55 0.1875
0.5625 0.1875
0.575 0.1875
0.5875 0.1875
0.6 0.1875
0.6125 0.1875
0.625 0.1875
0.6375 0.1875
0.65 0.1875
0.6625 0.1875
0.675 0.1875
0.6875 0.1875
0.7 0.1875
0.7125 0.1875
0.725 0.1875
0.7375 0.1875
0.75 0.1875
0.7625 0.1875
0.775 0.1875
0.7875 0.1875
0.8 0.1875
0.8125 0.1875
0.825 0.1875
0.8375 0.1875
0.85 0.1875
0.8625 0.1875
0.875 0.1875
0.8875 0.1875
0.9 0.1875
0.9125 0.1875
0.925 0.1875
0.9375 0.1875
0.95 0.1875
0.9625 0.1875
0.975 0.1875
0.9875 0.1875
1 0.1875
1.0125 0.1875
1.025 0.1875
1.0375 0.1875
1.05 0.1875
1.0625 0.1875
1.075 0.1875
1.0875 0.1875
1.1 0.1875
1.1125 0.1875
1.125 0.1875
1.1375 0.1875
1.15 0.1875
1.1625 0.1875
1.175 0.1875
1.1875 0.1875
1.2 0.1875
1.2125 0.1875
1.225 0.1875
1.2375 0.1875
1.25 0.1875
1.2625 0.1875
1.275 0.1875
1.2875 0.1875
1.3 0.1875
1.3125 0.1875
1.325 0.1875
1.3375 0.1875
1.35 0.1875
1.3625 0.1875
1.375 0.1875
1.3875 0.1875
1.4 0.1875
1.4125 0.1875
1.425 0.1875
1.4375 0.1875
1.45 0.1875
1.4625 0.1875
1.475 0.1875
1.4875 0.1875
1.5 0.1875
1.5125 0.1875
1.525 0.1875
1.5375 0.1875
1.55 0.1875
1.5625 0.1875
1.575 0.1875
1.5875 0.1875
1.6 0.1875
1.6125 0.1875
1.625 0.1875
1.6375 0.1875
1.65 0.1875
1.6625 0.1875
1.675 0.1875
1.6875 0.1875
1.7 0.1875
1.7125 0.1875
1.725 0.1875
1.7375 0.1875
1.75 0.1875
1.7625 0.1875
1.775 0.1875
1.7875 0.1875
1.8 0.1875
1.8125 0.1875
1.825 0.1875
1.8375 0.1875
1.85 0.1875
1.8625 0.1875
1.875 0.1875
1.8875 0.1875
1.9 0.1875
1.9125 0.1875
1.925 0.1875
1.9375 0.1875
1.95 0.1875
1.9625 0.1875
1.975 0.1875
1.9875 0.1875
2 0.1875
0 0.2
0.0125 0.2
0.025 0.2
0.0375 0.2
0.05 0.2
0.0625 0.2
0.075 0.2
0.0875 0.2
0.1 0.2
0.1125 0.2
0.125 0.2
0.1375 0.2
0.15 0.2
0.1625 0.2
0.175 0.2
0.1875 0.2
0.2 0.2
0.2125 0.2
0.225 0.2
0.2375 0.2
0.25 0.2
0.2625 0.2
0.275 0.2
0.2875 0.2
0.3 0.2
0.3125 0.2
0.325 0.2
0.3375 0.2
0.35 0.2
0.3625 0.2
0.375 0.2
0.3875 0.2
0.4 0.2
0.4125 0.2
0.425 0.2
0.4375 0.2
0.45 0.2
0.4625 0.2
0.475 0.2
0.4875 0.2
0.5 0.2
0.5125 0.2
0.525 0.2
0.5375 0.2
0.55 0.2
0.5625 0.2
0.575 0.2
0.5875 0.2
0.6 0.2
0.6125 0.2
0.625 0.2
0.6375 0.2
0.65 0.2
0.6625 0.2
0.675 0.2
0.6875 0.2
0.7 0.2
0.7125 0.2
0.725 0.2
0.7375 0.2
0.75 0.2
0.7625 0.2
0.775 0.2
0.7875 0.2
0.8 0.2
0.8125 0.2
0.825 0.2
0.8375 0.2
0.85 0.2
0.8625 0.2
0.875 0.2
0.8875 0.2
0.9 0.2
0.9125 0.2
0.925 0.2
0.9375 0.2
0.95 0.2
0.9625 0.2
0.975 0.2
0.9875 0.2
1 0.2
1.0125 0.2
1.025 0.2
1.0375 0.2
1.05 0.2
1.0625 0.2
1.075 0.2
1.0875 0.2
1.1 0.2
1.1125 0.2
1.125 0.2
1.1375 0.2
1.15 0.2
1.1625 0.2
1.175 0.2
1.1875 0.2
1.2 0.2
1.2125 0.2
1.225 0.2
1.2375 0.2
1.25 0.2
1.2625 0.2
1.275 0.2
1.2875 0.2
1.3 0.2
1.3125 0.2
1.325 0.2
1.3375 0.2
1.35 0.2
1.3625 0.2
1.375 0.2
1.3875 0.2
1.4 0.2
1.4125 0.2
1.425 0.2
1.4375 0.2
1.45 0.2
1.4625 0.2
1.475 0.2
1.4875 0.2
1.5 0.2
1.5125 0.2
1.525 0.2
1.5375 0.2
1.55 0.2
1.5625 0.2
1.575 0.2
1.5875 0.2
1.6 0.2
1.6125 0.2
1.625 0.2
1.6375 0.2
1.65 0.2
1.6625 0.2
1.675 0.2
1.6875 0.2
1.7 0.2
1.7125 0.2
1.725 0.2
1.7375 0.2
1.75 0.2
1.7625 0.2
1.775 0.2
1.7875 0.2
1.8 0.2
1.8125 0.2
1.825 0.2
1.8375 0.2
1.85 0.2
1.8625 0.2
1.875 0.2
1.8875 0.2
1.9 0.2
1.9125 0.2
1.925 0.2
1.9375 0.2
1.95 0.2
1.9625 0.2
1.975 0.2
1.9875 0.2
2 0.2
0 0.2125
0.0125 0.2125
0.025 0.2125
0.0375 0.2125
0.05 0.2125
0.0625 0.2125
0.075 0.2125
0.0875 0.2125
0.1 0.2125
0.1125 0.2125
0.125 0.2125
0.1375 0.2125
0.15 0.2125
0.1625 0.2125
0.175 0.2125
0.1875 0.2125
0.2 0.2125
0.2125 0.2125
0.225 0.2125
0.2375 0.2125
0.25 0.2125
0.2625 0.2125
0.275 0.2125
0.2875 0.2125
0.3 0.2125
0.3125 0.2125
0.325 0.2125
0.3375 0.2125
0.35 0.2125
0.3625 0.2125
0.375 0.2125
0.3875 0.2125
0.4 0.2125
0.4125 0.2125
0.425 0.2125
0.4375 0.2125
0.45 0.2125
0.4625 0.2125
0.475 0.2125
0.4875 0.2125
0.5 0.2125
0.5125 0.2125
0.525 0.2125
0.5375 0.2125
0.55 0.2125
0.5625 0.2125
0.575 0.2125
0.5875 0.2125
0.6 0.2125
0.6125 0.2125
0.625 0.2125
0.6375 0.2125
0.65 0.2125
0.6625 0.2125
0.675 0.2125
0.6875 0.2125
0.7 0.2125
0.7125 0.2125
0.725 0.2125
0.7375 0.2125
0.75 0.2125
0.7625 0.2125
0.775 0.2125
0.7875 0.2125
0.8 0.2125
0.8125 0.2125
0.825 0.2125
0.8375 0.2125
0.85 0.2125
0.8625 0.2125
0.875 0.2125
0.8875 0.2125
0.9 0.2125
0.9125 0.2125
0.925 0.2125
0.9375 0.2125
0.95 0.2125
0.9625 0.2125
0.975 0.2125
0.9875 0.2125
1 0.2125
1.0125 0.2125
1.025 0.2125
1.0375 0.2125
1.05 0.2125
1.0625 0.2125
1.075 0.2125
1.0875 0.2125
1.1 0.2125
1.1125 0.2125
1.125 0.2125
1.1375 0.2125
1.15 0.2125
1.1625 0.2125
1.175 0.2125
1.1875 0.2125
1.2 0.2125
1.2125 0.2125
1.225 0.2125
1.2375 0.2125
1.25 0.2125
1.2625 0.2125
1.275 0.2125
1.2875 0.2125
1.3 0.2125
1.3125 0.2125
1.325 0.2125
1.3375 0.2125
1.35 0.2125
1.3625 0.2125
1.375 0.2125
1.3875 0.2125
1.4 0.2125
1.4125 0.2125
1.425 0.2125
1.4375 0.2125
1.45 0.2125
1.4625 0.2125
1.475 0.2125
1.4875 0.2125
1.5 0.2125
1.5125 0.2125
1.525 0.2125
1.5375 0.2125
1.55 0.2125
1.5625 0.2125
1.575 0.2125
1.5875 0.2125
1.6 0.2125
1.6125 0.2125
1.625 0.2125
1.6375 0.2125
1.65 0.2125
1.6625 0.2125
1.675 0.2125
1.6875 0.2125
1.7 0.2125
1.7125 0.2125
1.725 0.2125
1.7375 0.2125
1.75 0.2125
1.7625 0.2125
1.775 0.2125
1.7875 0.2125
1.8 0.2125
1.8125 0.2125
1.825 0.2125
1.8375 0.2125
1.85 0.2125
1.8625 0.2125
1.875 0.2125
1.8875 0.2125
1.9 0.2125
1.9125 0.2125
1.925 0.2125
1.9375 0.2125
1.95 0.2125
1.9625 0.2125
1.975 0.2125
1.9875 0.2125
2 0.2125
0 0.225
0.0125 0.225
0.025 0.225
0.0375 0.225
0.05 0.225
0.0625 0.225
0.075 0.225
0.0875 0.225
0.1 0.225
0.1125 0.225
0.125 0.225
0.1375 0.225
0.15 0.225
0.1625 0.225
0.175 0.225
0.1875 0.225
0.2 0.225
0.2125 0.225
0.225 0.225
0.2375 0.225
0.25 0.225
0.2625 0.225
0.275 0.225
0.2875 0.225
0.3 0.225
0.3125 0.225
0.325 0.225
0.3375 0.225
0.35 0.225
0.3625 0.225
0.375 0.225
0.3875 0.225
0.4 0.225
0.4125 0.225
0.425 0.225
0.4375 0.225
0.45 0.225
0.4625 0.225
0.475 0.225
0.4875 0.225
0.5 0.225
0.5125 0.225
0.525 0.225
0.5375 0.225
0.55 0.225
0.5625 0.225
0.575 0.225
0.5875 0.225
0.6 0.225
0.6125 0.225
0.625 0.225
0.6375 0.225
0.65 0.225
0.6625 0.225
0.675 0.225
0.6875 0.225
0.7 0.225
0.7125 0.225
0.725 0.225
0.7375 0.225
0.75 0.225
0.7625 0.225
0.775 0.225
0.7875 0.225
0.8 0.225
0.8125 0.225
0.825 0.225
0.8375 0.225
0.85 0.225
0.8625 0.225
0.875 0.225
0.8875 0.225
0.9 0.225
0.9125 0.225
0.925 0.225
0.9375 0.225
0.95 0.225
0.9625 0.225
0.975 0.225
0.9875 0.225
1 0.225
1.0125 0.225
1.025 0.225
1.0375 0.225
1.05 0.225
1.0625 0.225
1.075 0.225
1.0875 0.225
1.1 0.225
1.1125 0.225
1.125 0.225
1.1375 0.225
1.15 0.225
1.1625 0.225
1.175 0.225
1.1875 0.225
1.2 0.225
1.2125 0.225
1.225 0.225
1.2375 0.225
1.25 0.225
1.2625 0.225
1.275 0.225
1.2875 0.225
1.3 0.225
1.3125 0.225
1.325 0.225
1.3375 0.225
1.35 0.225
1.3625 0.225
1.375 0.225
1.3875 0.225
1.4 0.225
1.4125 0.225
1.425 0.225
1.4375 0.225
1.45 0.225
1.4625 0.225
1.475 0.225
1.4875 0.225
1.5 0.225
1.5125 0.225
1.525 0.225
1.5375 0.225
1.55 0.225
1.5625 0.225
1.575 0.225
1.5875 0.225
1.6 0.225
1.6125 0.225
1.625 0.225
1.6375 0.225
1.65 0.225
1.6625 0.225
1.675 0.225
1.6875 0.225
1.7 0.225
1.7125 0.225
1.725 0.225
1.7375 0.225
1.75 0.225
1.7625 0.225
1.775 0.225
1.7875 0.225
1.8 0.225
1.8125 0.225
1.825 0.225
1.8375 0.225
1.85 0.225
1.8625 0.225
1.875 0.225
1.8875 0.225
1.9 0.225
1.9125 0.225
1.925 0.225
1.9375 0.225
1.95 0.225
1.9625 0.225
1.975 0.225
1.9875 0.225
2 0.225
0 0.2375
0.0125 0.2375
0.025 0.2375
0.0375 0.2375
0.05 0.2375
0.0625 0.2375
0.075 0.2375
0.0875 0.2375
0.1 0.2375
0.1125 0.2375
0.125 0.2375
0.1375 0.2375
0.15 0.2375
0.1625 0.2375
0.175 0.2375
0.1875 0.2375
0.2 0.2375
0.2125 0.2375
0.225 0.2375
0.2375 0.2375
0.25 0.2375
0.2625 0.2375
0.275 0.2375
0.2875 0.2375
0.3 0.2375
0.3125 0.2375
0.325 0.2375
0.3375 0.2375
0.35 0.2375
0.3625 0.2375
0.375 0.2375
0.3875 0.2375
0.4 0.2375
0.4125 0.2375
0.425 0.2375
0.4375 0.2375
0.45 0.2375
0.4625 0.2375
0.475 0.2375
0.4875 0.2375
0.5 0.2375
0.5125 0.2375
0.525 0.2375
0.5375 0.2375
0.55 0.2375
0.5625 0.2375
0.575 0.2375
0.5875 0.2375
0.6 0.2375
0.6125 0.2375
0.625 0.2375
0.6375 0.2375
0.65 0.2375
0.6625 0.2375
0.675 0.2375
0.6875 0.2375
0.7 0.2375
0.7125 0.2375
0.725 0.2375
0.7375 0.2375
0.75 0.2375
0.7625 0.2375
0.775 0.2375
0.7875 0.2375
0.8 0.2375
0.8125 0.2375
0.825 0.2375
0.8375 0.2375
0.85 0.2375
0.8625 0.2375
0.875 0.2375
0.8875 0.2375
0.9 0.2375
0.9125 0.2375
0.925 0.2375
0.9375 0.2375
0.95 0.2375
0.9625 0.2375
0.975 0.2375
0.9875 0.2375
1 0.2375
1.0125 0.2375
1.025 0.2375
1.0375 0.2375
1.05 0.2375
1.0625 0.2375
1.075 0.2375
1.0875 0.2375
1.1 0.2375
1.1125 0.2375
1.125 0.2375
1.1375 0.2375
1.15 0.2375
1.1625 0.2375
1.175 0.2375
1.1875 0.2375
1.2 0.2375
1.2125 0.2375
1.225 0.2375
1.2375 0.2375
1.25 0.2375
1.2625 0.2375
1.275 0.2375
1.2875 0.2375
1.3 0.2375
1.3125 0.2375
1.325 0.2375
1.3375 0.2375
1.35 0.2375
1.3625 0.2375
1.375 0.2375
1.3875 0.2375
1.4 0.2375
1.4125 0.2375
1.425 0.2375
1.4375 0.2375
1.45 0.2375
1.4625 0.2375
1.475 0.2375
1.4875 0.2375
1.5 0.2375
1.5125 0.2375
1.525 0.2375
1.5375 0.2375
1.55 0.2375
1.5625 0.2375
1.575 0.2375
1.5875 0.2375
1.6 0.2375
1.6125 0.2375
1.625 0.2375
1.6375 0.2375
1.65 0.2375
1.6625 0.2375
1.675 0.2375
1.6875 0.2375
1.7 0.2375
1.7125 0.2375
1.725 0.2375
1.7375 0.2375
1.75 0.2375
1.7625 0.2375
1.775 0.2375
1.7875 0.2375
1.8 0.2375
1.8125 0.2375
1.825 0.2375
1.8375 0.2375
1.85 0.2375
1.8625 0.2375
1.875 0.2375
1.8875 0.2375
1.9 0.2375
1.9125 0.2375
1.925 0.2375
1.9375 0.2375
1.95 0.2375
1.9625 0.2375
1.975 0.2375
1.9875 0.2375
2 0.2375
0 0.25
0.0125 0.25
0.025 0.25
0.0375 0.25
0.05 0.25
0.0625 0.25
0.075 0.25
0.0875 0.25
0.1 0.25
0.1125 0.25
0.125 0.25
0.1375 0.25
0.15 0.25
0.1625 0.25
0.175 0.25
0.1875 0.25
0.2 0.25
0.2125 0.25
0.225 0.25
0.2375 0.25
0.25 0.25
0.2625 0.25
0.275 0.25
0.2875 0.25
0.3 0.25
0.3125 0.25
0.325 0.25
0.3375 0.25
0.35 0.25
0.3625 0.25
0.375 0.25
0.3875 0.25
0.4 0.25
0.4125 0.25
0.425 0.25
0.4375 0.25
0.45 0.25
0.4625 0.25
0.475 0.25
0.4875 0.25
0.5 0.25
0.5125 0.25
0.525 0.25
0.5375 0.25
0.55 0.25
0.5625 0.25
0.575 0.25
0.5875 0.25
0.6 0.25
0.6125 0.25
0.625 0.25
0.6375 0.25
0.65 0.25
0.6625 0.25
0.675 0.25
0.6875 0.25
0.7 0.25
0.7125 0.25
0.725 0.25
0.7375 0.25
0.75 0.25
0.7625 0.25
0.775 0.25
0.7875 0.25
0.8 0.25
0.8125 0.25
0.825 0.25
0.8375 0.25
0.85 0.25
0.8625 0.25
0.875 0.25
0.8875 0.25
0.9 0.25
0.9125 0.25
0.925 0.25
0.9375 0.25
0.95 0.25
0.9625 0.25
0.975 0.25
0.9875 0.25
1 0.25
1.0125 0.25
1.025 0.25
1.0375 0.25
1.05 0.25
1.0625 0.25
1.075 0.25
1.0875 0.25
1.1 0.25
1.1125 0.25
1.125 0.25
1.1375 0.25
1.15 0.25
1.1625 0.25
1.175 0.25
1.1875 0.25
1.2 0.25
1.2125 0.25
1.225 0.25
1.2375 0.25
1.25 0.25
1.2625 0.25
1.275 0.25
1.2875 0.25
1.3 0.25
1.3125 0.25
1.325 0.25
1.3375 0.25
1.35 0.25
1.3625 0.25
1.375 0.25
1.3875 0.25
1.4 0.25
1.4125 0.25
1.425 0.25
1.4375 0.25
1.45 0.25
1.4625 0.25
1.475 0.25
1.4875 0.25
1.5 0.25
1.5125 0.25
1.525 0.25
1.5375 0.25
1.55 0.25
1.5625 0.25
1.575 0.25
1.5875 0.25
1.6 0.25
1.6125 0.25
1.625 0.25
1.6375 0.25
1.65 0.25
1.6625 0.25
1.675 0.25
1.6875 0.25
1.7 0.25
1.7125 0.25
1.725 0.25
1.7375 0.25
1.75 0.25
1.7625 0.25
1.775 0.25
1.7875 0.25
1.8 0.25
1.8125 0.25
1.825 0.25
1.8375 0.25
1.85 0.25
1.8625 0.25
1.875 0.25
1.8875 0.25
1.9 0.25
1.9125 0.25
1.925 0.25
1.9375 0.25
1.95 0.25
1.9625 0.25
1.975 0.25
1.9875 0.25
2 0.25
0 0.2625
0.0125 0.2625
0.025 0.2625
0.0375 0.2625
0.05 0.2625
0.0625 0.2625
0.075 0.2625
0.0875 0.2625
0.1 0.2625
0.1125 0.2625
0.125 0.2625
0.1375 0.2625
0.15 0.2625
0.1625 0.2625
0.175 0.2625
0.1875 0.2625
0.2 0.2625
0.2125 0.2625
0.225 0.2625
0.2375 0.2625
0.25 0.2625
0.2625 0.2625
0.275 0.2625
0.2875 0.2625
0.3 0.2625
0.3125 0.2625
0.325 0.2625
0.3375 0.2625
0.35 0.2625
0.3625 0.2625
0.375 0.2625
0.3875 0.2625
0.4 0.2625
0.4125 0.2625
0.425 0.2625
0.4375 0.2625
0.45 0.2625
0.4625 0.2625
0.475 0.2625
0.4875 0.2625
0.5 0.2625
0.5125 0.2625
0.525 0.2625
0.5375 0.2625
0.55 0.2625
0.5625 0.2625
0.575 0.2625
0.5875 0.2625
0.6 0.2625
0.6125 0.2625
0.625 0.2625
0.6375 0.2625
0.65 0.2625
0.6625 0.2625
0.675 0.2625
0.6875 0.2625
0.7 0.2625
0.7125 0.2625
0.725 0.2625
0.7375 0.2625
0.75 0.2625
0.7625 0.2625
0.775 0.2625
0.7875 0.2625
0.8 0.2625
0.8125 0.2625
0.825 0.2625
0.8375 0.2625
0.85 0.2625
0.8625 0.2625
0.875 0.2625
0.8875 0.2625
0.9 0.2625
0.9125 0.2625
0.925 0.2625
0.9375 0.2625
0.95 0.2625
0.9625 0.2625
0.975 0.2625
0.9875 0.2625
1 0.2625
1.0125 0.2625
1.025 0.2625
1.0375 0.2625
1.05 0.2625
1.0625 0.2625
1.075 0.2625
1.0875 0.2625
1.1 0.2625
1.1125 0.2625
1.125 0.2625
1.1375 0.2625
1.15 0.2625
1.1625 0.2625
1.175 0.2625
1.1875 0.2625
1.2 0.2625
1.2125 0.2625
1.225 0.2625
1.2375 0.2625
1.25 0.2625
1.2625 0.2625
1.275 0.2625
1.2875 0.2625
1.3 0.2625
1.3125 0.2625
1.325 0.2625
1.3375 0.2625
1.35 0.2625
1.3625 0.2625
1.375 0.2625
1.3875 0.2625
1.4 0.2625
1.4125 0.2625
1.425 0.2625
1.4375 0.2625
1.45 0.2625
1.4625 0.2625
1.475 0.2625
1.4875 0.2625
1.5 0.2625
1.5125 0.2625
1.525 0.2625
1.5375 0.2625
1.55 0.2625
1.5625 0.2625
1.575 0.2625
1.5875 0.2625
1.6 0.2625
1.6125 0.2625
1.625 0.2625
1.6375 0.2625
1.65 0.2625
1.6625 0.2625
1.675 0.2625
1.6875 0.2625
1.7 0.2625
1.7125 0.2625
1.725 0.2625
1.7375 0.2625
1.75 0.2625
1.7625 0.2625
1.775 0.2625
1.7875 0.2625
1.8 0.2625
1.8125 0.2625
1.825 0.2625
1.8375 0.2625
1.85 0.2625
1.8625 0.2625
1.875 0.2625
1.8875 0.2625
1.9 0.2625
1.9125 0.2625
1.925 0.2625
1.9375 0.2625
1.95 0.2625
1.9625 0.2625
1.975 0.2625
1.9875 0.2625
2 0.2625
0 0.275
0.0125 0.275
0.025 0.275
0.0375 0.275
0.05 0.275
0.0625 0.275
0.075 0.275
0.0875 0.275
0.1 0.275
0.1125 0.275
0.125 0.275
0.1375 0.275
0.15 0.275
0.1625 0.275
0.175 0.275
0.1875 0.275
0.2 0.275
0.2125 0.275
0.225 0.275
0.2375 0.275
0.25 0.275
0.2625 0.275
0.275 0.275
0.2875 0.275
0.3 0.275
0.3125 0.275
0.325 0.275
0.3375 0.275
0.35 0.275
0.3625 0.275
0.375 0.275
0.3875 0.275
0.4 0.275
0.4125 0.275
0.425 0.275
0.4375 0.275
0.45 0.275
0.4625 0.275
0.475 0.275
0.4875 0.275
0.5 0.275
0.5125 0.275
0.525 0.275
0.5375 0.275
0.55 0.275
0.5625 0.275
0.575 0.275
0.5875 0.275
0.6 0.275
0.6125 0.275
0.625 0.275
0.6375 0.275
0.65 0.275
0.6625 0.275
0.675 0.275
0.6875 0.275
0.7 0.275
0.7125 0.275
0.725 0.275
0.7375 0.275
0.75 0.275
0.7625 0.275
0.775 0.275
0.7875 0.275
0.8 0.275
0.8125 0.275
0.825 0.275
0.8375 0.275
0.85 0.275
0.8625 0.275
0.875 0.275
0.8875 0.275
0.9 0.275
0.9125 0.275
0.925 0.275
0.9375 0.275
0.95 0.275
0.9625 0.275
0.975 0.275
0.9875 0.275
1 0.275
1.0125 0.275
1.025 0.275
1.0375 0.275
1.05 0.275
1.0625 0.275
1.075 0.275
1.0875 0.275
1.1 0.275
1.1125 0.275
1.125 0.275
1.1375 0.275
1.15 0.275
1.1625 0.275
1.175 0.275
1.1875 0.275
1.2 0.275
1.2125 0.275
1.225 0.275
1.2375 0.275
1.25 0.275
1.2625 0.275
1.275 0.275
1.2875 0.275
1.3 0.275
1.3125 0.275
1.325 0.275
1.3375 0.275
1.35 0.275
1.3625 0.275
1.375 0.275
1.3875 0.275
1.4 0.275
1.4125 0.275
1.425 0.275
1.4375 0.275
1.45 0.275
1.4625 0.275
1.475 0.275
1.4875 0.275
1.5 0.275
1.5125 0.275
1.525 0.275
1.5375 0.275
1.55 0.275
1.5625 0.275
1.575 0.275
1.5875 0.275
1.6 0.275
1.6125 0.275
1.625 0.275
1.6375 0.275
1.65 0.275
1.6625 0.275
1.675 0.275
1.6875 0.275
1.7 0.275
1.7125 0.275
1.725 0.275
1.7375 0.275
1.75 0.275
1.7625 0.275
1.775 0.275
1.7875 0.275
1.8 0.275
1.8125 0.275
1.825 0.275
1.8375 0.275
1.85 0.275
1.8625 0.275
1.875 0.275
1.8875 0.275
1.9 0.275
1.9125 0.275
1.925 0.275
1.9375 0.275
1.95 0.275
1.9625 0.275
1.975 0.275
1.9875 0.275
2 0.275
0 0.2875
0.0125 0.2875
0.025 0.2875
0.0375 0.2875
0.05 0.2875
0.0625 0.2875
0.075 0.2875
0.0875 0.2875
0.1 0.2875
0.1125 0.2875
0.125 0.2875
0.1375 0.2875
0.15 0.2875
0.1625 0.2875
0.175 0.2875
0.1875 0.2875
0.2 0.2875
0.2125 0.2875
0.225 0.2875
0.2375 0.2875
0.25 0.2875
0.2625 0.2875
0.275 0.2875
0.2875 0.2875
0.3 0.2875
0.3125 0.2875
0.325 0.2875
0.3375 0.2875
0.35 0.2875
0.3625 0.2875
0.375 0.2875
0.3875 0.2875
0.4 0.2875
0.4125 0.2875
0.425 0.2875
0.4375 0.2875
0.45 0.2875
0.4625 0.2875
0.475 0.2875
0.4875 0.2875
0.5 0.2875
0.5125 0.2875
0.525 0.2875
0.5375 0.2875
0.55 0.2875
0.5625 0.2875
0.575 0.2875
0.5875 0.2875
0.6 0.2875
0.6125 0.2875
0.625 0.2875
0.6375 0.2875
0.65 0.2875
0.6625 0.2875
0.675 0.2875
0.6875 0.2875
0.7 0.2875
0.7125 0.2875
0.725 0.2875
0.7375 0.2875
0.75 0.2875
0.7625 0.2875
0.775 0.2875
0.7875 0.2875
0.8 0.2875
0.8125 0.2875
0.825 0.2875
0.8375 0.2875
0.85 0.2875
0.8625 0.2875
0.875 0.2875
0.8875 0.2875
0.9 0.2875
0.9125 0.2875
0.925 0.2875
0.9375 0.2875
0.95 0.2875
0.9625 0.2875
0.975 0.2875
0.9875 0.2875
1 0.2875
1.0125 0.2875
1.025 0.2875
1.0375 0.2875
1.05 0.2875
1.0625 0.2875
1.075 0.2875
1.0875 0.2875
1.1 0.2875
1.1125 0.2875
1.125 0.2875
1.1375 0.2875
1.15 0.2875
1.1625 0.2875
1.175 0.2875
1.1875 0.2875
1.2 0.2875
1.2125 0.2875
1.225 0.2875
1.2375 0.2875
1.25 0.2875
1.2625 0.2875
1.275 0.2875
1.2875 0.2875
1.3 0.2875
1.3125 0.2875
1.325 0.2875
1.3375 0.2875
1.35 0.2875
1.3625 0.2875
1.375 0.2875
1.3875 0.2875
1.4 0.2875
1.4125 0.2875
1.425 0.2875
1.4375 0.2875
1.45 0.2875
1.4625 0.2875
1.475 0.2875
1.4875 0.2875
1.5 0.2875
1.5125 0.2875
1.525 0.2875
1.5375 0.2875
1.55 0.2875
1.5625 0.2875
1.575 0.2875
1.5875 0.2875
1.6 0.2875
1.6125 0.2875
1.625 0.2875
1.6375 0.2875
1.65 0.2875
1.6625 0.2875
1.675 0.2875
1.6875 0.2875
1.7 0.2875
1.7125 0.2875
1.725 0.2875
1.7375 0.2875
1.75 0.2875
1.7625 0.2875
1.775 0.2875
1.7875 0.2875
1.8 0.2875
1.8125 0.2875
1.825 0.2875
1.8375 0.2875
1.85 0.2875
1.8625 0.2875
1.875 0.2875
1.8875 0.2875
1.9 0.2875
1.9125 0.2875
1.925 0.2875
1.9375 0.2875
1.95 0.2875
1.9625 0.2875
1.975 0.2875
1.9875 0.2875
2 0.2875
0 0.3
0.0125 0.3
0.025 0.3
0.0375 0.3
0.05 0.3
0.0625 0.3
0.075 0.3
0.0875 0.3
0.1 0.3
0.1125 0.3
0.125 0.3
0.1375 0.3
0.15 0.3
0.1625 0.3
0.175 0.3
0.1875 0.3
0.2 0.3
0.2125 0.3
0.225 0.3
0.2375 0.3
0.25 0.3
0.2625 0.3
0.275 0.3
0.2875 0.3
0.3 0.3
0.3125 0.3
0.325 0.3
0.3375 0.3
0.35 0.3
0.3625 0.3
0.375 0.3
0.3875 0.3
0.4 0.3
0.4125 0.3
0.425 0.3
0.4375 0.3
0.45 0.3
0.4625 0.3
0.475 0.3
0.4875 0.3
0.5 0.3
0.5125 0.3
0.525 0.3
0.5375 0.3
0.55 0.3
0.5625 0.3
0.575 0.3
0.5875 0.3
0.6 0.3
0.6125 0.3
0.625 0.3
0.6375 0.3
0.65 0.3
0.6625 0.3
0.675 0.3
0.6875 0.3
0.7 0.3
0.7125 0.3
0.725 0.3
0.7375 0.3
0.75 0.3
0.7625 0.3
0.775 0.3
0.7875 0.3
0.8 0.3
0.8125 0.3
0.825 0.3
0.8375 0.3
0.85 0.3
0.8625 0.3
0.875 0.3
0.8875 0.3
0.9 0.3
0.9125 0.3
0.925 0.3
0.9375 0.3
0.95 0.3
0.9625 0.3
0.975 0.3
0.9875 0.3
1 0.3
1.0125 0.3
1.025 0.3
1.0375 0.3
1.05 0.3
1.0625 0.3
1.075 0.3
1.0875 0.3
1.1 0.3
1.1125 0.3
1.125 0.3
1.1375 0.3
1.15 0.3
1.1625 0.3
1.175 0.3
1.1875 0.3
1.2 0.3
1.2125 0.3
1.225 0.3
1.2375 0.3
1.25 0.3
1.2625 0.3
1.275 0.3
1.2875 0.3
1.3 0.3
1.3125 0.3
1.325 0.3
1.3375 0.3
1.35 0.3
1.3625 0.3
1.375 0.3
1.3875 0.3
1.4 0.3
1.4125 0.3
1.425 0.3
1.4375 0.3
1.45 0.3
1.4625 0.3
1.475 0.3
1.4875 0.3
1.5 0.3
1.5125 0.3
1.525 0.3
1.5375 0.3
1.55 0.3
1.5625 0.3
1.575 0.3
1.5875 0.3
1.6 0.3
1.6125 0.3
1.625 0.3
1.6375 0.3
1.65 0.3
1.6625 0.3
1.675 0.3
1.6875 0.3
1.7 0.3
1.7125 0.3
1.725 0.3
1.7375 0.3
1.75 0.3
1.7625 0.3
1.775 0.3
1.7875 0.3
1.8 0.3
1.8125 0.3
1.825 0.3
1.8375 0.3
1.85 0.3
1.8625 0.3
1.875 0.3
1.8875 0.3
1.9 0.3
1.9125 0.3
1.925 0.3
1.9375 0.3
1.95 0.3
1.9625 0.3
1.975 0.3
1.9875 0.3
2 0.3
0 0.3125
0.0125 0.3125
0.025 0.3125
0.0375 0.3125
0.05 0.3125
0.0625 0.3125
0.075 0.3125
0.0875 0.3125
0.1 0.3125
0.1125 0.3125
0.125 0.3125
0.1375 0.3125
0.15 0.3125
0.1625 0.3125
0.175 0.3125
0.1875 0.3125
0.2 0.3125
0.2125 0.3125
0.225 0.3125
0.2375 0.3125
0.25 0.3125
0.2625 0.3125
0.275 0.3125
0.2875 0.3125
0.3 0.3125
0.3125 0.3125
0.325 0.3125
0.3375 0.3125
0.35 0.3125
0.3625 0.3125
0.375 0.3125
0.3875 0.3125
0.4 0.3125
0.4125 0.3125
0.425 0.3125
0.4375 0.3125
0.45 0.3125
0.4625 0.3125
0.475 0.3125
0.4875 0.3125
0.5 0.3125
0.5125 0.3125
0.525 0.3125
0.5375 0.3125
0.55 0.3125
0.5625 0.3125
0.575 0.3125
0.5875 0.3125
0.6 0.3125
0.6125 0.3125
0.625 0.3125
0.6375 0.3125
0.65 0.3125
0.6625 0.3125
0.675 0.3125
0.6875 0.3125
0.7 0.3125
0.7125 0.3125
0.725 0.3125
0.7375 0.3125
0.75 0.3125
0.7625 0.3125
0.775 0.3125
0.7875 0.3125
0.8 0.3125
0.8125 0.3125
0.825 0.3125
0.8375 0.3125
0.85 0.3125
0.8625 0.3125
0.875 0.3125
0.8875 0.3125
0.9 0.3125
0.9125 0.3125
0.925 0.3125
0.9375 0.3125
0.95 0.3125
0.9625 0.3125
0.975 0.3125
0.9875 0.3125
1 0.3125
1.0125 0.3125
1.025 0.3125
1.0375 0.3125
1.05 0.3125
1.0625 0.3125
1.075 0.3125
1.0875 0.3125
1.1 0.3125
1.1125 0.3125
1.125 0.3125
1.1375 0.3125
1.15 0.3125
1.1625 0.3125
1.175 0.3125
1.1875 0.3125
1.2 0.3125
1.2125 0.3125
1.225 0.3125
1.2375 0.3125
1.25 0.3125
1.2625 0.3125
1.275 0.3125
1.2875 0.3125
1.3 0.3125
1.3125 0.3125
1.325 0.3125
1.3375 0.3125
1.35 0.3125
1.3625 0.3125
1.375 0.3125
1.3875 0.3125
1.4 0.3125
1.4125 0.3125
1.425 0.3125
1.4375 0.3125
1.45 0.3125
1.4625 0.3125
1.475 0.3125
1.4875 0.3125
1.5 0.3125
1.5125 0.3125
1.525 0.3125
1.5375 0.3125
1.55 0.3125
1.5625 0.3125
1.575 0.3125
1.5875 0.3125
1.6 0.3125
1.6125 0.3125
1.625 0.3125
1.6375 0.3125
1.65 0.3125
1.6625 0.3125
1.675 0.3125
1.6875 0.3125
1.7 0.3125
1.7125 0.3125
1.725 0.3125
1.7375 0.3125
1.75 0.3125
1.7625 0.3125
1.775 0.3125
1.7875 0.3125
1.8 0.3125
1.8125 0.3125
1.825 0.3125
1.8375 0.3125
1.85 0.3125
1.8625 0.3125
1.875 0.3125
1.8875 0.3125
1.9 0.3125
1.9125 0.3125
1.925 0.3125
1.9375 0.3125
1.95 0.3125
1.9625 0.3125
1.975 0.3125
1.9875 0.3125
2 0.3125
0 0.325
0.0125 0.325
0.025 0.325
0.0375 0.325
0.05 0.325
0.0625 0.325
0.075 0.325
0.0875 0.325
0.1 0.325
0.1125 0.325
0.125 0.325
0.1375 0.325
0.15 0.325
0.1625 0.325
0.175 0.325
0.1875 0.325
0.2 0.325
0.2125 0.325
0.225 0.325
0.2375 0.325
0.25 0.325
0.2625 0.325
0.275 0.325
0.2875 0.325
0.3 0.325
0.3125 0.325
0.325 0.325
0.3375 0.325
0.35 0.325
0.3625 0.325
0.375 0.325
0.3875 0.325
0.4 0.325
0.4125 0.325
0.425 0.325
0.4375 0.325
0.45 0.325
0.4625 0.325
0.475 0.325
0.4875 0.325
0.5 0.325
0.5125 0.325
0.525 0.325
0.5375 0.325
0.55 0.325
0.5625 0.325
0.575 0.325
0.5875 0.325
0.6 0.325
0.6125 0.325
0.625 0.325
0.6375 0.325
0.65 0.325
0.6625 0.325
0.675 0.325
0.6875 0.325
0.7 0.325
0.7125 0.325
0.725 0.325
0.7375 0.325
0.75 0.325
0.7625 0.325
0.775 0.325
0.7875 0.325
0.8 0.325
0.8125 0.325
0.825 0.325
0.8375 0.325
0.85 0.325
0.8625 0.325
0.875 0.325
0.8875 0.325
0.9 0.325
0.9125 0.325
0.925 0.325
0.9375 0.325
0.95 0.325
0.9625 0.325
0.975 0.325
0.9875 0.325
1 0.325
1.0125 0.325
1.025 0.325
1.0375 0.325
1.05 0.325
1.0625 0.325
1.075 0.325
1.0875 0.325
1.1 0.325
1.1125 0.325
1.125 0.325
1.1375 0.325
1.15 0.325
1.1625 0.325
1.175 0.325
1.1875 0.325
1.2 0.325
1.2125 0.325
1.225 0.325
1.2375 0.325
1.25 0.325
1.2625 0.325
1.275 0.325
1.2875 0.325
1.3 0.325
1.3125 0.325
1.325 0.325
1.3375 0.325
1.35 0.325
1.3625 0.325
1.375 0.325
1.3875 0.325
1.4 0.325
1.4125 0.325
1.425 0.325
1.4375 0.325
1.45 0.325
1.4625 0.325
1.475 0.325
1.4875 0.325
1.5 0.325
1.5125 0.325
1.525 0.325
1.5375 0.325
1.55 0.325
1.5625 0.325
1.575 0.325
1.5875 0.325
1.6 0.325
1.6125 0.325
1.625 0.325
1.6375 0.325
1.65 0.325
1.6625 0.325
1.675 0.325
1.6875 0.325
1.7 0.325
1.7125 0.325
1.725 0.325
1.7375 0.325
1.75 0.325
1.7625 0.325
1.775 0.325
1.7875 0.325
1.8 0.325
1.8125 0.325
1.825 0.325
1.8375 0.325
1.85 0.325
1.8625 0.325
1.875 0.325
1.8875 0.325
1.9 0.325
1.9125 0.325
1.925 0.325
1.9375 0.325
1.95 0.325
1.9625 0.325
1.975 0.325
1.9875 0.325
2 0.325
0 0.3375
0.0125 0.3375
0.025 0.3375
0.0375 0.3375
0.05 0.3375
0.0625 0.3375
0.075 0.3375
0.0875 0.3375
0.1 0.3375
0.1125 0.3375
0.125 0.3375
0.1375 0.3375
0.15 0.3375
0.1625 0.3375
0.175 0.3375
0.1875 0.3375
0.2 0.3375
0.2125 0.3375
0.225 0.3375
0.2375 0.3375
0.25 0.3375
0.2625 0.3375
0.275 0.3375
0.2875 0.3375
0.3 0.3375
0.3125 0.3375
0.325 0.3375
0.3375 0.3375
0.35 0.3375
0.3625 0.3375
0.375 0.3375
0.3875 0.3375
0.4 0.3375
0.4125 0.3375
0.425 0.3375
0.4375 0.3375
0.45 0.3375
0.4625 0.3375
0.475 0.3375
0.4875 0.3375
0.5 0.3375
0.5125 0.3375
0.525 0.3375
0.5375 0.3375
0.55 0.3375
0.5625 0.3375
0.575 0.3375
0.5875 0.3375
0.6 0.3375
0.6125 0.3375
0.625 0.3375
0.6375 0.3375
0.65 0.3375
0.6625 0.3375
0.675 0.3375
0.6875 0.3375
0.7 0.3375
0.7125 0.3375
0.725 0.3375
0.7375 0.3375
0.75 0.3375
0.7625 0.3375
0.775 0.3375
0.7875 0.3375
0.8 0.3375
0.8125 0.3375
0.825 0.3375
0.8375 0.3375
0.85 0.3375
0.8625 0.3375
0.875 0.3375
0.8875 0.3375
0.9 0.3375
0.9125 0.3375
0.925 0.3375
0.9375 0.3375
0.95 0.3375
0.9625 0.3375
0.975 0.3375
0.9875 0.3375
1 0.3375
1.0125 0.3375
1.025 0.3375
1.0375 0.3375
1.05 0.3375
1.0625 0.3375
1.075 0.3375
1.0875 0.3375
1.1 0.3375
1.1125 0.3375
1.125 0.3375
1.1375 0.3375
1.15 0.3375
1.1625 0.3375
1.175 0.3375
1.1875 0.3375
1.2 0.3375
1.2125 0.3375
1.225 0.3375
1.2375 0.3375
1.25 0.3375
1.2625 0.3375
1.275 0.3375
1.2875 0.3375
1.3 0.3375
1.3125 0.3375
1.325 0.3375
1.3375 0.3375
1.35 0.3375
1.3625 0.3375
1.375 0.3375
1.3875 0.3375
1.4 0.3375
1.4125 0.3375
1.425 0.3375
1.4375 0.3375
1.45 0.3375
1.4625 0.3375
1.475 0.3375
1.4875 0.3375
1.5 0.3375
1.5125 0.3375
1.525 0.3375
1.5375 0.3375
1.55 0.3375
1.5625 0.3375
1.575 0.3375
1.5875 0.3375
1.6 0.3375
1.6125 0.3375
1.625 0.3375
1.6375 0.3375
1.65 0.3375
1.6625 0.3375
1.675 0.3375
1.6875 0.3375
1.7 0.3375
1.7125 0.3375
1.725 0.3375
1.7375 0.3375
1.75 0.3375
1.7625 0.3375
1.775 0.3375
1.7875 0.3375
1.8 0.3375
1.8125 0.3375
1.825 0.3375
1.8375 0.3375
1.85 0.3375
1.8625 0.3375
1.875 0.3375
1.8875 0.3375
1.9 0.3375
1.9125 0.3375
1.925 0.3375
1.9375 0.3375
1.95 0.3375
1.9625 0.3375
1.975 0.3375
1.9875 0.3375
2 0.3375
0 0.35
0.0125 0.35
0.025 0.35
0.0375 0.35
0.05 0.35
0.0625 0.35
0.075 0.35
0.0875 0.35
0.1 0.35
0.1125 0.35
0.125 0.35
0.1375 0.35
0.15 0.35
0.1625 0.35
0.175 0.35
0.1875 0.35
0.2 0.35
0.2125 0.35
0.225 0.35
0.2375 0.35
0.25 0.35
0.2625 0.35
0.275 0.35
0.2875 0.35
0.3 0.35
0.3125 0.35
0.325 0.35
0.3375 0.35
0.35 0.35
0.3625 0.35
0.375 0.35
0.3875 0.35
0.4 0.35
0.4125 0.35
0.425 0.35
0.4375 0.35
0.45 0.35
0.4625 0.35
0.475 0.35
0.4875 0.35
0.5 0.35
0.5125 0.35
0.525 0.35
0.5375 0.35
0.55 0.35
0.5625 0.35
0.575 0.35
0.5875 0.35
0.6 0.35
0.6125 0.35
0.625 0.35
0.6375 0.35
0.65 0.35
0.6625 0.35
0.675 0.35
0.6875 0.35
0.7 0.35
0.7125 0.35
0.725 0.35
0.7375 0.35
0.75 0.35
0.7625 0.35
0.775 0.35
0.7875 0.35
0.8 0.35
0.8125 0.35
0.825 0.35
0.8375 0.35
0.85 0.35
0.8625 0.35
0.875 0.35
0.8875 0.35
0.9 0.35
0.9125 0.35
0.925 0.35
0.9375 0.35
0.95 0.35
0.9625 0.35
0.975 0.35
0.9875 0.35
1 0.35
1.0125 0.35
1.025 0.35
1.0375 0.35
1.05 0.35
1.0625 0.35
1.075 0.35
1.0875 0.35
1.1 0.35
1.1125 0.35
1.125 0.35
1.1375 0.35
1.15 0.35
1.1625 0.35
1.175 0.35
1.1875 0.35
1.2 0.35
1.2125 0.35
1.225 0.35
1.2375 0.35
1.25 0.35
1.2625 0.35
1.275 0.35
1.2875 0.35
1.3 0.35
1.3125 0.35
1.325 0.35
1.3375 0.35
1.35 0.35
1.3625 0.35
1.375 0.35
1.3875 0.35
1.4 0.35
1.4125 0.35
1.425 0.35
1.4375 0.35
1.45 0.35
1.4625 0.35
1.475 0.35
1.4875 0.35
1.5 0.35
1.5125 0.35
1.525 0.35
1.5375 0.35
1.55 0.35
1.5625 0.35
1.575 0.35
1.5875 0.35
1.6 0.35
1.6125 0.35
1.625 0.35
1.6375 0.35
1.65 0.35
1.6625 0.35
1.675 0.35
1.6875 0.35
1.7 0.35
1.7125 0.35
1.725 0.35
1.7375 0.35
1.75 0.35
1.7625 0.35
1.775 0.35
1.7875 0.35
1.8 0.35
1.8125 0.35
1.825 0.35
1.8375 0.35
1.85 0.35
1.8625 0.35
1.875 0.35
1.8875 0.35
1.9 0.35
1.9125 0.35
1.925 0.35
1.9375 0.35
1.95 0.35
1.9625 0.35
1.975 0.35
1.9875 0.35
2 0.35
0 0.3625
0.0125 0.3625
0.025 0.3625
0.0375 0.3625
0.05 0.3625
0.0625 0.3625
0.075 0.3625
0.0875 0.3625
0.1 0.3625
0.1125 0.3625
0.125 0.3625
0.1375 0.3625
0.15 0.3625
0.1625 0.3625
0.175 0.3625
0.1875 0.3625
0.2 0.3625
0.2125 0.3625
0.225 0.3625
0.2375 0.3625
0.25 0.3625
0.2625 0.3625
0.275 0.3625
0.2875 0.3625
0.3 0.3625
0.3125 0.3625
0.325 0.3625
0.3375 0.3625
0.35 0.3625
0.3625 0.3625
0.375 0.3625
0.3875 0.3625
0.4 0.3625
0.4125 0.3625
0.425 0.3625
0.4375 0.3625
0.45 0.3625
0.4625 0.3625
0.475 0.3625
0.4875 0.3625
0.5 0.3625
0.5125 0.3625
0.525 0.3625
0.5375 0.3625
0.55 0.3625
0.5625 0.3625
0.575 0.3625
0.5875 0.3625
0.6 0.3625
0.6125 0.3625
0.625 0.3625
0.6375 0.3625
0.65 0.3625
0.6625 0.3625
0.675 0.3625
0.6875 0.3625
0.7 0.3625
0.7125 0.3625
0.725 0.3625
0.7375 0.3625
0.75 0.3625
0.7625 0.3625
0.775 0.3625
0.7875 0.3625
0.8 0.3625
0.8125 0.3625
0.825 0.3625
0.8375 0.3625
0.85 0.3625
0.8625 0.3625
0.875 0.3625
0.8875 0.3625
0.9 0.3625
0.9125 0.3625
0.925 0.3625
0.9375 0.3625
0.95 0.3625
0.9625 0.3625
0.975 0.3625
0.9875 0.3625
1 0.3625
1.0125 0.3625
1.025 0.3625
1.0375 0.3625
1.05 0.3625
1.0625 0.3625
1.075 0.3625
1.0875 0.3625
1.1 0.3625
1.1125 0.3625
1.125 0.3625
1.1375 0.3625
1.15 0.3625
1.1625 0.3625
1.175 0.3625
1.1875 0.3625
1.2 0.3625
1.2125 0.3625
1.225 0.3625
1.2375 0.3625
1.25 0.3625
1.2625 0.3625
1.275 0.3625
1.2875 0.3625
1.3 0.3625
1.3125 0.3625
1.325 0.3625
1.3375 0.3625
1.35 0.3625
1.3625 0.3625
1.375 0.3625
1.3875 0.3625
1.4 0.3625
1.4125 0.3625
1.425 0.3625
1.4375 0.3625
1.45 0.3625
1.4625 0.3625
1.475 0.3625
1.4875 0.3625
1.5 0.3625
1.5125 0.3625
1.525 0.3625
1.5375 0.3625
1.55 0.3625
1.5625 0.3625
1.575 0.3625
1.5875 0.3625
1.6 0.3625
1.6125 0.3625
1.625 0.3625
1.6375 0.3625
1.65 0.3625
1.6625 0.3625
1.675 0.3625
1.6875 0.3625
1.7 0.3625
1.7125 0.3625
1.725 0.3625
1.7375 0.3625
1.75 0.3625
1.7625 0.3625
1.775 0.3625
1.7875 0.3625
1.8 0.3625
1.8125 0.3625
1.825 0.3625
1.8375 0.3625
1.85 0.3625
1.8625 0.3625
1.875 0.3625
1.8875 0.3625
1.9 0.3625
1.9125 0.3625
1.925 0.3625
1.9375 0.3625
1.95 0.3625
1.9625 0.3625
1.975 0.3625
1.9875 0.3625
2 0.3625
0 0.375
0.0125 0.375
0.025 0.375
0.0375 0.375
0.05 0.375
0.0625 0.375
0.075 0.375
0.0875 0.375
0.1 0.375
0.1125 0.375
0.125 0.375
0.1375 0.375
0.15 0.375
0.1625 0.375
0.175 0.375
0.1875 0.375
0.2 0.375
0.2125 0.375
0.225 0.375
0.2375 0.375
0.25 0.375
0.2625 0.375
0.275 0.375
0.2875 0.375
0.3 0.375
0.3125 0.375
0.325 0.375
0.3375 0.375
0.35 0.375
0.3625 0.375
0.375 0.375
0.3875 0.375
0.4 0.375
0.4125 0.375
0.425 0.375
0.4375 0.375
0.45 0.375
0.4625 0.375
0.475 0.375
0.4875 0.375
0.5 0.375
0.5125 0.375
0.525 0.375
0.5375 0.375
0.55 0.375
0.5625 0.375
0.575 0.375
0.5875 0.375
0.6 0.375
0.6125 0.375
0.625 0.375
0.6375 0.375
0.65 0.375
0.6625 0.375
0.675 0.375
0.6875 0.375
0.7 0.375
0.7125 0.375
0.725 0.375
0.7375 0.375
0.75 0.375
0.7625 0.375
0.775 0.375
0.7875 0.375
0.8 0.375
0.8125 0.375
0.825 0.375
0.8375 0.375
0.85 0.375
0.8625 0.375
0.875 0.375
0.8875 0.375
0.9 0.375
0.9125 0.375
0.925 0.375
0.9375 0.375
0.95 0.375
0.9625 0.375
0.975 0.375
0.9875 0.375
1 0.375
1.0125 0.375
1.025 0.375
1.0375 0.375
1.05 0.375
1.0625 0.375
1.075 0.375
1.0875 0.375
1.1 0.375
1.1125 0.375
1.125 0.375
1.1375 0.375
1.15 0.375
1.1625 0.375
1.175 0.375
1.1875 0.375
1.2 0.375
1.2125 0.375
1.225 0.375
1.2375 0.375
1.25 0.375
1.2625 0.375
1.275 0.375
1.2875 0.375
1.3 0.375
1.3125 0.375
1.325 0.375
1.3375 0.375
1.35 0.375
1.3625 0.375
1.375 0.375
1.3875 0.375
1.4 0.375
1.4125 0.375
1.425 0.375
1.4375 0.375
1.45 0.375
1.4625 0.375
1.475 0.375
1.4875 0.375
1.5 0.375
1.5125 0.375
1.525 0.375
1.5375 0.375
1.55 0.375
1.5625 0.375
1.575 0.375
1.5875 0.375
1.6 0.375
1.6125 0.375
1.625 0.375
1.6375 0.375
1.65 0.375
1.6625 0.375
1.675 0.375
1.6875 0.375
1.7 0.375
1.7125 0.375
1.725 0.375
1.7375 0.375
1.75 0.375
1.7625 0.375
1.775 0.375
1.7875 0.375
1.8 0.375
1.8125 0.375
1.825 0.375
1.8375 0.375
1.85 0.375
1.8625 0.375
1.875 0.375
1.8875 0.375
1.9 0.375
1.9125 0.375
1.925 0.375
1.9375 0.375
1.95 0.375
1.9625 0.375
1.975 0.375
1.9875 0.375
2 0.375
0 0.3875
0.0125 0.3875
0.025 0.3875
0.0375 0.3875
0.05 0.3875
0.0625 0.3875
0.075 0.3875
0.0875 0.3875
0.1 0.3875
0.1125 0.3875
0.125 0.3875
0.1375 0.3875
0.15 0.3875
0.1625 0.3875
0.175 0.3875
0.1875 0.3875
0.2 0.3875
0.2125 0.3875
0.225 0.3875
0.2375 0.3875
0.25 0.3875
0.2625 0.3875
0.275 0.3875
0.2875 0.3875
0.3 0.3875
0.3125 0.3875
0.325 0.3875
0.3375 0.3875
0.35 0.3875
0.3625 0.3875
0.375 0.3875
0.3875 0.3875
0.4 0.3875
0.4125 0.3875
0.425 0.3875
0.4375 0.3875
0.45 0.3875
0.4625 0.3875
0.475 0.3875
0.4875 0.3875
0.5 0.3875
0.5125 0.3875
0.525 0.3875
0.5375 0.3875
0.55 0.3875
0.5625 0.3875
0.575 0.3875
0.5875 0.3875
0.6 0.3875
0.6125 0.3875
0.625 0.3875
0.6375 0.3875
0.65 0.3875
0.6625 0.3875
0.675 0.3875
0.6875 0.3875
0.7 0.3875
0.7125 0.3875
0.725 0.3875
0.7375 0.3875
0.75 0.3875
0.7625 0.3875
0.775 0.3875
0.7875 0.3875
0.8 0.3875
0.8125 0.3875
0.825 0.3875
0.8375 0.3875
0.85 0.3875
0.8625 0.3875
0.875 0.3875
0.8875 0.3875
0.9 0.3875
0.9125 0.3875
0.925 0.3875
0.9375 0.3875
0.95 0.3875
0.9625 0.3875
0.975 0.3875
0.9875 0.3875
1 0.3875
1.0125 0.3875
1.025 0.3875
1.0375 0.3875
1.05 0.3875
1.0625 0.3875
1.075 0.3875
1.0875 0.3875
1.1 0.3875
1.1125 0.3875
1.125 0.3875
1.1375 0.3875
1.15 0.3875
1.1625 0.3875
1.175 0.3875
1.1875 0.3875
1.2 0.3875
1.2125 0.3875
1.225 0.3875
1.2375 0.3875
1.25 0.3875
1.2625 0.3875
1.275 0.3875
1.2875 0.3875
1.3 0.3875
1.3125 0.3875
1.325 0.3875
1.3375 0.3875
1.35 0.3875
1.3625 0.3875
1.375 0.3875
1.3875 0.3875
1.4 0.3875
1.4125 0.3875
1.425 0.3875
1.4375 0.3875
1.45 0.3875
1.4625 0.3875
1.475 0.3875
1.4875 0.3875
1.5 0.3875
1.5125 0.3875
1.525 0.3875
1.5375 0.3875
1.55 0.3875
1.5625 0.3875
1.575 0.3875
1.5875 0.3875
1.6 0.3875
1.6125 0.3875
1.625 0.3875
1.6375 0.3875
1.65 0.3875
1.6625 0.3875
1.675 0.3875
1.6875 0.3875
1.7 0.3875
1.7125 0.3875
1.725 0.3875
1.7375 0.3875
1.75 0.3875
1.7625 0.3875
1.775 0.3875
1.7875 0.3875
1.8 0.3875
1.8125 0.3875
1.825 0.3875
1.8375 0.3875
1.85 0.3875
1.8625 0.3875
1.875 0.3875
1.8875 0.3875
1.9 0.3875
1.9125 0.3875
1.925 0.3875
1.9375 0.3875
1.95 0.3875
1.9625 0.3875
1.975 0.3875
1.9875 0.3875
2 0.3875
0 0.4
0.0125 0.4
0.025 0.4
0.0375 0.4
0.05 0.4
0.0625 0.4
0.075 0.4
0.0875 0.4
0.1 0.4
0.1125 0.4
0.125 0.4
0.1375 0.4
0.15 0.4
0.1625 0.4
0.175 0.4
0.1875 0.4
0.2 0.4
0.2125 0.4
0.225 0.4
0.2375 0.4
0.25 0.4
0.2625 0.4
0.275 0.4
0.2875 0.4
0.3 0.4
0.3125 0.4
0.325 0.4
0.3375 0.4
0.35 0.4
0.3625 0.4
0.375 0.4
0.3875 0.4
0.4 0.4
0.4125 0.4
0.425 0.4
0.4375 0.4
0.45 0.4
0.4625 0.4
0.475 0.4
0.4875 0.4
0.5 0.4
0.5125 0.4
0.525 0.4
0.5375 0.4
0.55 0.4
0.5625 0.4
0.575 0.4
0.5875 0.4
0.6 0.4
0.6125 0.4
0.625 0.4
0.6375 0.4
0.65 0.4
0.6625 0.4
0.675 0.4
0.6875 0.4
0.7 0.4
0.7125 0.4
0.725 0.4
0.7375 0.4
0.75 0.4
0.7625 0.4
0.775 0.4
0.7875 0.4
0.8 0.4
0.8125 0.4
0.825 0.4
0.8375 0.4
0.85 0.4
0.8625 0.4
0.875 0.4
0.8875 0.4
0.9 0.4
0.9125 0.4
0.925 0.4
0.9375 0.4
0.95 0.4
0.9625 0.4
0.975 0.4
0.9875 0.4
1 0.4
1.0125 0.4
1.025 0.4
1.0375 0.4
1.05 0.4
1.0625 0.4
1.075 0.4
1.0875 0.4
1.1 0.4
1.1125 0.4
1.125 0.4
1.1375 0.4
1.15 0.4
1.1625 0.4
1.175 0.4
1.1875 0.4
1.2 0.4
1.2125 0.4
1.225 0.4
1.2375 0.4
1.25 0.4
1.2625 0.4
1.275 0.4
1.2875 0.4
1.3 0.4
1.3125 0.4
1.325 0.4
1.3375 0.4
1.35 0.4
1.3625 0.4
1.375 0.4
1.3875 0.4
1.4 0.4
1.4125 0.4
1.425 0.4
1.4375 0.4
1.45 0.4
1.4625 0.4
1.475 0.4
1.4875 0.4
1.5 0.4
1.5125 0.4
1.525 0.4
1.5375 0.4
1.55 0.4
1.5625 0.4
1.575 0.4
1.5875 0.4
1.6 0.4
1.6125 0.4
1.625 0.4
1.6375 0.4
1.65 0.4
1.6625 0.4
1.675 0.4
1.6875 0.4
1.7 0.4
1.7125 0.4
1.725 0.4
1.7375 0.4
1.75 0.4
1.7625 0.4
1.775 0.4
1.7875 0.4
1.8 0.4
1.8125 0.4
1.825 0.4
1.8375 0.4
1.85 0.4
1.8625 0.4
1.875 0.4
1.8875 0.4
1.9 0.4
1.9125 0.4
1.925 0.4
1.9375 0.4
1.95 0.4
1.9625 0.4
1.975 0.4
1.9875 0.4
2 0.4
0 0.4125
0.0125 0.4125
0.025 0.4125
0.0375 0.4125
0.05 0.4125
0.0625 0.4125
0.075 0.4125
0.0875 0.4125
0.1 0.4125
0.1125 0.4125
0.125 0.4125
0.1375 0.4125
0.15 0.4125
0.1625 0.4125
0.175 0.4125
0.1875 0.4125
0.2 0.4125
0.2125 0.4125
0.225 0.4125
0.2375 0.4125
0.25 0.4125
0.2625 0.4125
0.275 0.4125
0.2875 0.4125
0.3 0.4125
0.3125 0.4125
0.325 0.4125
0.3375 0.4125
0.35 0.4125
0.3625 0.4125
0.375 0.4125
0.3875 0.4125
0.4 0.4125
0.4125 0.4125
0.425 0.4125
0.4375 0.4125
0.45 0.4125
0.4625 0.4125
0.475 0.4125
0.4875 0.4125
0.5 0.4125
0.5125 0.4125
0.525 0.4125
0.5375 0.4125
0.55 0.4125
0.5625 0.4125
0.575 0.4125
0.5875 0.4125
0.6 0.4125
0.6125 0.4125
0.625 0.4125
0.6375 0.4125
0.65 0.4125
0.6625 0.4125
0.675 0.4125
0.6875 0.4125
0.7 0.4125
0.7125 0.4125
0.725 0.4125
0.7375 0.4125
0.75 0.4125
0.7625 0.4125
0.775 0.4125
0.7875 0.4125
0.8 0.4125
0.8125 0.4125
0.825 0.4125
0.8375 0.4125
0.85 0.4125
0.8625 0.4125
0.875 0.4125
0.8875 0.4125
0.9 0.4125
0.9125 0.4125
0.925 0.4125
0.9375 0.4125
0.95 0.4125
0.9625 0.4125
0.975 0.4125
0.9875 0.4125
1 0.4125
1.0125 0.4125
1.025 0.4125
1.0375 0.4125
1.05 0.4125
1.0625 0.4125
1.075 0.4125
1.0875 0.4125
1.1 0.4125
1.1125 0.4125
1.125 0.4125
1.1375 0.4125
1.15 0.4125
1.1625 0.4125
1.175 0.4125
1.1875 0.4125
1.2 0.4125
1.2125 0.4125
1.225 0.4125
1.2375 0.4125
1.25 0.4125
1.2625 0.4125
1.275 0.4125
1.2875 0.4125
1.3 0.4125
1.3125 0.4125
1.325 0.4125
1.3375 0.4125
1.35 0.4125
1.3625 0.4125
1.375 0.4125
1.3875 0.4125
1.4 0.4125
1.4125 0.4125
1.425 0.4125
1.4375 0.4125
1.45 0.4125
1.4625 0.4125
1.475 0.4125
1.4875 0.4125
1.5 0.4125
1.5125 0.4125
1.525 0.4125
1.5375 0.4125
1.55 0.4125
1.5625 0.4125
1.575 0.4125
1.5875 0.4125
1.6 0.4125
1.6125 0.4125
1.625 0.4125
1.6375 0.4125
1.65 0.4125
1.6625 0.4125
1.675 0.4125
1.6875 0.4125
1.7 0.4125
1.7125 0.4125
1.725 0.4125
1.7375 0.4125
1.75 0.4125
1.7625 0.4125
1.775 0.4125
1.7875 0.4125
1.8 0.4125
1.8125 0.4125
1.825 0.4125
1.8375 0.4125
1.85 0.4125
1.8625 0.4125
1.875 0.4125
1.8875 0.4125
1.9 0.4125
1.9125 0.4125
1.925 0.4125
1.9375 0.4125
1.95 0.4125
1.9625 0.4125
1.975 0.4125
1.9875 0.4125
2 0.4125
0 0.425
0.0125 0.425
0.025 0.425
0.0375 0.425
0.05 0.425
0.0625 0.425
0.075 0.425
0.0875 0.425
0.1 0.425
0.1125 0.425
0.125 0.425
0.1375 0.425
0.15 0.425
0.1625 0.425
0.175 0.425
0.1875 0.425
0.2 0.425
0.2125 0.425
0.225 0.425
0.2375 0.425
0.25 0.425
0.2625 0.425
0.275 0.425
0.2875 0.425
0.3 0.425
0.3125 0.425
0.325 0.425
0.3375 0.425
0.35 0.425
0.3625 0.425
0.375 0.425
0.3875 0.425
0.4 0.425
0.4125 0.425
0.425 0.425
0.4375 0.425
0.45 0.425
0.4625 0.425
0.475 0.425
0.4875 0.425
0.5 0.425
0.5125 0.425
0.525 0.425
0.5375 0.425
0.55 0.425
0.5625 0.425
0.575 0.425
0.5875 0.425
0.6 0.425
0.6125 0.425
0.625 0.425
0.6375 0.425
0.65 0.425
0.6625 0.425
0.675 0.425
0.6875 0.425
0.7 0.425
0.7125 0.425
0.725 0.425
0.7375 0.425
0.75 0.425
0.7625 0.425
0.775 0.425
0.7875 0.425
0.8 0.425
0.8125 0.425
0.825 0.425
0.8375 0.425
0.85 0.425
0.8625 0.425
0.875 0.425
0.8875 0.425
0.9 0.425
0.9125 0.425
0.925 0.425
0.9375 0.425
0.95 0.425
0.9625 0.425
0.975 0.425
0.9875 0.425
1 0.425
1.0125 0.425
1.025 0.425
1.0375 0.425
1.05 0.425
1.0625 0.425
1.075 0.425
1.0875 0.425
1.1 0.425
1.1125 0.425
1.125 0.425
1.1375 0.425
1.15 0.425
1.1625 0.425
1.175 0.425
1.1875 0.425
1.2 0.425
1.2125 0.425
1.225 0.425
1.2375 0.425
1.25 0.425
1.2625 0.425
1.275 0.425
1.2875 0.425
1.3 0.425
1.3125 0.425
1.325 0.425
1.3375 0.425
1.35 0.425
1.3625 0.425
1.375 0.425
1.3875 0.425
1.4 0.425
1.4125 0.425
1.425 0.425
1.4375 0.425
1.45 0.425
1.4625 0.425
1.475 0.425
1.4875 0.425
1.5 0.425
1.5125 0.425
1.525 0.425
1.5375 0.425
1.55 0.425
1.5625 0.425
1.575 0.425
1.5875 0.425
1.6 0.425
1.6125 0.425
1.625 0.425
1.6375 0.425
1.65 0.425
1.6625 0.425
1.675 0.425
1.6875 0.425
1.7 0.425
1.7125 0.425
1.725 0.425
1.7375 0.425
1.75 0.425
1.7625 0.425
1.775 0.425
1.7875 0.425
1.8 0.425
1.8125 0.425
1.825 0.425
1.8375 0.425
1.85 0.425
1.8625 0.425
1.875 0.425
1.8875 0.425
1.9 0.425
1.9125 0.425
1.925 0.425
1.9375 0.425
1.95 0.425
1.9625 0.425
1.975 0.425
1.9875 0.425
2 0.425
0 0.4375
0.0125 0.4375
0.025 0.4375
0.0375 0.4375
0.05 0.4375
0.0625 0.4375
0.075 0.4375
0.0875 0.4375
0.1 0.4375
0.1125 0.4375
0.125 0.4375
0.1375 0.4375
0.15 0.4375
0.1625 0.4375
0.175 0.4375
0.1875 0.4375
0.2 0.4375
0.2125 0.4375
0.225 0.4375
0.2375 0.4375
0.25 0.4375
0.2625 0.4375
0.275 0.4375
0.2875 0.4375
0.3 0.4375
0.3125 0.4375
0.325 0.4375
0.3375 0.4375
0.35 0.4375
0.3625 0.4375
0.375 0.4375
0.3875 0.4375
0.4 0.4375
0.4125 0.4375
0.425 0.4375
0.4375 0.4375
0.45 0.4375
0.4625 0.4375
0.475 0.4375
0.4875 0.4375
0.5 0.4375
0.5125 0.4375
0.525 0.4375
0.5375 0.4375
0.55 0.4375
0.5625 0.4375
0.575 0.4375
0.5875 0.4375
0.6 0.4375
0.6125 0.4375
0.625 0.4375
0.6375 0.4375
0.65 0.4375
0.6625 0.4375
0.675 0.4375
0.6875 0.4375
0.7 0.4375
0.7125 0.4375
0.725 0.4375
0.7375 0.4375
0.75 0.4375
0.7625 0.4375
0.775 0.4375
0.7875 0.4375
0.8 0.4375
0.8125 0.4375
0.825 0.4375
0.8375 0.4375
0.85 0.4375
0.8625 0.4375
0.875 0.4375
0.8875 0.4375
0.9 0.4375
0.9125 0.4375
0.925 0.4375
0.9375 0.4375
0.95 0.4375
0.9625 0.4375
0.975 0.4375
0.9875 0.4375
1 0.4375
1.0125 0.4375
1.025 0.4375
1.0375 0.4375
1.05 0.4375
1.0625 0.4375
1.075 0.4375
1.0875 0.4375
1.1 0.4375
1.1125 0.4375
1.125 0.4375
1.1375 0.4375
1.15 0.4375
1.1625 0.4375
1.175 0.4375
1.1875 0.4375
1.2 0.4375
1.2125 0.4375
1.225 0.4375
1.2375 0.4375
1.25 0.4375
1.2625 0.4375
1.275 0.4375
1.2875 0.4375
1.3 0.4375
1.3125 0.4375
1.325 0.4375
1.3375 0.4375
1.35 0.4375
1.3625 0.4375
1.375 0.4375
1.3875 0.4375
1.4 0.4375
1.4125 0.4375
1.425 0.4375
1.4375 0.4375
1.45 0.4375
1.4625 0.4375
1.475 0.4375
1.4875 0.4375
1.5 0.4375
1.5125 0.4375
1.525 0.4375
1.5375 0.4375
1.55 0.4375
1.5625 0.4375
1.575 0.4375
1.5875 0.4375
1.6 0.4375
1.6125 0.4375
1.625 0.4375
1.6375 0.4375
1.65 0.4375
1.6625 0.4375
1.675 0.4375
1.6875 0.4375
1.7 0.4375
1.7125 0.4375
1.725 0.4375
1.7375 0.4375
1.75 0.4375
1.7625 0.4375
1.775 0.4375
1.7875 0.4375
1.8 0.4375
1.8125 0.4375
1.825 0.4375
1.8375 0.4375
1.85 0.4375
1.8625 0.4375
1.875 0.4375
1.8875 0.4375
1.9 0.4375
1.9125 0.4375
1.925 0.4375
1.9375 0.4375
1.95 0.4375
1.9625 0.4375
1.975 0.4375
1.9875 0.4375
2 0.4375
0 0.45
0.0125 0.45
0.025 0.45
0.0375 0.45
0.05 0.45
0.0625 0.45
0.075 0.45
0.0875 0.45
0.1 0.45
0.1125 0.45
0.125 0.45
0.1375 0.45
0.15 0.45
0.1625 0.45
0.175 0.45
0.1875 0.45
0.2 0.45
0.2125 0.45
0.225 0.45
0.2375 0.45
0.25 0.45
0.2625 0.45
0.275 0.45
0.2875 0.45
0.3 0.45
0.3125 0.45
0.325 0.45
0.3375 0.45
0.35 0.45
0.3625 0.45
0.375 0.45
0.3875 0.45
0.4 0.45
0.4125 0.45
0.425 0.45
0.4375 0.45
0.45 0.45
0.4625 0.45
0.475 0.45
0.4875 0.45
0.5 0.45
0.5125 0.45
0.525 0.45
0.5375 0.45
0.55 0.45
0.5625 0.45
0.575 0.45
0.5875 0.45
0.6 0.45
0.6125 0.45
0.625 0.45
0.6375 0.45
0.65 0.45
0.6625 0.45
0.675 0.45
0.6875 0.45
0.7 0.45
0.7125 0.45
0.725 0.45
0.7375 0.45
0.75 0.45
0.7625 0.45
0.775 0.45
0.7875 0.45
0.8 0.45
0.8125 0.45
0.825 0.45
0.8375 0.45
0.85 0.45
0.8625 0.45
0.875 0.45
0.8875 0.45
0.9 0.45
0.9125 0.45
0.925 0.45
0.9375 0.45
0.95 0.45
0.9625 0.45
0.975 0.45
0.9875 0.45
1 0.45
1.0125 0.45
1.025 0.45
1.0375 0.45
1.05 0.45
1.0625 0.45
1.075 0.45
1.0875 0.45
1.1 0.45
1.1125 0.45
1.125 0.45
1.1375 0.45
1.15 0.45
1.1625 0.45
1.175 0.45
1.1875 0.45
1.2 0.45
1.2125 0.45
1.225 0.45
1.2375 0.45
1.25 0.45
1.2625 0.45
1.275 0.45
1.2875 0.45
1.3 0.45
1.3125 0.45
1.325 0.45
1.3375 0.45
1.35 0.45
1.3625 0.45
1.375 0.45
1.3875 0.45
1.4 0.45
1.4125 0.45
1.425 0.45
1.4375 0.45
1.45 0.45
1.4625 0.45
1.475 0.45
1.4875 0.45
1.5 0.45
1.5125 0.45
1.525 0.45
1.5375 0.45
1.55 0.45
1.5625 0.45
1.575 0.45
1.5875 0.45
1.6 0.45
1.6125 0.45
1.625 0.45
1.6375 0.45
1.65 0.45
1.6625 0.45
1.675 0.45
1.6875 0.45
1.7 0.45
1.7125 0.45
1.725 0.45
1.7375 0.45
1.75 0.45
1.7625 0.45
1.775 0.45
1.7875 0.45
1.8 0.45
1.8125 0.45
1.825 0.45
1.8375 0.45
1.85 0.45
1.8625 0.45
1.875 0.45
1.8875 0.45
1.9 0.45
1.9125 0.45
1.925 0.45
1.9375 0.45
1.95 0.45
1.9625 0.45
1.975 0.45
1.9875 0.45
2 0.45
0 0.4625
0.0125 0.4625
0.025 0.4625
0.0375 0.4625
0.05 0.4625
0.0625 0.4625
0.075 0.4625
0.0875 0.4625
0.1 0.4625
0.1125 0.4625
0.125 0.4625
0.1375 0.4625
0.15 0.4625
0.1625 0.4625
0.175 0.4625
0.1875 0.4625
0.2 0.4625
0.2125 0.4625
0.225 0.4625
0.2375 0.4625
0.25 0.4625
0.2625 0.4625
0.275 0.4625
0.2875 0.4625
0.3 0.4625
0.3125 0.4625
0.325 0.4625
0.3375 0.4625
0.35 0.4625
0.3625 0.4625
0.375 0.4625
0.3875 0.4625
0.4 0.4625
0.4125 0.4625
0.425 0.4625
0.4375 0.4625
0.45 0.4625
0.4625 0.4625
0.475 0.4625
0.4875 0.4625
0.5 0.4625
0.5125 0.4625
0.525 0.4625
0.5375 0.4625
0.55 0.4625
0.5625 0.4625
0.575 0.4625
0.5875 0.4625
0.6 0.4625
0.6125 0.4625
0.625 0.4625
0.6375 0.4625
0.65 0.4625
0.6625 0.4625
0.675 0.4625
0.6875 0.4625
0.7 0.4625
0.7125 0.4625
0.725 0.4625
0.7375 0.4625
0.75 0.4625
0.7625 0.4625
0.775 0.4625
0.7875 0.4625
0.8 0.4625
0.8125 0.4625
0.825 0.4625
0.8375 0.4625
0.85 0.4625
0.8625 0.4625
0.875 0.4625
0.8875 0.4625
0.9 0.4625
0.9125 0.4625
0.925 0.4625
0.9375 0.4625
0.95 0.4625
0.9625 0.4625
0.975 0.4625
0.9875 0.4625
1 0.4625
1.0125 0.4625
1.025 0.4625
1.0375 0.4625
1.05 0.4625
1.0625 0.4625
1.075 0.4625
1.0875 0.4625
1.1 0.4625
1.1125 0.4625
1.125 0.4625
1.1375 0.4625
1.15 0.4625
1.1625 0.4625
1.175 0.4625
1.1875 0.4625
1.2 0.4625
1.2125 0.4625
1.225 0.4625
1.2375 0.4625
1.25 0.4625
1.2625 0.4625
1.275 0.4625
1.2875 0.4625
1.3 0.4625
1.3125 0.4625
1.325 0.4625
1.3375 0.4625
1.35 0.4625
1.3625 0.4625
1.375 0.4625
1.3875 0.4625
1.4 0.4625
1.4125 0.4625
1.425 0.4625
1.4375 0.4625
1.45 0.4625
1.4625 0.4625
1.475 0.4625
1.4875 0.4625
1.5 0.4625
1.5125 0.4625
1.525 0.4625
1.5375 0.4625
1.55 0.4625
1.5625 0.4625
1.575 0.4625
1.5875 0.4625
1.6 0.4625
1.6125 0.4625
1.625 0.4625
1.6375 0.4625
1.65 0.4625
1.6625 0.4625
1.675 0.4625
1.6875 0.4625
1.7 0.4625
1.7125 0.4625
1.725 0.4625
1.7375 0.4625
1.75 0.4625
1.7625 0.4625
1.775 0.4625
1.7875 0.4625
1.8 0.4625
1.8125 0.4625
1.825 0.4625
1.8375 0.4625
1.85 0.4625
1.8625 0.4625
1.875 0.4625
1.8875 0.4625
1.9 0.4625
1.9125 0.4625
1.925 0.4625
1.9375 0.4625
1.95 0.4625
1.9625 0.4625
1.975 0.4625
1.9875 0.4625
2 0.4625
0 0.475
0.0125 0.475
0.025 0.475
0.0375 0.475
0.05 0.475
0.0625 0.475
0.075 0.475
0.0875 0.475
0.1 0.475
0.1125 0.475
0.125 0.475
0.1375 0.475
0.15 0.475
0.1625 0.475
0.175 0.475
0.1875 0.475
0.2 0.475
0.2125 0.475
0.225 0.475
0.2375 0.475
0.25 0.475
0.2625 0.475
0.275 0.475
0.2875 0.475
0.3 0.475
0.3125 0.475
0.325 0.475
0.3375 0.475
0.35 0.475
0.3625 0.475
0.375 0.475
0.3875 0.475
0.4 0.475
0.4125 0.475
0.425 0.475
0.4375 0.475
0.45 0.475
0.4625 0.475
0.475 0.475
0.4875 0.475
0.5 0.475
0.5125 0.475
0.525 0.475
0.5375 0.475
0.55 0.475
0.5625 0.475
0.575 0.475
0.5875 0.475
0.6 0.475
0.6125 0.475
0.625 0.475
0.6375 0.475
0.65 0.475
0.6625 0.475
0.675 0.475
0.6875 0.475
0.7 0.475
0.7125 0.475
0.725 0.475
0.7375 0.475
0.75 0.475
0.7625 0.475
0.775 0.475
0.7875 0.475
0.8 0.475
0.8125 0.475
0.825 0.475
0.8375 0.475
0.85 0.475
0.8625 0.475
0.875 0.475
0.8875 0.475
0.9 0.475
0.9125 0.475
0.925 0.475
0.9375 0.475
0.95 0.475
0.9625 0.475
0.975 0.475
0.9875 0.475
1 0.475
1.0125 0.475
1.025 0.475
1.0375 0.475
1.05 0.475
1.0625 0.475
1.075 0.475
1.0875 0.475
1.1 0.475
1.1125 0.475
1.125 0.475
1.1375 0.475
1.15 0.475
1.1625 0.475
1.175 0.475
1.1875 0.475
1.2 0.475
1.2125 0.475
1.225 0.475
1.2375 0.475
1.25 0.475
1.2625 0.475
1.275 0.475
1.2875 0.475
1.3 0.475
1.3125 0.475
1.325 0.475
1.3375 0.475
1.35 0.475
1.3625 0.475
1.375 0.475
1.3875 0.475
1.4 0.475
1.4125 0.475
1.425 0.475
1.4375 0.475
1.45 0.475
1.4625 0.475
1.475 0.475
1.4875 0.475
1.5 0.475
1.5125 0.475
1.525 0.475
1.5375 0.475
1.55 0.475
1.5625 0.475
1.575 0.475
1.5875 0.475
1.6 0.475
1.6125 0.475
1.625 0.475
1.6375 0.475
1.65 0.475
1.6625 0.475
1.675 0.475
1.6875 0.475
1.7 0.475
1.7125 0.475
1.725 0.475
1.7375 0.475
1.75 0.475
1.7625 0.475
1.775 0.475
1.7875 0.475
1.8 0.475
1.8125 0.475
1.825 0.475
1.8375 0.475
1.85 0.475
1.8625 0.475
1.875 0.475
1.8875 0.475
1.9 0.475
1.9125 0.475
1.925 0.475
1.9375 0.475
1.95 0.475
1.9625 0.475
1.975 0.475
1.9875 0.475
2 0.475
0 0.4875
0.0125 0.4875
0.025 0.4875
0.0375 0.4875
0.05 0.4875
0.0625 0.4875
0.075 0.4875
0.0875 0.4875
0.1 0.4875
0.1125 0.4875
0.125 0.4875
0.1375 0.4875
0.15 0.4875
0.1625 0.4875
0.175 0.4875
0.1875 0.4875
0.2 0.4875
0.2125 0.4875
0.225 0.4875
0.2375 0.4875
0.25 0.4875
0.2625 0.4875
0.275 0.4875
0.2875 0.4875
0.3 0.4875
0.3125 0.4875
0.325 0.4875
0.3375 0.4875
0.35 0.4875
0.3625 0.4875
0.375 0.4875
0.3875 0.4875
0.4 0.4875
0.4125 0.4875
0.425 0.4875
0.4375 0.4875
0.45 0.4875
0.4625 0.4875
0.475 0.4875
0.4875 0.4875
0.5 0.4875
0.5125 0.4875
0.525 0.4875
0.5375 0.4875
0.55 0.4875
0.5625 0.4875
0.575 0.4875
0.5875 0.4875
0.6 0.4875
0.6125 0.4875
0.625 0.4875
0.6375 0.4875
0.65 0.4875
0.6625 0.4875
0.675 0.4875
0.6875 0.4875
0.7 0.4875
0.7125 0.4875
0.725 0.4875
0.7375 0.4875
0.75 0.4875
0.7625 0.4875
0.775 0.4875
0.7875 0.4875
0.8 0.4875
0.8125 0.4875
0.825 0.4875
0.8375 0.4875
0.85 0.4875
0.8625 0.4875
0.875 0.4875
0.8875 0.4875
0.9 0.4875
0.9125 0.4875
0.925 0.4875
0.9375 0.4875
0.95 0.4875
0.9625 0.4875
0.975 0.4875
0.9875 0.4875
1 0.4875
1.0125 0.4875
1.025 0.4875
1.0375 0.4875
1.05 0.4875
1.0625 0.4875
1.075 0.4875
1.0875 0.4875
1.1 0.4875
1.1125 0.4875
1.125 0.4875
1.1375 0.4875
1.15 0.4875
1.1625 0.4875
1.175 0.4875
1.1875 0.4875
1.2 0.4875
1.2125 0.4875
1.225 0.4875
1.2375 0.4875
1.25 0.4875
1.2625 0.4875
1.275 0.4875
1.2875 0.4875
1.3 0.4875
1.3125 0.4875
1.325 0.4875
1.3375 0.4875
1.35 0.4875
1.3625 0.4875
1.375 0.4875
1.3875 0.4875
1.4 0.4875
1.4125 0.4875
1.425 0.4875
1.4375 0.4875
1.45 0.4875
1.4625 0.4875
1.475 0.4875
1.4875 0.4875
1.5 0.4875
1.5125 0.4875
1.525 0.4875
1.5375 0.4875
1.55 0.4875
1.5625 0.4875
1.575 0.4875
1.5875 0.4875
1.6 0.4875
1.6125 0.4875
1.625 0.4875
1.6375 0.4875
1.65 0.4875
1.6625 0.4875
1.675 0.4875
1.6875 0.4875
1.7 0.4875
1.7125 0.4875
1.725 0.4875
1.7375 0.4875
1.75 0.4875
1.7625 0.4875
1.775 0.4875
1.7875 0.4875
1.8 0.4875
1.8125 0.4875
1.825 0.4875
1.8375 0.4875
1.85 0.4875
1.8625 0.4875
1.875 0.4875
1.8875 0.4875
1.9 0.4875
1.9125 0.4875
1.925 0.4875
1.9375 0.4875
1.95 0.4875
1.9625 0.4875
1.975 0.4875
1.9875 0.4875
2 0.4875
0 0.5
0.0125 0.5
0.025 0.5
0.0375 0.5
0.05 0.5
0.0625 0.5
0.075 0.5
0.0875 0.5
0.1 0.5
0.1125 0.5
0.125 0.5
0.1375 0.5
0.15 0.5
0.1625 0.5
0.175 0.5
0.1875 0.5
0.2 0.5
0.2125 0.5
0.225 0.5
0.2375 0.5
0.25 0.5
0.2625 0.5
0.275 0.5
0.2875 0.5
0.3 0.5
0.3125 0.5
0.325 0.5
0.3375 0.5
0.35 0.5
0.3625 0.5
0.375 0.5
0.3875 0.5
0.4 0.5
0.4125 0.5
0.425 0.5
0.4375 0.5
0.45 0.5
0.4625 0.5
0.475 0.5
0.4875 0.5
0.5 0.5
0.5125 0.5
0.525 0.5
0.5375 0.5
0.55 0.5
0.5625 0.5
0.575 0.5
0.5875 0.5
0.6 0.5
0.6125 0.5
0.625 0.5
0.6375 0.5
0.65 0.5
0.6625 0.5
0.675 0.5
0.6875 0.5
0.7 0.5
0.7125 0.5
0.725 0.5
0.7375 0.5
0.75 0.5
0.7625 0.5
0.775 0.5
0.7875 0.5
0.8 0.5
0.8125 0.5
0.825 0.5
0.8375 0.5
0.85 0.5
0.8625 0.5
0.875 0.5
0.8875 0.5
0.9 0.5
0.9125 0.5
0.925 0.5
0.9375 0.5
0.95 0.5
0.9625 0.5
0.975 0.5
0.9875 0.5
1 0.5
1.0125 0.5
1.025 0.5
1.0375 0.5
1.05 0.5
1.0625 0.5
1.075 0.5
1.0875 0.5
1.1 0.5
1.1125 0.5
1.125 0.5
1.1375 0.5
1.15 0.5
1.1625 0.5
1.175 0.5
1.1875 0.5
1.2 0.5
1.2125 0.5
1.225 0.5
1.2375 0.5
1.25 0.5
1.2625 0.5
1.275 0.5
1.2875 0.5
1.3 0.5
1.3125 0.5
1.325 0.5
1.3375 0.5
1.35 0.5
1.3625 0.5
1.375 0.5
1.3875 0.5
1.4 0.5
1.4125 0.5
1.425 0.5
1.4375 0.5
1.45 0.5
1.4625 0.5
1.475 0.5
1.4875 0.5
1.5 0.5
1.5125 0.5
1.525 0.5
1.5375 0.5
1.55 0.5
1.5625 0.5
1.575 0.5
1.5875 0.5
1.6 0.5
1.6125 0.5
1.625 0.5
1.6375 0.5
1.65 0.5
1.6625 0.5
1.675 0.5
1.6875 0.5
1.7 0.5
1.7125 0.5
1.725 0.5
1.7375 0.5
1.75 0.5
1.7625 0.5
1.775 0.5
1.7875 0.5
1.8 0.5
1.8125 0.5
1.825 0.5
1.8375 0.5
1.85 0.5
1.8625 0.5
1.875 0.5
1.8875 0.5
1.9 0.5
1.9125 0.5
1.925 0.5
1.9375 0.5
1.95 0.5
1.9625 0.5
1.975 0.5
1.9875 0.5
2 0.5
0 0.5125
0.0125 0.5125
0.025 0.5125
0.0375 0.5125
0.05 0.5125
0.0625 0.5125
0.075 0.5125
0.0875 0.5125
0.1 0.5125
0.1125 0.5125
0.125 0.5125
0.1375 0.5125
0.15 0.5125
0.1625 0.5125
0.175 0.5125
0.1875 0.5125
0.2 0.5125
0.2125 0.5125
0.225 0.5125
0.2375 0.5125
0.25 0.5125
0.2625 0.5125
0.275 0.5125
0.2875 0.5125
0.3 0.5125
0.3125 0.5125
0.325 0.5125
0.3375 0.5125
0.35 0.5125
0.3625 0.5125
0.375 0.5125
0.3875 0.5125
0.4 0.5125
0.4125 0.5125
0.425 0.5125
0.4375 0.5125
0.45 0.5125
0.4625 0.5125
0.475 0.5125
0.4875 0.5125
0.5 0.5125
0.5125 0.5125
0.525 0.5125
0.5375 0.5125
0.55 0.5125
0.5625 0.5125
0.575 0.5125
0.5875 0.5125
0.6 0.5125
0.6125 0.5125
0.625 0.5125
0.6375 0.5125
0.65 0.5125
0.6625 0.5125
0.675 0.5125
0.6875 0.5125
0.7 0.5125
0.7125 0.5125
0.725 0.5125
0.7375 0.5125
0.75 0.5125
0.7625 0.5125
0.775 0.5125
0.7875 0.5125
0.8 0.5125
0.8125 0.5125
0.825 0.5125
0.8375 0.5125
0.85 0.5125
0.8625 0.5125
0.875 0.5125
0.8875 0.5125
0.9 0.5125
0.9125 0.5125
0.925 0.5125
0.9375 0.5125
0.95 0.5125
0.9625 0.5125
0.975 0.5125
0.9875 0.5125
1 0.5125
1.0125 0.5125
1.025 0.5125
1.0375 0.5125
1.05 0.5125
1.0625 0.5125
1.075 0.5125
1.0875 0.5125
1.1 0.5125
1.1125 0.5125
1.125 0.5125
1.1375 0.5125
1.15 0.5125
1.1625 0.5125
1.175 0.5125
1.1875 0.5125
1.2 0.5125
1.2125 0.5125
1.225 0.5125
1.2375 0.5125
1.25 0.5125
1.2625 0.5125
1.275 0.5125
1.2875 0.5125
1.3 0.5125
1.3125 0.5125
1.325 0.5125
1.3375 0.5125
1.35 0.5125
1.3625 0.5125
1.375 0.5125
1.3875 0.5125
1.4 0.5125
1.4125 0.5125
1.425 0.5125
1.4375 0.5125
1.45 0.5125
1.4625 0.5125
1.475 0.5125
1.4875 0.5125
1.5 0.5125
1.5125 0.5125
1.525 0.5125
1.5375 0.5125
1.55 0.5125
1.5625 0.5125
1.575 0.5125
1.5875 0.5125
1.6 0.5125
1.6125 0.5125
1.625 0.5125
1.6375 0.5125
1.65 0.5125
1.6625 0.5125
1.675 0.5125
1.6875 0.5125
1.7 0.5125
1.7125 0.5125
1.725 0.5125
1.7375 0.5125
1.75 0.5125
1.7625 0.5125
1.775 0.5125
1.7875 0.5125
1.8 0.5125
1.8125 0.5125
1.825 0.5125
1.8375 0.5125
1.85 0.5125
1.8625 0.5125
1.875 0.5125
1.8875 0.5125
1.9 0.5125
1.9125 0.5125
1.925 0.5125
1.9375 0.5125
1.95 0.5125
1.9625 0.5125
1.975 0.5125
1.9875 0.5125
2 0.5125
0 0.525
0.0125 0.525
0.025 0.525
0.0375 0.525
0.05 0.525
0.0625 0.525
0.075 0.525
0.0875 0.525
0.1 0.525
0.1125 0.525
0.125 0.525
0.1375 0.525
0.15 0.525
0.1625 0.525
0.175 0.525
0.1875 0.525
0.2 0.525
0.2125 0.525
0.225 0.525
0.2375 0.525
0.25 0.525
0.2625 0.525
0.275 0.525
0.2875 0.525
0.3 0.525
0.3125 0.525
0.325 0.525
0.3375 0.525
0.35 0.525
0.3625 0.525
0.375 0.525
0.3875 0.525
0.4 0.525
0.4125 0.525
0.425 0.525
0.4375 0.525
0.45 0.525
0.4625 0.525
0.475 0.525
0.4875 0.525
0.5 0.525
0.5125 0.525
0.525 0.525
0.5375 0.525
0.55 0.525
0.5625 0.525
0.575 0.525
0.5875 0.525
0.6 0.525
0.6125 0.525
0.625 0.525
0.6375 0.525
0.65 0.525
0.6625 0.525
0.675 0.525
0.6875 0.525
0.7 0.525
0.7125 0.525
0.725 0.525
0.7375 0.525
0.75 0.525
0.7625 0.525
0.775 0.525
0.7875 0.525
0.8 0.525
0.8125 0.525
0.825 0.525
0.8375 0.525
0.85 0.525
0.8625 0.525
0.875 0.525
0.8875 0.525
0.9 0.525
0.9125 0.525
0.925 0.525
0.9375 0.525
0.95 0.525
0.9625 0.525
0.975 0.525
0.9875 0.525
1 0.525
1.0125 0.525
1.025 0.525
1.0375 0.525
1.05 0.525
1.0625 0.525
1.075 0.525
1.0875 0.525
1.1 0.525
1.1125 0.525
1.125 0.525
1.1375 0.525
1.15 0.525
1.1625 0.525
1.175 0.525
1.1875 0.525
1.2 0.525
1.2125 0.525
1.225 0.525
1.2375 0.525
1.25 0.525
1.2625 0.525
1.275 0.525
1.2875 0.525
1.3 0.525
1.3125 0.525
1.325 0.525
1.3375 0.525
1.35 0.525
1.3625 0.525
1.375 0.525
1.3875 0.525
1.4 0.525
1.4125 0.525
1.425 0.525
1.4375 0.525
1.45 0.525
1.4625 0.525
1.475 0.525
1.4875 0.525
1.5 0.525
1.5125 0.525
1.525 0.525
1.5375 0.525
1.55 0.525
1.5625 0.525
1.575 0.525
1.5875 0.525
1.6 0.525
1.6125 0.525
1.625 0.525
1.6375 0.525
1.65 0.525
1.6625 0.525
1.675 0.525
1.6875 0.525
1.7 0.525
1.7125 0.525
1.725 0.525
1.7375 0.525
1.75 0.525
1.7625 0.525
1.775 0.525
1.7875 0.525
1.8 0.525
1.8125 0.525
1.825 0.525
1.8375 0.525
1.85 0.525
1.8625 0.525
1.875 0.525
1.8875 0.525
1.9 0.525
1.9125 0.525
1.925 0.525
1.9375 0.525
1.95 0.525
1.9625 0.525
1.975 0.525
1.9875 0.525
2 0.525
0 0.5375
0.0125 0.5375
0.025 0.5375
0.0375 0.5375
0.05 0.5375
0.0625 0.5375
0.075 0.5375
0.0875 0.5375
0.1 0.5375
0.1125 0.5375
0.125 0.5375
0.1375 0.5375
0.15 0.5375
0.1625 0.5375
0.175 0.5375
0.1875 0.5375
0.2 0.5375
0.2125 0.5375
0.225 0.5375
0.2375 0.5375
0.25 0.5375
0.2625 0.5375
0.275 0.5375
0.2875 0.5375
0.3 0.5375
0.3125 0.5375
0.325 0.5375
0.3375 0.5375
0.35 0.5375
0.3625 0.5375
0.375 0.5375
0.3875 0.5375
0.4 0.5375
0.4125 0.5375
0.425 0.5375
0.4375 0.5375
0.45 0.5375
0.4625 0.5375
0.475 0.5375
0.4875 0.5375
0.5 0.5375
0.5125 0.5375
0.525 0.5375
0.5375 0.5375
0.55 0.5375
0.5625 0.5375
0.575 0.5375
0.5875 0.5375
0.6 0.5375
0.6125 0.5375
0.625 0.5375
0.6375 0.5375
0.65 0.5375
0.6625 0.5375
0.675 0.5375
0.6875 0.5375
0.7 0.5375
0.7125 0.5375
0.725 0.5375
0.7375 0.5375
0.75 0.5375
0.7625 0.5375
0.775 0.5375
0.7875 0.5375
0.8 0.5375
0.8125 0.5375
0.825 0.5375
0.8375 0.5375
0.85 0.5375
0.8625 0.5375
0.875 0.5375
0.8875 0.5375
0.9 0.5375
0.9125 0.5375
0.925 0.5375
0.9375 0.5375
0.95 0.5375
0.9625 0.5375
0.975 0.5375
0.9875 0.5375
1 0.5375
1.0125 0.5375
1.025 0.5375
1.0375 0.5375
1.05 0.5375
1.0625 0.5375
1.075 0.5375
1.0875 0.5375
1.1 0.5375
1.1125 0.5375
1.125 0.5375
1.1375 0.5375
1.15 0.5375
1.1625 0.5375
1.175 0.5375
1.1875 0.5375
1.2 0.5375
1.2125 0.5375
1.225 0.5375
1.2375 0.5375
1.25 0.5375
1.2625 0.5375
1.275 0.5375
1.2875 0.5375
1.3 0.5375
1.3125 0.5375
1.325 0.5375
1.3375 0.5375
1.35 0.5375
1.3625 0.5375
1.375 0.5375
1.3875 0.5375
1.4 0.5375
1.4125 0.5375
1.425 0.5375
1.4375 0.5375
1.45 0.5375
1.4625 0.5375
1.475 0.5375
1.4875 0.5375
1.5 0.5375
1.5125 0.5375
1.525 0.5375
1.5375 0.5375
1.55 0.5375
1.5625 0.5375
1.575 0.5375
1.5875 0.5375
1.6 0.5375
1.6125 0.5375
1.625 0.5375
1.6375 0.5375
1.65 0.5375
1.6625 0.5375
1.675 0.5375
1.6875 0.5375
1.7 0.5375
1.7125 0.5375
1.725 0.5375
1.7375 0.5375
1.75 0.5375
1.7625 0.5375
1.775 0.5375
1.7875 0.5375
1.8 0.5375
1.8125 0.5375
1.825 0.5375
1.8375 0.5375
1.85 0.5375
1.8625 0.5375
1.875 0.5375
1.8875 0.5375
1.9 0.5375
1.9125 0.5375
1.925 0.5375
1.9375 0.5375
1.95 0.5375
1.9625 0.5375
1.975 0.5375
1.9875 0.5375
2 0.5375
0 0.55
0.0125 0.55
0.025 0.55
0.0375 0.55
0.05 0.55
0.0625 0.55
0.075 0.55
0.0875 0.55
0.1 0.55
0.1125 0.55
0.125 0.55
0.1375 0.55
0.15 0.55
0.1625 0.55
0.175 0.55
0.1875 0.55
0.2 0.55
0.2125 0.55
0.225 0.55
0.2375 0.55
0.25 0.55
0.2625 0.55
0.275 0.55
0.2875 0.55
0.3 0.55
0.3125 0.55
0.325 0.55
0.3375 0.55
0.35 0.55
0.3625 0.55
0.375 0.55
0.3875 0.55
0.4 0.55
0.4125 0.55
0.425 0.55
0.4375 0.55
0.45 0.55
0.4625 0.55
0.475 0.55
0.4875 0.55
0.5 0.55
0.5125 0.55
0.525 0.55
0.5375 0.55
0.55 0.55
0.5625 0.55
0.575 0.55
0.5875 0.55
0.6 0.55
0.6125 0.55
0.625 0.55
0.6375 0.55
0.65 0.55
0.6625 0.55
0.675 0.55
0.6875 0.55
0.7 0.55
0.7125 0.55
0.725 0.55
0.7375 0.55
0.75 0.55
0.7625 0.55
0.775 0.55
0.7875 0.55
0.8 0.55
0.8125 0.55
0.825 0.55
0.8375 0.55
0.85 0.55
0.8625 0.55
0.875 0.55
0.8875 0.55
0.9 0.55
0.9125 0.55
0.925 0.55
0.9375 0.55
0.95 0.55
0.9625 0.55
0.975 0.55
0.9875 0.55
1 0.55
1.0125 0.55
1.025 0.55
1.0375 0.55
1.05 0.55
1.0625 0.55
1.075 0.55
1.0875 0.55
1.1 0.55
1.1125 0.55
1.125 0.55
1.1375 0.55
1.15 0.55
1.1625 0.55
1.175 0.55
1.1875 0.55
1.2 0.55
1.2125 0.55
1.225 0.55
1.2375 0.55
1.25 0.55
1.2625 0.55
1.275 0.55
1.2875 0.55
1.3 0.55
1.3125 0.55
1.325 0.55
1.3375 0.55
1.35 0.55
1.3625 0.55
1.375 0.55
1.3875 0.55
1.4 0.55
1.4125 0.55
1.425 0.55
1.4375 0.55
1.45 0.55
1.4625 0.55
1.475 0.55
1.4875 0.55
1.5 0.55
1.5125 0.55
1.525 0.55
1.5375 0.55
1.55 0.55
1.5625 0.55
1.575 0.55
1.5875 0.55
1.6 0.55
1.6125 0.55
1.625 0.55
1.6375 0.55
1.65 0.55
1.6625 0.55
1.675 0.55
1.6875 0.55
1.7 0.55
1.7125 0.55
1.725 0.55
1.7375 0.55
1.75 0.55
1.7625 0.55
1.775 0.55
1.7875 0.55
1.8 0.55
1.8125 0.55
1.825 0.55
1.8375 0.55
1.85 0.55
1.8625 0.55
1.875 0.55
1.8875 0.55
1.9 0.55
1.9125 0.55
1.925 0.55
1.9375 0.55
1.95 0.55
1.9625 0.55
1.975 0.55
1.9875 0.55
2 0.55
0 0.5625
0.0125 0.5625
0.025 0.5625
0.0375 0.5625
0.05 0.5625
0.0625 0.5625
0.075 0.5625
0.0875 0.5625
0.1 0.5625
0.1125 0.5625
0.125 0.5625
0.1375 0.5625
0.15 0.5625
0.1625 0.5625
0.175 0.5625
0.1875 0.5625
0.2 0.5625
0.2125 0.5625
0.225 0.5625
0.2375 0.5625
0.25 0.5625
0.2625 0.5625
0.275 0.5625
0.2875 0.5625
0.3 0.5625
0.3125 0.5625
0.325 0.5625
0.3375 0.5625
0.35 0.5625
0.3625 0.5625
0.375 0.5625
0.3875 0.5625
0.4 0.5625
0.4125 0.5625
0.425 0.5625
0.4375 0.5625
0.45 0.5625
0.4625 0.5625
0.475 0.5625
0.4875 0.5625
0.5 0.5625
0.5125 0.5625
0.525 0.5625
0.5375 0.5625
0.55 0.5625
0.5625 0.5625
0.575 0.5625
0.5875 0.5625
0.6 0.5625
0.6125 0.5625
0.625 0.5625
0.6375 0.5625
0.65 0.5625
0.6625 0.5625
0.675 0.5625
0.6875 0.5625
0.7 0.5625
0.7125 0.5625
0.725 0.5625
0.7375 0.5625
0.75 0.5625
0.7625 0.5625
0.775 0.5625
0.7875 0.5625
0.8 0.5625
0.8125 0.5625
0.825 0.5625
0.8375 0.5625
0.85 0.5625
0.8625 0.5625
0.875 0.5625
0.8875 0.5625
0.9 0.5625
0.9125 0.5625
0.925 0.5625
0.9375 0.5625
0.95 0.5625
0.9625 0.5625
0.975 0.5625
0.9875 0.5625
1 0.5625
1.0125 0.5625
1.025 0.5625
1.0375 0.5625
1.05 0.5625
1.0625 0.5625
1.075 0.5625
1.0875 0.5625
1.1 0.5625
1.1125 0.5625
1.125 0.5625
1.1375 0.5625
1.15 0.5625
1.1625 0.5625
1.175 0.5625
1.1875 0.5625
1.2 0.5625
1.2125 0.5625
1.225 0.5625
1.2375 0.5625
1.25 0.5625
1.2625 0.5625
1.275 0.5625
1.2875 0.5625
1.3 0.5625
1.3125 0.5625
1.325 0.5625
1.3375 0.5625
1.35 0.5625
1.3625 0.5625
1.375 0.5625
1.3875 0.5625
1.4 0.5625
1.4125 0.5625
1.425 0.5625
1.4375 0.5625
1.45 0.5625
1.4625 0.5625
1.475 0.5625
1.4875 0.5625
1.5 0.5625
1.5125 0.5625
1.525 0.5625
1.5375 0.5625
1.55 0.5625
1.5625 0.5625
1.575 0.5625
1.5875 0.5625
1.6 0.5625
1.6125 0.5625
1.625 0.5625
1.6375 0.5625
1.65 0.5625
1.6625 0.5625
1.675 0.5625
1.6875 0.5625
1.7 0.5625
1.7125 0.5625
1.725 0.5625
1.7375 0.5625
1.75 0.5625
1.7625 0.5625
1.775 0.5625
1.7875 0.5625
1.8 0.5625
1.8125 0.5625
1.825 0.5625
1.8375 0.5625
1.85 0.5625
1.8625 0.5625
1.875 0.5625
1.8875 0.5625
1.9 0.5625
1.9125 0.5625
1.925 0.5625
1.9375 0.5625
1.95 0.5625
1.9625 0.5625
1.975 0.5625
1.9875 0.5625
2 0.5625
0 0.575
0.0125 0.575
0.025 0.575
0.0375 0.575
0.05 0.575
0.0625 0.575
0.075 0.575
0.0875 0.575
0.1 0.575
0.1125 0.575
0.125 0.575
0.1375 0.575
0.15 0.575
0.1625 0.575
0.175 0.575
0.1875 0.575
0.2 0.575
0.2125 0.575
0.225 0.575
0.2375 0.575
0.25 0.575
0.2625 0.575
0.275 0.575
0.2875 0.575
0.3 0.575
0.3125 0.575
0.325 0.575
0.3375 0.575
0.35 0.575
0.3625 0.575
0.375 0.575
0.3875 0.575
0.4 0.575
0.4125 0.575
0.425 0.575
0.4375 0.575
0.45 0.575
0.4625 0.575
0.475 0.575
0.4875 0.575
0.5 0.575
0.5125 0.575
0.525 0.575
0.5375 0.575
0.55 0.575
0.5625 0.575
0.575 0.575
0.5875 0.575
0.6 0.575
0.6125 0.575
0.625 0.575
0.6375 0.575
0.65 0.575
0.6625 0.575
0.675 0.575
0.6875 0.575
0.7 0.575
0.7125 0.575
0.725 0.575
0.7375 0.575
0.75 0.575
0.7625 0.575
0.775 0.575
0.7875 0.575
0.8 0.575
0.8125 0.575
0.825 0.575
0.8375 0.575
0.85 0.575
0.8625 0.575
0.875 0.575
0.8875 0.575
0.9 0.575
0.9125 0.575
0.925 0.575
0.9375 0.575
0.95 0.575
0.9625 0.575
0.975 0.575
0.9875 0.575
1 0.575
1.0125 0.575
1.025 0.575
1.0375 0.575
1.05 0.575
1.0625 0.575
1.075 0.575
1.0875 0.575
1.1 0.575
1.1125 0.575
1.125 0.575
1.1375 0.575
1.15 0.575
1.1625 0.575
1.175 0.575
1.1875 0.575
1.2 0.575
1.2125 0.575
1.225 0.575
1.2375 0.575
1.25 0.575
1.2625 0.575
1.275 0.575
1.2875 0.575
1.3 0.575
1.3125 0.575
1.325 0.575
1.3375 0.575
1.35 0.575
1.3625 0.575
1.375 0.575
1.3875 0.575
1.4 0.575
1.4125 0.575
1.425 0.575
1.4375 0.575
1.45 0.575
1.4625 0.575
1.475 0.575
1.4875 0.575
1.5 0.575
1.5125 0.575
1.525 0.575
1.5375 0.575
1.55 0.575
1.5625 0.575
1.575 0.575
1.5875 0.575
1.6 0.575
1.6125 0.575
1.625 0.575
1.6375 0.575
1.65 0.575
1.6625 0.575
1.675 0.575
1.6875 0.575
1.7 0.575
1.7125 0.575
1.725 0.575
1.7375 0.575
1.75 0.575
1.7625 0.575
1.775 0.575
1.7875 0.575
1.8 0.575
1.8125 0.575
1.825 0.575
1.8375 0.575
1.85 0.575
1.8625 0.575
1.875 0.575
1.8875 0.575
1.9 0.575
1.9125 0.575
1.925 0.575
1.9375 0.575
1.95 0.575
1.9625 0.575
1.975 0.575
1.9875 0.575
2 0.575
0 0.5875
0.0125 0.5875
0.025 0.5875
0.0375 0.5875
0.05 0.5875
0.0625 0.5875
0.075 0.5875
0.0875 0.5875
0.1 0.5875
0.1125 0.5875
0.125 0.5875
0.1375 0.5875
0.15 0.5875
0.1625 0.5875
0.175 0.5875
0.1875 0.5875
0.2 0.5875
0.2125 0.5875
0.225 0.5875
0.2375 0.5875
0.25 0.5875
0.2625 0.5875
0.275 0.5875
0.2875 0.5875
0.3 0.5875
0.3125 0.5875
0.325 0.5875
0.3375 0.5875
0.35 0.5875
0.3625 0.5875
0.375 0.5875
0.3875 0.5875
0.4 0.5875
0.4125 0.5875
0.425 0.5875
0.4375 0.5875
0.45 0.5875
0.4625 0.5875
0.475 0.5875
0.4875 0.5875
0.5 0.5875
0.5125 0.5875
0.525 0.5875
0.5375 0.5875
0.55 0.5875
0.5625 0.5875
0.575 0.5875
0.5875 0.5875
0.6 0.5875
0.6125 0.5875
0.625 0.5875
0.6375 0.5875
0.65 0.5875
0.6625 0.5875
0.675 0.5875
0.6875 0.5875
0.7 0.5875
0.7125 0.5875
0.725 0.5875
0.7375 0.5875
0.75 0.5875
0.7625 0.5875
0.775 0.5875
0.7875 0.5875
0.8 0.5875
0.8125 0.5875
0.825 0.5875
0.8375 0.5875
0.85 0.5875
0.8625 0.5875
0.875 0.5875
0.8875 0.5875
0.9 0.5875
0.9125 0.5875
0.925 0.5875
0.9375 0.5875
0.95 0.5875
0.9625 0.5875
0.975 0.5875
0.9875 0.5875
1 0.5875
1.0125 0.5875
1.025 0.5875
1.0375 0.5875
1.05 0.5875
1.0625 0.5875
1.075 0.5875
1.0875 0.5875
1.1 0.5875
1.1125 0.5875
1.125 0.5875
1.1375 0.5875
1.15 0.5875
1.1625 0.5875
1.175 0.5875
1.1875 0.5875
1.2 0.5875
1.2125 0.5875
1.225 0.5875
1.2375 0.5875
1.25 0.5875
1.2625 0.5875
1.275 0.5875
1.2875 0.5875
1.3 0.5875
1.3125 0.5875
1.325 0.5875
1.3375 0.5875
1.35 0.5875
1.3625 0.5875
1.375 0.5875
1.3875 0.5875
1.4 0.5875
1.4125 0.5875
1.425 0.5875
1.4375 0.5875
1.45 0.5875
1.4625 0.5875
1.475 0.5875
1.4875 0.5875
1.5 0.5875
1.5125 0.5875
1.525 0.5875
1.5375 0.5875
1.55 0.5875
1.5625 0.5875
1.575 0.5875
1.5875 0.5875
1.6 0.5875
1.6125 0.5875
1.625 0.5875
1.6375 0.5875
1.65 0.5875
1.6625 0.5875
1.675 0.5875
1.6875 0.5875
1.7 0.5875
1.7125 0.5875
1.725 0.5875
1.7375 0.5875
1.75 0.5875
1.7625 0.5875
1.775 0.5875
1.7875 0.5875
1.8 0.5875
1.8125 0.5875
1.825 0.5875
1.8375 0.5875
1.85 0.5875
1.8625 0.5875
1.875 0.5875
1.8875 0.5875
1.9 0.5875
1.9125 0.5875
1.925 0.5875
1.9375 0.5875
1.95 0.5875
1.9625 0.5875
1.975 0.5875
1.9875 0.5875
2 0.5875
0 0.6
0.0125 0.6
0.025 0.6
0.0375 0.6
0.05 0.6
0.0625 0.6
0.075 0.6
0.0875 0.6
0.1 0.6
0.1125 0.6
0.125 0.6
0.1375 0.6
0.15 0.6
0.1625 0.6
0.175 0.6
0.1875 0.6
0.2 0.6
0.2125 0.6
0.225 0.6
0.2375 0.6
0.25 0.6
0.2625 0.6
0.275 0.6
0.2875 0.6
0.3 0.6
0.3125 0.6
0.325 0.6
0.3375 0.6
0.35 0.6
0.3625 0.6
0.375 0.6
0.3875 0.6
0.4 0.6
0.4125 0.6
0.425 0.6
0.4375 0.6
0.45 0.6
0.4625 0.6
0.475 0.6
0.4875 0.6
0.5 0.6
0.5125 0.6
0.525 0.6
0.5375 0.6
0.55 0.6
0.5625 0.6
0.575 0.6
0.5875 0.6
0.6 0.6
0.6125 0.6
0.625 0.6
0.6375 0.6
0.65 0.6
0.6625 0.6
0.675 0.6
0.6875 0.6
0.7 0.6
0.7125 0.6
0.725 0.6
0.7375 0.6
0.75 0.6
0.7625 0.6
0.775 0.6
0.7875 0.6
0.8 0.6
0.8125 0.6
0.825 0.6
0.8375 0.6
0.85 0.6
0.8625 0.6
0.875 0.6
0.8875 0.6
0.9 0.6
0.9125 0.6
0.925 0.6
0.9375 0.6
0.95 0.6
0.9625 0.6
0.975 0.6
0.9875 0.6
1 0.6
1.0125 0.6
1.025 0.6
1.0375 0.6
1.05 0.6
1.0625 0.6
1.075 0.6
1.0875 0.6
1.1 0.6
1.1125 0.6
1.125 0.6
1.1375 0.6
1.15 0.6
1.1625 0.6
1.175 0.6
1.1875 0.6
1.2 0.6
1.2125 0.6
1.225 0.6
1.2375 0.6
1.25 0.6
1.2625 0.6
1.275 0.6
1.2875 0.6
1.3 0.6
1.3125 0.6
1.325 0.6
1.3375 0.6
1.35 0.6
1.3625 0.6
1.375 0.6
1.3875 0.6
1.4 0.6
1.4125 0.6
1.425 0.6
1.4375 0.6
1.45 0.6
1.4625 0.6
1.475 0.6
1.4875 0.6
1.5 0.6
1.5125 0.6
1.525 0.6
1.5375 0.6
1.55 0.6
1.5625 0.6
1.575 0.6
1.5875 0.6
1.6 0.6
1.6125 0.6
1.625 0.6
1.6375 0.6
1.65 0.6
1.6625 0.6
1.675 0.6
1.6875 0.6
1.7 0.6
1.7125 0.6
1.725 0.6
1.7375 0.6
1.75 0.6
1.7625 0.6
1.775 0.6
1.7875 0.6
1.8 0.6
1.8125 0.6
1.825 0.6
1.8375 0.6
1.85 0.6
1.8625 0.6
1.875 0.6
1.8875 0.6
1.9 0.6
1.9125 0.6
1.925 0.6
1.9375 0.6
1.95 0.6
1.9625 0.6
1.975 0.6
1.9875 0.6
2 0.6
0 0.6125
0.0125 0.6125
0.025 0.6125
0.0375 0.6125
0.05 0.6125
0.0625 0.6125
0.075 0.6125
0.0875 0.6125
0.1 0.6125
0.1125 0.6125
0.125 0.6125
0.1375 0.6125
0.15 0.6125
0.1625 0.6125
0.175 0.6125
0.1875 0.6125
0.2 0.6125
0.2125 0.6125
0.225 0.6125
0.2375 0.6125
0.25 0.6125
0.2625 0.6125
0.275 0.6125
0.2875 0.6125
0.3 0.6125
0.3125 0.6125
0.325 0.6125
0.3375 0.6125
0.35 0.6125
0.3625 0.6125
0.375 0.6125
0.3875 0.6125
0.4 0.6125
0.4125 0.6125
0.425 0.6125
0.4375 0.6125
0.45 0.6125
0.4625 0.6125
0.475 0.6125
0.4875 0.6125
0.5 0.6125
0.5125 0.6125
0.525 0.6125
0.5375 0.6125
0.55 0.6125
0.5625 0.6125
0.575 0.6125
0.5875 0.6125
0.6 0.6125
0.6125 0.6125
0.625 0.6125
0.6375 0.6125
0.65 0.6125
0.6625 0.6125
0.675 0.6125
0.6875 0.6125
0.7 0.6125
0.7125 0.6125
0.725 0.6125
0.7375 0.6125
0.75 0.6125
0.7625 0.6125
0.775 0.6125
0.7875 0.6125
0.8 0.6125
0.8125 0.6125
0.825 0.6125
0.8375 0.6125
0.85 0.6125
0.8625 0.6125
0.875 0.6125
0.8875 0.6125
0.9 0.6125
0.9125 0.6125
0.925 0.6125
0.9375 0.6125
0.95 0.6125
0.9625 0.6125
0.975 0.6125
0.9875 0.6125
1 0.6125
1.0125 0.6125
1.025 0.6125
1.0375 0.6125
1.05 0.6125
1.0625 0.6125
1.075 0.6125
1.0875 0.6125
1.1 0.6125
1.1125 0.6125
1.125 0.6125
1.1375 0.6125
1.15 0.6125
1.1625 0.6125
1.175 0.6125
1.1875 0.6125
1.2 0.6125
1.2125 0.6125
1.225 0.6125
1.2375 0.6125
1.25 0.6125
1.2625 0.6125
1.275 0.6125
1.2875 0.6125
1.3 0.6125
1.3125 0.6125
1.325 0.6125
1.3375 0.6125
1.35 0.6125
1.3625 0.6125
1.375 0.6125
1.3875 0.6125
1.4 0.6125
1.4125 0.6125
1.425 0.6125
1.4375 0.6125
1.45 0.6125
1.4625 0.6125
1.475 0.6125
1.4875 0.6125
1.5 0.6125
1.5125 0.6125
1.525 0.6125
1.5375 0.6125
1.55 0.6125
1.5625 0.6125
1.575 0.6125
1.5875 0.6125
1.6 0.6125
1.6125 0.6125
1.625 0.6125
1.6375 0.6125
1.65 0.6125
1.6625 0.6125
1.675 0.6125
1.6875 0.6125
1.7 0.6125
1.7125 0.6125
1.725 0.6125
1.7375 0.6125
1.75 0.6125
1.7625 0.6125
1.775 0.6125
1.7875 0.6125
1.8 0.6125
1.8125 0.6125
1.825 0.6125
1.8375 0.6125
1.85 0.6125
1.8625 0.6125
1.875 0.6125
1.8875 0.6125
1.9 0.6125
1.9125 0.6125
1.925 0.6125
1.9375 0.6125
1.95 0.6125
1.9625 0.6125
1.975 0.6125
1.9875 0.6125
2 0.6125
0 0.625
0.0125 0.625
0.025 0.625
0.0375 0.625
0.05 0.625
0.0625 0.625
0.075 0.625
0.0875 0.625
0.1 0.625
0.1125 0.625
0.125 0.625
0.1375 0.625
0.15 0.625
0.1625 0.625
0.175 0.625
0.1875 0.625
0.2 0.625
0.2125 0.625
0.225 0.625
0.2375 0.625
0.25 0.625
0.2625 0.625
0.275 0.625
0.2875 0.625
0.3 0.625
0.3125 0.625
0.325 0.625
0.3375 0.625
0.35 0.625
0.3625 0.625
0.375 0.625
0.3875 0.625
0.4 0.625
0.4125 0.625
0.425 0.625
0.4375 0.625
0.45 0.625
0.4625 0.625
0.475 0.625
0.4875 0.625
0.5 0.625
0.5125 0.625
0.525 0.625
0.5375 0.625
0.55 0.625
0.5625 0.625
0.575 0.625
0.5875 0.625
0.6 0.625
0.6125 0.625
0.625 0.625
0.6375 0.625
0.65 0.625
0.6625 0.625
0.675 0.625
0.6875 0.625
0.7 0.625
0.7125 0.625
0.725 0.625
0.7375 0.625
0.75 0.625
0.7625 0.625
0.775 0.625
0.7875 0.625
0.8 0.625
0.8125 0.625
0.825 0.625
0.8375 0.625
0.85 0.625
0.8625 0.625
0.875 0.625
0.8875 0.625
0.9 0.625
0.9125 0.625
0.925 0.625
0.9375 0.625
0.95 0.625
0.9625 0.625
0.975 0.625
0.9875 0.625
1 0.625
1.0125 0.625
1.025 0.625
1.0375 0.625
1.05 0.625
1.0625 0.625
1.075 0.625
1.0875 0.625
1.1 0.625
1.1125 0.625
1.125 0.625
1.1375 0.625
1.15 0.625
1.1625 0.625
1.175 0.625
1.1875 0.625
1.2 0.625
1.2125 0.625
1.225 0.625
1.2375 0.625
1.25 0.625
1.2625 0.625
1.275 0.625
1.2875 0.625
1.3 0.625
1.3125 0.625
1.325 0.625
1.3375 0.625
1.35 0.625
1.3625 0.625
1.375 0.625
1.3875 0.625
1.4 0.625
1.4125 0.625
1.425 0.625
1.4375 0.625
1.45 0.625
1.4625 0.625
1.475 0.625
1.4875 0.625
1.5 0.625
1.5125 0.625
1.525 0.625
1.5375 0.625
1.55 0.625
1.5625 0.625
1.575 0.625
1.5875 0.625
1.6 0.625
1.6125 0.625
1.625 0.625
1.6375 0.625
1.65 0.625
1.6625 0.625
1.675 0.625
1.6875 0.625
1.7 0.625
1.7125 0.625
1.725 0.625
1.7375 0.625
1.75 0.625
1.7625 0.625
1.775 0.625
1.7875 0.625
1.8 0.625
1.8125 0.625
1.825 0.625
1.8375 0.625
1.85 0.625
1.8625 0.625
1.875 0.625
1.8875 0.625
1.9 0.625
1.9125 0.625
1.925 0.625
1.9375 0.625
1.95 0.625
1.9625 0.625
1.975 0.625
1.9875 0.625
2 0.625
0 0.6375
0.0125 0.6375
0.025 0.6375
0.0375 0.6375
0.05 0.6375
0.0625 0.6375
0.075 0.6375
0.0875 0.6375
0.1 0.6375
0.1125 0.6375
0.125 0.6375
0.1375 0.6375
0.15 0.6375
0.1625 0.6375
0.175 0.6375
0.1875 0.6375
0.2 0.6375
0.2125 0.6375
0.225 0.6375
0.2375 0.6375
0.25 0.6375
0.2625 0.6375
0.275 0.6375
0.2875 0.6375
0.3 0.6375
0.3125 0.6375
0.325 0.6375
0.3375 0.6375
0.35 0.6375
0.3625 0.6375
0.375 0.6375
0.3875 0.6375
0.4 0.6375
0.4125 0.6375
0.425 0.6375
0.4375 0.6375
0.45 0.6375
0.4625 0.6375
0.475 0.6375
0.4875 0.6375
0.5 0.6375
0.5125 0.6375
0.525 0.6375
0.5375 0.6375
0.55 0.6375
0.5625 0.6375
0.575 0.6375
0.5875 0.6375
0.6 0.6375
0.6125 0.6375
0.625 0.6375
0.6375 0.6375
0.65 0.6375
0.6625 0.6375
0.675 0.6375
0.6875 0.6375
0.7 0.6375
0.7125 0.6375
0.725 0.6375
0.7375 0.6375
0.75 0.6375
0.7625 0.6375
0.775 0.6375
0.7875 0.6375
0.8 0.6375
0.8125 0.6375
0.825 0.6375
0.8375 0.6375
0.85 0.6375
0.8625 0.6375
0.875 0.6375
0.8875 0.6375
0.9 0.6375
0.9125 0.6375
0.925 0.6375
0.9375 0.6375
0.95 0.6375
0.9625 0.6375
0.975 0.6375
0.9875 0.6375
1 0.6375
1.0125 0.6375
1.025 0.6375
1.0375 0.6375
1.05 0.6375
1.0625 0.6375
1.075 0.6375
1.0875 0.6375
1.1 0.6375
1.1125 0.6375
1.125 0.6375
1.1375 0.6375
1.15 0.6375
1.1625 0.6375
1.175 0.6375
1.1875 0.6375
1.2 0.6375
1.2125 0.6375
1.225 0.6375
1.2375 0.6375
1.25 0.6375
1.2625 0.6375
1.275 0.6375
1.2875 0.6375
1.3 0.6375
1.3125 0.6375
1.325 0.6375
1.3375 0.6375
1.35 0.6375
1.3625 0.6375
1.375 0.6375
1.3875 0.6375
1.4 0.6375
1.4125 0.6375
1.425 0.6375
1.4375 0.6375
1.45 0.6375
1.4625 0.6375
1.475 0.6375
1.4875 0.6375
1.5 0.6375
1.5125 0.6375
1.525 0.6375
1.5375 0.6375
1.55 0.6375
1.5625 0.6375
1.575 0.6375
1.5875 0.6375
1.6 0.6375
1.6125 0.6375
1.625 0.6375
1.6375 0.6375
1.65 0.6375
1.6625 0.6375
1.675 0.6375
1.6875 0.6375
1.7 0.6375
1.7125 0.6375
1.725 0.6375
1.7375 0.6375
1.75 0.6375
1.7625 0.6375
1.775 0.6375
1.7875 0.6375
1.8 0.6375
1.8125 0.6375
1.825 0.6375
1.8375 0.6375
1.85 0.6375
1.8625 0.6375
1.875 0.6375
1.8875 0.6375
1.9 0.6375
1.9125 0.6375
1.925 0.6375
1.9375 0.6375
1.95 0.6375
1.9625 0.6375
1.975 0.6375
1.9875 0.6375
2 0.6375
0 0.65
0.0125 0.65
0.025 0.65
0.0375 0.65
0.05 0.65
0.0625 0.65
0.075 0.65
0.0875 0.65
0.1 0.65
0.1125 0.65
0.125 0.65
0.1375 0.65
0.15 0.65
0.1625 0.65
0.175 0.65
0.1875 0.65
0.2 0.65
0.2125 0.65
0.225 0.65
0.2375 0.65
0.25 0.65
0.2625 0.65
0.275 0.65
0.2875 0.65
0.3 0.65
0.3125 0.65
0.325 0.65
0.3375 0.65
0.35 0.65
0.3625 0.65
0.375 0.65
0.3875 0.65
0.4 0.65
0.4125 0.65
0.425 0.65
0.4375 0.65
0.45 0.65
0.4625 0.65
0.475 0.65
0.4875 0.65
0.5 0.65
0.5125 0.65
0.525 0.65
0.5375 0.65
0.55 0.65
0.5625 0.65
0.575 0.65
0.5875 0.65
0.6 0.65
0.6125 0.65
0.625 0.65
0.6375 0.65
0.65 0.65
0.6625 0.65
0.675 0.65
0.6875 0.65
0.7 0.65
0.7125 0.65
0.725 0.65
0.7375 0.65
0.75 0.65
0.7625 0.65
0.775 0.65
0.7875 0.65
0.8 0.65
0.8125 0.65
0.825 0.65
0.8375 0.65
0.85 0.65
0.8625 0.65
0.875 0.65
0.8875 0.65
0.9 0.65
0.9125 0.65
0.925 0.65
0.9375 0.65
0.95 0.65
0.9625 0.65
0.975 0.65
0.9875 0.65
1 0.65
1.0125 0.65
1.025 0.65
1.0375 0.65
1.05 0.65
1.0625 0.65
1.075 0.65
1.0875 0.65
1.1 0.65
1.1125 0.65
1.125 0.65
1.1375 0.65
1.15 0.65
1.1625 0.65
1.175 0.65
1.1875 0.65
1.2 0.65
1.2125 0.65
1.225 0.65
1.2375 0.65
1.25 0.65
1.2625 0.65
1.275 0.65
1.2875 0.65
1.3 0.65
1.3125 0.65
1.325 0.65
1.3375 0.65
1.35 0.65
1.3625 0.65
1.375 0.65
1.3875 0.65
1.4 0.65
1.4125 0.65
1.425 0.65
1.4375 0.65
1.45 0.65
1.4625 0.65
1.475 0.65
1.4875 0.65
1.5 0.65
1.5125 0.65
1.525 0.65
1.5375 0.65
1.55 0.65
1.5625 0.65
1.575 0.65
1.5875 0.65
1.6 0.65
1.6125 0.65
1.625 0.65
1.6375 0.65
1.65 0.65
1.6625 0.65
1.675 0.65
1.6875 0.65
1.7 0.65
1.7125 0.65
1.725 0.65
1.7375 0.65
1.75 0.65
1.7625 0.65
1.775 0.65
1.7875 0.65
1.8 0.65
1.8125 0.65
1.825 0.65
1.8375 0.65
1.85 0.65
1.8625 0.65
1.875 0.65
1.8875 0.65
1.9 0.65
1.9125 0.65
1.925 0.65
1.9375 0.65
1.95 0.65
1.9625 0.65
1.975 0.65
1.9875 0.65
2 0.65
0 0.6625
0.0125 0.6625
0.025 0.6625
0.0375 0.6625
0.05 0.6625
0.0625 0.6625
0.075 0.6625
0.0875 0.6625
0.1 0.6625
0.1125 0.6625
0.125 0.6625
0.1375 0.6625
0.15 0.6625
0.1625 0.6625
0.175 0.6625
0.1875 0.6625
0.2 0.6625
0.2125 0.6625
0.225 0.6625
0.2375 0.6625
0.25 0.6625
0.2625 0.6625
0.275 0.6625
0.2875 0.6625
0.3 0.6625
0.3125 0.6625
0.325 0.6625
0.3375 0.6625
0.35 0.6625
0.3625 0.6625
0.375 0.6625
0.3875 0.6625
0.4 0.6625
0.4125 0.6625
0.425 0.6625
0.4375 0.6625
0.45 0.6625
0.4625 0.6625
0.475 0.6625
0.4875 0.6625
0.5 0.6625
0.5125 0.6625
0.525 0.6625
0.5375 0.6625
0.55 0.6625
0.5625 0.6625
0.575 0.6625
0.5875 0.6625
0.6 0.6625
0.6125 0.6625
0.625 0.6625
0.6375 0.6625
0.65 0.6625
0.6625 0.6625
0.675 0.6625
0.6875 0.6625
0.7 0.6625
0.7125 0.6625
0.725 0.6625
0.7375 0.6625
0.75 0.6625
0.7625 0.6625
0.775 0.6625
0.7875 0.6625
0.8 0.6625
0.8125 0.6625
0.825 0.6625
0.8375 0.6625
0.85 0.6625
0.8625 0.6625
0.875 0.6625
0.8875 0.6625
0.9 0.6625
0.9125 0.6625
0.925 0.6625
0.9375 0.6625
0.95 0.6625
0.9625 0.6625
0.975 0.6625
0.9875 0.6625
1 0.6625
1.0125 0.6625
1.025 0.6625
1.0375 0.6625
1.05 0.6625
1.0625 0.6625
1.075 0.6625
1.0875 0.6625
1.1 0.6625
1.1125 0.6625
1.125 0.6625
1.1375 0.6625
1.15 0.6625
1.1625 0.6625
1.175 0.6625
1.1875 0.6625
1.2 0.6625
1.2125 0.6625
1.225 0.6625
1.2375 0.6625
1.25 0.6625
1.2625 0.6625
1.275 0.6625
1.2875 0.6625
1.3 0.6625
1.3125 0.6625
1.325 0.6625
1.3375 0.6625
1.35 0.6625
1.3625 0.6625
1.375 0.6625
1.3875 0.6625
1.4 0.6625
1.4125 0.6625
1.425 0.6625
1.4375 0.6625
1.45 0.6625
1.4625 0.6625
1.475 0.6625
1.4875 0.6625
1.5 0.6625
1.5125 0.6625
1.525 0.6625
1.5375 0.6625
1.55 0.6625
1.5625 0.6625
1.575 0.6625
1.5875 0.6625
1.6 0.6625
1.6125 0.6625
1.625 0.6625
1.6375 0.6625
1.65 0.6625
1.6625 0.6625
1.675 0.6625
1.6875 0.6625
1.7 0.6625
1.7125 0.6625
1.725 0.6625
1.7375 0.6625
1.75 0.6625
1.7625 0.6625
1.775 0.6625
1.7875 0.6625
1.8 0.6625
1.8125 0.6625
1.825 0.6625
1.8375 0.6625
1.85 0.6625
1.8625 0.6625
1.875 0.6625
1.8875 0.6625
1.9 0.6625
1.9125 0.6625
1.925 0.6625
1.9375 0.6625
1.95 0.6625
1.9625 0.6625
1.975 0.6625
1.9875 0.6625
2 0.6625
0 0.675
0.0125 0.675
0.025 0.675
0.0375 0.675
0.05 0.675
0.0625 0.675
0.075 0.675
0.0875 0.675
0.1 0.675
0.1125 0.675
0.125 0.675
0.1375 0.675
0.15 0.675
0.1625 0.675
0.175 0.675
0.1875 0.675
0.2 0.675
0.2125 0.675
0.225 0.675
0.2375 0.675
0.25 0.675
0.2625 0.675
0.275 0.675
0.2875 0.675
0.3 0.675
0.3125 0.675
0.325 0.675
0.3375 0.675
0.35 0.675
0.3625 0.675
0.375 0.675
0.3875 0.675
0.4 0.675
0.4125 0.675
0.425 0.675
0.4375 0.675
0.45 0.675
0.4625 0.675
0.475 0.675
0.4875 0.675
0.5 0.675
0.5125 0.675
0.525 0.675
0.5375 0.675
0.55 0.675
0.5625 0.675
0.575 0.675
0.5875 0.675
0.6 0.675
0.6125 0.675
0.625 0.675
0.6375 0.675
0.65 0.675
0.6625 0.675
0.675 0.675
0.6875 0.675
0.7 0.675
0.7125 0.675
0.725 0.675
0.7375 0.675
0.75 0.675
0.7625 0.675
0.775 0.675
0.7875 0.675
0.8 0.675
0.8125 0.675
0.825 0.675
0.8375 0.675
0.85 0.675
0.8625 0.675
0.875 0.675
0.8875 0.675
0.9 0.675
0.9125 0.675
0.925 0.675
0.9375 0.675
0.95 0.675
0.9625 0.675
0.975 0.675
0.9875 0.675
1 0.675
1.0125 0.675
1.025 0.675
1.0375 0.675
1.05 0.675
1.0625 0.675
1.075 0.675
1.0875 0.675
1.1 0.675
1.1125 0.675
1.125 0.675
1.1375 0.675
1.15 0.675
1.1625 0.675
1.175 0.675
1.1875 0.675
1.2 0.675
1.2125 0.675
1.225 0.675
1.2375 0.675
1.25 0.675
1.2625 0.675
1.275 0.675
1.2875 0.675
1.3 0.675
1.3125 0.675
1.325 0.675
1.3375 0.675
1.35 0.675
1.3625 0.675
1.375 0.675
1.3875 0.675
1.4 0.675
1.4125 0.675
1.425 0.675
1.4375 0.675
1.45 0.675
1.4625 0.675
1.475 0.675
1.4875 0.675
1.5 0.675
1.5125 0.675
1.525 0.675
1.5375 0.675
1.55 0.675
1.5625 0.675
1.575 0.675
1.5875 0.675
1.6 0.675
1.6125 0.675
1.625 0.675
1.6375 0.675
1.65 0.675
1.6625 0.675
1.675 0.675
1.6875 0.675
1.7 0.675
1.7125 0.675
1.725 0.675
1.7375 0.675
1.75 0.675
1.7625 0.675
1.775 0.675
1.7875 0.675
1.8 0.675
1.8125 0.675
1.825 0.675
1.8375 0.675
1.85 0.675
1.8625 0.675
1.875 0.675
1.8875 0.675
1.9 0.675
1.9125 0.675
1.925 0.675
1.9375 0.675
1.95 0.675
1.9625 0.675
1.975 0.675
1.9875 0.675
2 0.675
0 0.6875
0.0125 0.6875
0.025 0.6875
0.0375 0.6875
0.05 0.6875
0.0625 0.6875
0.075 0.6875
0.0875 0.6875
0.1 0.6875
0.1125 0.6875
0.125 0.6875
0.1375 0.6875
0.15 0.6875
0.1625 0.6875
0.175 0.6875
0.1875 0.6875
0.2 0.6875
0.2125 0.6875
0.225 0.6875
0.2375 0.6875
0.25 0.6875
0.2625 0.6875
0.275 0.6875
0.2875 0.6875
0.3 0.6875
0.3125 0.6875
0.325 0.6875
0.3375 0.6875
0.35 0.6875
0.3625 0.6875
0.375 0.6875
0.3875 0.6875
0.4 0.6875
0.4125 0.6875
0.425 0.6875
0.4375 0.6875
0.45 0.6875
0.4625 0.6875
0.475 0.6875
0.4875 0.6875
0.5 0.6875
0.5125 0.6875
0.525 0.6875
0.5375 0.6875
0.55 0.6875
0.5625 0.6875
0.575 0.6875
0.5875 0.6875
0.6 0.6875
0.6125 0.6875
0.625 0.6875
0.6375 0.6875
0.65 0.6875
0.6625 0.6875
0.675 0.6875
0.6875 0.6875
0.7 0.6875
0.7125 0.6875
0.725 0.6875
0.7375 0.6875
0.75 0.6875
0.7625 0.6875
0.775 0.6875
0.7875 0.6875
0.8 0.6875
0.8125 0.6875
0.825 0.6875
0.8375 0.6875
0.85 0.6875
0.8625 0.6875
0.875 0.6875
0.8875 0.6875
0.9 0.6875
0.9125 0.6875
0.925 0.6875
0.9375 0.6875
0.95 0.6875
0.9625 0.6875
0.975 0.6875
0.9875 0.6875
1 0.6875
1.0125 0.6875
1.025 0.6875
1.0375 0.6875
1.05 0.6875
1.0625 0.6875
1.075 0.6875
1.0875 0.6875
1.1 0.6875
1.1125 0.6875
1.125 0.6875
1.1375 0.6875
1.15 0.6875
1.1625 0.6875
1.175 0.6875
1.1875 0.6875
1.2 0.6875
1.2125 0.6875
1.225 0.6875
1.2375 0.6875
1.25 0.6875
1.2625 0.6875
1.275 0.6875
1.2875 0.6875
1.3 0.6875
1.3125 0.6875
1.325 0.6875
1.3375 0.6875
1.35 0.6875
1.3625 0.6875
1.375 0.6875
1.3875 0.6875
1.4 0.6875
1.4125 0.6875
1.425 0.6875
1.4375 0.6875
1.45 0.6875
1.4625 0.6875
1.475 0.6875
1.4875 0.6875
1.5 0.6875
1.5125 0.6875
1.525 0.6875
1.5375 0.6875
1.55 0.6875
1.5625 0.6875
1.575 0.6875
1.5875 0.6875
1.6 0.6875
1.6125 0.6875
1.625 0.6875
1.6375 0.6875
1.65 0.6875
1.6625 0.6875
1.675 0.6875
1.6875 0.6875
1.7 0.6875
1.7125 0.6875
1.725 0.6875
1.7375 0.6875
1.75 0.6875
1.7625 0.6875
1.775 0.6875
1.7875 0.6875
1.8 0.6875
1.8125 0.6875
1.825 0.6875
1.8375 0.6875
1.85 0.6875
1.8625 0.6875
1.875 0.6875
1.8875 0.6875
1.9 0.6875
1.9125 0.6875
1.925 0.6875
1.9375 0.6875
1.95 0.6875
1.9625 0.6875
1.975 0.6875
1.9875 0.6875
2 0.6875
0 0.7
0.0125 0.7
0.025 0.7
0.0375 0.7
0.05 0.7
0.0625 0.7
0.075 0.7
0.0875 0.7
0.1 0.7
0.1125 0.7
0.125 0.7
0.1375 0.7
0.15 0.7
0.1625 0.7
0.175 0.7
0.1875 0.7
0.2 0.7
0.2125 0.7
0.225 0.7
0.2375 0.7
0.25 0.7
0.2625 0.7
0.275 0.7
0.2875 0.7
0.3 0.7
0.3125 0.7
0.325 0.7
0.3375 0.7
0.35 0.7
0.3625 0.7
0.375 0.7
0.3875 0.7
0.4 0.7
0.4125 0.7
0.425 0.7
0.4375 0.7
0.45 0.7
0.4625 0.7
0.475 0.7
0.4875 0.7
0.5 0.7
0.5125 0.7
0.525 0.7
0.5375 0.7
0.55 0.7
0.5625 0.7
0.575 0.7
0.5875 0.7
0.6 0.7
0.6125 0.7
0.625 0.7
0.6375 0.7
0.65 0.7
0.6625 0.7
0.675 0.7
0.6875 0.7
0.7 0.7
0.7125 0.7
0.725 0.7
0.7375 0.7
0.75 0.7
0.7625 0.7
0.775 0.7
0.7875 0.7
0.8 0.7
0.8125 0.7
0.825 0.7
0.8375 0.7
0.85 0.7
0.8625 0.7
0.875 0.7
0.8875 0.7
0.9 0.7
0.9125 0.7
0.925 0.7
0.9375 0.7
0.95 0.7
0.9625 0.7
0.975 0.7
0.9875 0.7
1 0.7
1.0125 0.7
1.025 0.7
1.0375 0.7
1.05 0.7
1.0625 0.7
1.075 0.7
1.0875 0.7
1.1 0.7
1.1125 0.7
1.125 0.7
1.1375 0.7
1.15 0.7
1.1625 0.7
1.175 0.7
1.1875 0.7
1.2 0.7
1.2125 0.7
1.225 0.7
1.2375 0.7
1.25 0.7
1.2625 0.7
1.275 0.7
1.2875 0.7
1.3 0.7
1.3125 0.7
1.325 0.7
1.3375 0.7
1.35 0.7
1.3625 0.7
1.375 0.7
1.3875 0.7
1.4 0.7
1.4125 0.7
1.425 0.7
1.4375 0.7
1.45 0.7
1.4625 0.7
1.475 0.7
1.4875 0.7
1.5 0.7
1.5125 0.7
1.525 0.7
1.5375 0.7
1.55 0.7
1.5625 0.7
1.575 0.7
1.5875 0.7
1.6 0.7
1.6125 0.7
1.625 0.7
1.6375 0.7
1.65 0.7
1.6625 0.7
1.675 0.7
1.6875 0.7
1.7 0.7
1.7125 0.7
1.725 0.7
1.7375 0.7
1.75 0.7
1.7625 0.7
1.775 0.7
1.7875 0.7
1.8 0.7
1.8125 0.7
1.825 0.7
1.8375 0.7
1.85 0.7
1.8625 0.7
1.875 0.7
1.8875 0.7
1.9 0.7
1.9125 0.7
1.925 0.7
1.9375 0.7
1.95 0.7
1.9625 0.7
1.975 0.7
1.9875 0.7
2 0.7
0 0.7125
0.0125 0.7125
0.025 0.7125
0.0375 0.7125
0.05 0.7125
0.0625 0.7125
0.075 0.7125
0.0875 0.7125
0.1 0.7125
0.1125 0.7125
0.125 0.7125
0.1375 0.7125
0.15 0.7125
0.1625 0.7125
0.175 0.7125
0.1875 0.7125
0.2 0.7125
0.2125 0.7125
0.225 0.7125
0.2375 0.7125
0.25 0.7125
0.2625 0.7125
0.275 0.7125
0.2875 0.7125
0.3 0.7125
0.3125 0.7125
0.325 0.7125
0.3375 0.7125
0.35 0.7125
0.3625 0.7125
0.375 0.7125
0.3875 0.7125
0.4 0.7125
0.4125 0.7125
0.425 0.7125
0.4375 0.7125
0.45 0.7125
0.4625 0.7125
0.475 0.7125
0.4875 0.7125
0.5 0.7125
0.5125 0.7125
0.525 0.7125
0.5375 0.7125
0.55 0.7125
0.5625 0.7125
0.575 0.7125
0.5875 0.7125
0.6 0.7125
0.6125 0.7125
0.625 0.7125
0.6375 0.7125
0.65 0.7125
0.6625 0.7125
0.675 0.7125
0.6875 0.7125
0.7 0.7125
0.7125 0.7125
0.725 0.7125
0.7375 0.7125
0.75 0.7125
0.7625 0.7125
0.775 0.7125
0.7875 0.7125
0.8 0.7125
0.8125 0.7125
0.825 0.7125
0.8375 0.7125
0.85 0.7125
0.8625 0.7125
0.875 0.7125
0.8875 0.7125
0.9 0.7125
0.9125 0.7125
0.925 0.7125
0.9375 0.7125
0.95 0.7125
0.9625 0.7125
0.975 0.7125
0.9875 0.7125
1 0.7125
1.0125 0.7125
1.025 0.7125
1.0375 0.7125
1.05 0.7125
1.0625 0.7125
1.075 0.7125
1.0875 0.7125
1.1 0.7125
1.1125 0.7125
1.125 0.7125
1.1375 0.7125
1.15 0.7125
1.1625 0.7125
1.175 0.7125
1.1875 0.7125
1.2 0.7125
1.2125 0.7125
1.225 0.7125
1.2375 0.7125
1.25 0.7125
1.2625 0.7125
1.275 0.7125
1.2875 0.7125
1.3 0.7125
1.3125 0.7125
1.325 0.7125
1.3375 0.7125
1.35 0.7125
1.3625 0.7125
1.375 0.7125
1.3875 0.7125
1.4 0.7125
1.4125 0.7125
1.425 0.7125
1.4375 0.7125
1.45 0.7125
1.4625 0.7125
1.475 0.7125
1.4875 0.7125
1.5 0.7125
1.5125 0.7125
1.525 0.7125
1.5375 0.7125
1.55 0.7125
1.5625 0.7125
1.575 0.7125
1.5875 0.7125
1.6 0.7125
1.6125 0.7125
1.625 0.7125
1.6375 0.7125
1.65 0.7125
1.6625 0.7125
1.675 0.7125
1.6875 0.7125
1.7 0.7125
1.7125 0.7125
1.725 0.7125
1.7375 0.7125
1.75 0.7125
1.7625 0.7125
1.775 0.7125
1.7875 0.7125
1.8 0.7125
1.8125 0.7125
1.825 0.7125
1.8375 0.7125
1.85 0.7125
1.8625 0.7125
1.875 0.7125
1.8875 0.7125
1.9 0.7125
1.9125 0.7125
1.925 0.7125
1.9375 0.7125
1.95 0.7125
1.9625 0.7125
1.975 0.7125
1.9875 0.7125
2 0.7125
0 0.725
0.0125 0.725
0.025 0.725
0.0375 0.725
0.05 0.725
0.0625 0.725
0.075 0.725
0.0875 0.725
0.1 0.725
0.1125 0.725
0.125 0.725
0.1375 0.725
0.15 0.725
0.1625 0.725
0.175 0.725
0.1875 0.725
0.2 0.725
0.2125 0.725
0.225 0.725
0.2375 0.725
0.25 0.725
0.2625 0.725
0.275 0.725
0.2875 0.725
0.3 0.725
0.3125 0.725
0.325 0.725
0.3375 0.725
0.35 0.725
0.3625 0.725
0.375 0.725
0.3875 0.725
0.4 0.725
0.4125 0.725
0.425 0.725
0.4375 0.725
0.45 0.725
0.4625 0.725
0.475 0.725
0.4875 0.725
0.5 0.725
0.5125 0.725
0.525 0.725
0.5375 0.725
0.55 0.725
0.5625 0.725
0.575 0.725
0.5875 0.725
0.6 0.725
0.6125 0.725
0.625 0.725
0.6375 0.725
0.65 0.725
0.6625 0.725
0.675 0.725
0.6875 0.725
0.7 0.725
0.7125 0.725
0.725 0.725
0.7375 0.725
0.75 0.725
0.7625 0.725
0.775 0.725
0.7875 0.725
0.8 0.725
0.8125 0.725
0.825 0.725
0.8375 0.725
0.85 0.725
0.8625 0.725
0.875 0.725
0.8875 0.725
0.9 0.725
0.9125 0.725
0.925 0.725
0.9375 0.725
0.95 0.725
0.9625 0.725
0.975 0.725
0.9875 0.725
1 0.725
1.0125 0.725
1.025 0.725
1.0375 0.725
1.05 0.725
1.0625 0.725
1.075 0.725
1.0875 0.725
1.1 0.725
1.1125 0.725
1.125 0.725
1.1375 0.725
1.15 0.725
1.1625 0.725
1.175 0.725
1.1875 0.725
1.2 0.725
1.2125 0.725
1.225 0.725
1.2375 0.725
1.25 0.725
1.2625 0.725
1.275 0.725
1.2875 0.725
1.3 0.725
1.3125 0.725
1.325 0.725
1.3375 0.725
1.35 0.725
1.3625 0.725
1.375 0.725
1.3875 0.725
1.4 0.725
1.4125 0.725
1.425 0.725
1.4375 0.725
1.45 0.725
1.4625 0.725
1.475 0.725
1.4875 0.725
1.5 0.725
1.5125 0.725
1.525 0.725
1.5375 0.725
1.55 0.725
1.5625 0.725
1.575 0.725
1.5875 0.725
1.6 0.725
1.6125 0.725
1.625 0.725
1.6375 0.725
1.65 0.725
1.6625 0.725
1.675 0.725
1.6875 0.725
1.7 0.725
1.7125 0.725
1.725 0.725
1.7375 0.725
1.75 0.725
1.7625 0.725
1.775 0.725
1.7875 0.725
1.8 0.725
1.8125 0.725
1.825 0.725
1.8375 0.725
1.85 0.725
1.8625 0.725
1.875 0.725
1.8875 0.725
1.9 0.725
1.9125 0.725
1.925 0.725
1.9375 0.725
1.95 0.725
1.9625 0.725
1.975 0.725
1.9875 0.725
2 0.725
0 0.7375
0.0125 0.7375
0.025 0.7375
0.0375 0.7375
0.05 0.7375
0.0625 0.7375
0.075 0.7375
0.0875 0.7375
0.1 0.7375
0.1125 0.7375
0.125 0.7375
0.1375 0.7375
0.15 0.7375
0.1625 0.7375
0.175 0.7375
0.1875 0.7375
0.2 0.7375
0.2125 0.7375
0.225 0.7375
0.2375 0.7375
0.25 0.7375
0.2625 0.7375
0.275 0.7375
0.2875 0.7375
0.3 0.7375
0.3125 0.7375
0.325 0.7375
0.3375 0.7375
0.35 0.7375
0.3625 0.7375
0.375 0.7375
0.3875 0.7375
0.4 0.7375
0.4125 0.7375
0.425 0.7375
0.4375 0.7375
0.45 0.7375
0.4625 0.7375
0.475 0.7375
0.4875 0.7375
0.5 0.7375
0.5125 0.7375
0.525 0.7375
0.5375 0.7375
0.55 0.7375
0.5625 0.7375
0.575 0.7375
0.5875 0.7375
0.6 0.7375
0.6125 0.7375
0.625 0.7375
0.6375 0.7375
0.65 0.7375
0.6625 0.7375
0.675 0.7375
0.6875 0.7375
0.7 0.7375
0.7125 0.7375
0.725 0.7375
0.7375 0.7375
0.75 0.7375
0.7625 0.7375
0.775 0.7375
0.7875 0.7375
0.8 0.7375
0.8125 0.7375
0.825 0.7375
0.8375 0.7375
0.85 0.7375
0.8625 0.7375
0.875 0.7375
0.8875 0.7375
0.9 0.7375
0.9125 0.7375
0.925 0.7375
0.9375 0.7375
0.95 0.7375
0.9625 0.7375
0.975 0.7375
0.9875 0.7375
1 0.7375
1.0125 0.7375
1.025 0.7375
1.0375 0.7375
1.05 0.7375
1.0625 0.7375
1.075 0.7375
1.0875 0.7375
1.1 0.7375
1.1125 0.7375
1.125 0.7375
1.1375 0.7375
1.15 0.7375
1.1625 0.7375
1.175 0.7375
1.1875 0.7375
1.2 0.7375
1.2125 0.7375
1.225 0.7375
1.2375 0.7375
1.25 0.7375
1.2625 0.7375
1.275 0.7375
1.2875 0.7375
1.3 0.7375
1.3125 0.7375
1.325 0.7375
1.3375 0.7375
1.35 0.7375
1.3625 0.7375
1.375 0.7375
1.3875 0.7375
1.4 0.7375
1.4125 0.7375
1.425 0.7375
1.4375 0.7375
1.45 0.7375
1.4625 0.7375
1.475 0.7375
1.4875 0.7375
1.5 0.7375
1.5125 0.7375
1.525 0.7375
1.5375 0.7375
1.55 0.7375
1.5625 0.7375
1.575 0.7375
1.5875 0.7375
1.6 0.7375
1.6125 0.7375
1.625 0.7375
1.6375 0.7375
1.65 0.7375
1.6625 0.7375
1.675 0.7375
1.6875 0.7375
1.7 0.7375
1.7125 0.7375
1.725 0.7375
1.7375 0.7375
1.75 0.7375
1.7625 0.7375
1.775 0.7375
1.7875 0.7375
1.8 0.7375
1.8125 0.7375
1.825 0.7375
1.8375 0.7375
1.85 0.7375
1.8625 0.7375
1.875 0.7375
1.8875 0.7375
1.9 0.7375
1.9125 0.7375
1.925 0.7375
1.9375 0.7375
1.95 0.7375
1.9625 0.7375
1.975 0.7375
1.9875 0.7375
2 0.7375
0 0.75
0.0125 0.75
0.025 0.75
0.0375 0.75
0.05 0.75
0.0625 0.75
0.075 0.75
0.0875 0.75
0.1 0.75
0.1125 0.75
0.125 0.75
0.1375 0.75
0.15 0.75
0.1625 0.75
0.175 0.75
0.1875 0.75
0.2 0.75
0.2125 0.75
0.225 0.75
0.2375 0.75
0.25 0.75
0.2625 0.75
0.275 0.75
0.2875 0.75
0.3 0.75
0.3125 0.75
0.325 0.75
0.3375 0.75
0.35 0.75
0.3625 0.75
0.375 0.75
0.3875 0.75
0.4 0.75
0.4125 0.75
0.425 0.75
0.4375 0.75
0.45 0.75
0.4625 0.75
0.475 0.75
0.4875 0.75
0.5 0.75
0.5125 0.75
0.525 0.75
0.5375 0.75
0.55 0.75
0.5625 0.75
0.575 0.75
0.5875 0.75
0.6 0.75
0.6125 0.75
0.625 0.75
0.6375 0.75
0.65 0.75
0.6625 0.75
0.675 0.75
0.6875 0.75
0.7 0.75
0.7125 0.75
0.725 0.75
0.7375 0.75
0.75 0.75
0.7625 0.75
0.775 0.75
0.7875 0.75
0.8 0.75
0.8125 0.75
0.825 0.75
0.8375 0.75
0.85 0.75
0.8625 0.75
0.875 0.75
0.8875 0.75
0.9 0.75
0.9125 0.75
0.925 0.75
0.9375 0.75
0.95 0.75
0.9625 0.75
0.975 0.75
0.9875 0.75
1 0.75
1.0125 0.75
1.025 0.75
1.0375 0.75
1.05 0.75
1.0625 0.75
1.075 0.75
1.0875 0.75
1.1 0.75
1.1125 0.75
1.125 0.75
1.1375 0.75
1.15 0.75
1.1625 0.75
1.175 0.75
1.1875 0.75
1.2 0.75
1.2125 0.75
1.225 0.75
1.2375 0.75
1.25 0.75
1.2625 0.75
1.275 0.75
1.2875 0.75
1.3 0.75
1.3125 0.75
1.325 0.75
1.3375 0.75
1.35 0.75
1.3625 0.75
1.375 0.75
1.3875 0.75
1.4 0.75
1.4125 0.75
1.425 0.75
1.4375 0.75
1.45 0.75
1.4625 0.75
1.475 0.75
1.4875 0.75
1.5 0.75
1.5125 0.75
1.525 0.75
1.5375 0.75
1.55 0.75
1.5625 0.75
1.575 0.75
1.5875 0.75
1.6 0.75
1.6125 0.75
1.625 0.75
1.6375 0.75
1.65 0.75
1.6625 0.75
1.675 0.75
1.6875 0.75
1.7 0.75
1.7125 0.75
1.725 0.75
1.7375 0.75
1.75 0.75
1.7625 0.75
1.775 0.75
1.7875 0.75
1.8 0.75
1.8125 0.75
1.825 0.75
1.8375 0.75
1.85 0.75
1.8625 0.75
1.875 0.75
1.8875 0.75
1.9 0.75
1.9125 0.75
1.925 0.75
1.9375 0.75
1.95 0.75
1.9625 0.75
1.975 0.75
1.9875 0.75
2 0.75
0 0.7625
0.0125 0.7625
0.025 0.7625
0.0375 0.7625
0.05 0.7625
0.0625 0.7625
0.075 0.7625
0.0875 0.7625
0.1 0.7625
0.1125 0.7625
0.125 0.7625
0.1375 0.7625
0.15 0.7625
0.1625 0.7625
0.175 0.7625
0.1875 0.7625
0.2 0.7625
0.2125 0.7625
0.225 0.7625
0.2375 0.7625
0.25 0.7625
0.2625 0.7625
0.275 0.7625
0.2875 0.7625
0.3 0.7625
0.3125 0.7625
0.325 0.7625
0.3375 0.7625
0.35 0.7625
0.3625 0.7625
0.375 0.7625
0.3875 0.7625
0.4 0.7625
0.4125 0.7625
0.425 0.7625
0.4375 0.7625
0.45 0.7625
0.4625 0.7625
0.475 0.7625
0.4875 0.7625
0.5 0.7625
0.5125 0.7625
0.525 0.7625
0.5375 0.7625
0.55 0.7625
0.5625 0.7625
0.575 0.7625
0.5875 0.7625
0.6 0.7625
0.6125 0.7625
0.625 0.7625
0.6375 0.7625
0.65 0.7625
0.6625 0.7625
0.675 0.7625
0.6875 0.7625
0.7 0.7625
0.7125 0.7625
0.725 0.7625
0.7375 0.7625
0.75 0.7625
0.7625 0.7625
0.775 0.7625
0.7875 0.7625
0.8 0.7625
0.8125 0.7625
0.825 0.7625
0.8375 0.7625
0.85 0.7625
0.8625 0.7625
0.875 0.7625
0.8875 0.7625
0.9 0.7625
0.9125 0.7625
0.925 0.7625
0.9375 0.7625
0.95 0.7625
0.9625 0.7625
0.975 0.7625
0.9875 0.7625
1 0.7625
1.0125 0.7625
1.025 0.7625
1.0375 0.7625
1.05 0.7625
1.0625 0.7625
1.075 0.7625
1.0875 0.7625
1.1 0.7625
1.1125 0.7625
1.125 0.7625
1.1375 0.7625
1.15 0.7625
1.1625 0.7625
1.175 0.7625
1.1875 0.7625
1.2 0.7625
1.2125 0.7625
1.225 0.7625
1.2375 0.7625
1.25 0.7625
1.2625 0.7625
1.275 0.7625
1.2875 0.7625
1.3 0.7625
1.3125 0.7625
1.325 0.7625
1.3375 0.7625
1.35 0.7625
1.3625 0.7625
1.375 0.7625
1.3875 0.7625
1.4 0.7625
1.4125 0.7625
1.425 0.7625
1.4375 0.7625
1.45 0.7625
1.4625 0.7625
1.475 0.7625
1.4875 0.7625
1.5 0.7625
1.5125 0.7625
1.525 0.7625
1.5375 0.7625
1.55 0.7625
1.5625 0.7625
1.575 0.7625
1.5875 0.7625
1.6 0.7625
1.6125 0.7625
1.625 0.7625
1.6375 0.7625
1.65 0.7625
1.6625 0.7625
1.675 0.7625
1.6875 0.7625
1.7 0.7625
1.7125 0.7625
1.725 0.7625
1.7375 0.7625
1.75 0.7625
1.7625 0.7625
1.775 0.7625
1.7875 0.7625
1.8 0.7625
1.8125 0.7625
1.825 0.7625
1.8375 0.7625
1.85 0.7625
1.8625 0.7625
1.875 0.7625
1.8875 0.7625
1.9 0.7625
1.9125 0.7625
1.925 0.7625
1.9375 0.7625
1.95 0.7625
1.9625 0.7625
1.975 0.7625
1.9875 0.7625
2 0.7625
0 0.775
0.0125 0.775
0.025 0.775
0.0375 0.775
0.05 0.775
0.0625 0.775
0.075 0.775
0.0875 0.775
0.1 0.775
0.1125 0.775
0.125 0.775
0.1375 0.775
0.15 0.775
0.1625 0.775
0.175 0.775
0.1875 0.775
0.2 0.775
0.2125 0.775
0.225 0.775
0.2375 0.775
0.25 0.775
0.2625 0.775
0.275 0.775
0.2875 0.775
0.3 0.775
0.3125 0.775
0.325 0.775
0.3375 0.775
0.35 0.775
0.3625 0.775
0.375 0.775
0.3875 0.775
0.4 0.775
0.4125 0.775
0.425 0.775
0.4375 0.775
0.45 0.775
0.4625 0.775
0.475 0.775
0.4875 0.775
0.5 0.775
0.5125 0.775
0.525 0.775
0.5375 0.775
0.55 0.775
0.5625 0.775
0.575 0.775
0.5875 0.775
0.6 0.775
0.6125 0.775
0.625 0.775
0.6375 0.775
0.65 0.775
0.6625 0.775
0.675 0.775
0.6875 0.775
0.7 0.775
0.7125 0.775
0.725 0.775
0.7375 0.775
0.75 0.775
0.7625 0.775
0.775 0.775
0.7875 0.775
0.8 0.775
0.8125 0.775
0.825 0.775
0.8375 0.775
0.85 0.775
0.8625 0.775
0.875 0.775
0.8875 0.775
0.9 0.775
0.9125 0.775
0.925 0.775
0.9375 0.775
0.95 0.775
0.9625 0.775
0.975 0.775
0.9875 0.775
1 0.775
1.0125 0.775
1.025 0.775
1.0375 0.775
1.05 0.775
1.0625 0.775
1.075 0.775
1.0875 0.775
1.1 0.775
1.1125 0.775
1.125 0.775
1.1375 0.775
1.15 0.775
1.1625 0.775
1.175 0.775
1.1875 0.775
1.2 0.775
1.2125 0.775
1.225 0.775
1.2375 0.775
1.25 0.775
1.2625 0.775
1.275 0.775
1.2875 0.775
1.3 0.775
1.3125 0.775
1.325 0.775
1.3375 0.775
1.35 0.775
1.3625 0.775
1.375 0.775
1.3875 0.775
1.4 0.775
1.4125 0.775
1.425 0.775
1.4375 0.775
1.45 0.775
1.4625 0.775
1.475 0.775
1.4875 0.775
1.5 0.775
1.5125 0.775
1.525 0.775
1.5375 0.775
1.55 0.775
1.5625 0.775
1.575 0.775
1.5875 0.775
1.6 0.775
1.6125 0.775
1.625 0.775
1.6375 0.775
1.65 0.775
1.6625 0.775
1.675 0.775
1.6875 0.775
1.7 0.775
1.7125 0.775
1.725 0.775
1.7375 0.775
1.75 0.775
1.7625 0.775
1.775 0.775
1.7875 0.775
1.8 0.775
1.8125 0.775
1.825 0.775
1.8375 0.775
1.85 0.775
1.8625 0.775
1.875 0.775
1.8875 0.775
1.9 0.775
1.9125 0.775
1.925 0.775
1.9375 0.775
1.95 0.775
1.9625 0.775
1.975 0.775
1.9875 0.775
2 0.775
0 0.7875
0.0125 0.7875
0.025 0.7875
0.0375 0.7875
0.05 0.7875
0.0625 0.7875
0.075 0.7875
0.0875 0.7875
0.1 0.7875
0.1125 0.7875
0.125 0.7875
0.1375 0.7875
0.15 0.7875
0.1625 0.7875
0.175 0.7875
0.1875 0.7875
0.2 0.7875
0.2125 0.7875
0.225 0.7875
0.2375 0.7875
0.25 0.7875
0.2625 0.7875
0.275 0.7875
0.2875 0.7875
0.3 0.7875
0.3125 0.7875
0.325 0.7875
0.3375 0.7875
0.35 0.7875
0.3625 0.7875
0.375 0.7875
0.3875 0.7875
0.4 0.7875
0.4125 0.7875
0.425 0.7875
0.4375 0.7875
0.45 0.7875
0.4625 0.7875
0.475 0.7875
0.4875 0.7875
0.5 0.7875
0.5125 0.7875
0.525 0.7875
0.5375 0.7875
0.55 0.7875
0.5625 0.7875
0.575 0.7875
0.5875 0.7875
0.6 0.7875
0.6125 0.7875
0.625 0.7875
0.6375 0.7875
0.65 0.7875
0.6625 0.7875
0.675 0.7875
0.6875 0.7875
0.7 0.7875
0.7125 0.7875
0.725 0.7875
0.7375 0.7875
0.75 0.7875
0.7625 0.7875
0.775 0.7875
0.7875 0.7875
0.8 0.7875
0.8125 0.7875
0.825 0.7875
0.8375 0.7875
0.85 0.7875
0.8625 0.7875
0.875 0.7875
0.8875 0.7875
0.9 0.7875
0.9125 0.7875
0.925 0.7875
0.9375 0.7875
0.95 0.7875
0.9625 0.7875
0.975 0.7875
0.9875 0.7875
1 0.7875
1.0125 0.7875
1.025 0.7875
1.0375 0.7875
1.05 0.7875
1.0625 0.7875
1.075 0.7875
1.0875 0.7875
1.1 0.7875
1.1125 0.7875
1.125 0.7875
1.1375 0.7875
1.15 0.7875
1.1625 0.7875
1.175 0.7875
1.1875 0.7875
1.2 0.7875
1.2125 0.7875
1.225 0.7875
1.2375 0.7875
1.25 0.7875
1.2625 0.7875
1.275 0.7875
1.2875 0.7875
1.3 0.7875
1.3125 0.7875
1.325 0.7875
1.3375 0.7875
1.35 0.7875
1.3625 0.7875
1.375 0.7875
1.3875 0.7875
1.4 0.7875
1.4125 0.7875
1.425 0.7875
1.4375 0.7875
1.45 0.7875
1.4625 0.7875
1.475 0.7875
1.4875 0.7875
1.5 0.7875
1.5125 0.7875
1.525 0.7875
1.5375 0.7875
1.55 0.7875
1.5625 0.7875
1.575 0.7875
1.5875 0.7875
1.6 0.7875
1.6125 0.7875
1.625 0.7875
1.6375 0.7875
1.65 0.7875
1.6625 0.7875
1.675 0.7875
1.6875 0.7875
1.7 0.7875
1.7125 0.7875
1.725 0.7875
1.7375 0.7875
1.75 0.7875
1.7625 0.7875
1.775 0.7875
1.7875 0.7875
1.8 0.7875
1.8125 0.7875
1.825 0.7875
1.8375 0.7875
1.85 0.7875
1.8625 0.7875
1.875 0.7875
1.8875 0.7875
1.9 0.7875
1.9125 0.7875
1.925 0.7875
1.9375 0.7875
1.95 0.7875
1.9625 0.7875
1.975 0.7875
1.9875 0.7875
2 0.7875
0 0.8
0.0125 0.8
0.025 0.8
0.0375 0.8
0.05 0.8
0.0625 0.8
0.075 0.8
0.0875 0.8
0.1 0.8
0.1125 0.8
0.125 0.8
0.1375 0.8
0.15 0.8
0.1625 0.8
0.175 0.8
0.1875 0.8
0.2 0.8
0.2125 0.8
0.225 0.8
0.2375 0.8
0.25 0.8
0.2625 0.8
0.275 0.8
0.2875 0.8
0.3 0.8
0.3125 0.8
0.325 0.8
0.3375 0.8
0.35 0.8
0.3625 0.8
0.375 0.8
0.3875 0.8
0.4 0.8
0.4125 0.8
0.425 0.8
0.4375 0.8
0.45 0.8
0.4625 0.8
0.475 0.8
0.4875 0.8
0.5 0.8
0.5125 0.8
0.525 0.8
0.5375 0.8
0.55 0.8
0.5625 0.8
0.575 0.8
0.5875 0.8
0.6 0.8
0.6125 0.8
0.625 0.8
0.6375 0.8
0.65 0.8
0.6625 0.8
0.675 0.8
0.6875 0.8
0.7 0.8
0.7125 0.8
0.725 0.8
0.7375 0.8
0.75 0.8
0.7625 0.8
0.775 0.8
0.7875 0.8
0.8 0.8
0.8125 0.8
0.825 0.8
0.8375 0.8
0.85 0.8
0.8625 0.8
0.875 0.8
0.8875 0.8
0.9 0.8
0.9125 0.8
0.925 0.8
0.9375 0.8
0.95 0.8
0.9625 0.8
0.975 0.8
0.9875 0.8
1 0.8
1.0125 0.8
1.025 0.8
1.0375 0.8
1.05 0.8
1.0625 0.8
1.075 0.8
1.0875 0.8
1.1 0.8
1.1125 0.8
1.125 0.8
1.1375 0.8
1.15 0.8
1.1625 0.8
1.175 0.8
1.1875 0.8
1.2 0.8
1.2125 0.8
1.225 0.8
1.2375 0.8
1.25 0.8
1.2625 0.8
1.275 0.8
1.2875 0.8
1.3 0.8
1.3125 0.8
1.325 0.8
1.3375 0.8
1.35 0.8
1.3625 0.8
1.375 0.8
1.3875 0.8
1.4 0.8
1.4125 0.8
1.425 0.8
1.4375 0.8
1.45 0.8
1.4625 0.8
1.475 0.8
1.4875 0.8
1.5 0.8
1.5125 0.8
1.525 0.8
1.5375 0.8
1.55 0.8
1.5625 0.8
1.575 0.8
1.5875 0.8
1.6 0.8
1.6125 0.8
1.625 0.8
1.6375 0.8
1.65 0.8
1.6625 0.8
1.675 0.8
1.6875 0.8
1.7 0.8
1.7125 0.8
1.725 0.8
1.7375 0.8
1.75 0.8
1.7625 0.8
1.775 0.8
1.7875 0.8
1.8 0.8
1.8125 0.8
1.825 0.8
1.8375 0.8
1.85 0.8
1.8625 0.8
1.875 0.8
1.8875 0.8
1.9 0.8
1.9125 0.8
1.925 0.8
1.9375 0.8
1.95 0.8
1.9625 0.8
1.975 0.8
1.9875 0.8
2 0.8
0 0.8125
0.0125 0.8125
0.025 0.8125
0.0375 0.8125
0.05 0.8125
0.0625 0.8125
0.075 0.8125
0.0875 0.8125
0.1 0.8125
0.1125 0.8125
0.125 0.8125
0.1375 0.8125
0.15 0.8125
0.1625 0.8125
0.175 0.8125
0.1875 0.8125
0.2 0.8125
0.2125 0.8125
0.225 0.8125
0.2375 0.8125
0.25 0.8125
0.2625 0.8125
0.275 0.8125
0.2875 0.8125
0.3 0.8125
0.3125 0.8125
0.325 0.8125
0.3375 0.8125
0.35 0.8125
0.3625 0.8125
0.375 0.8125
0.3875 0.8125
0.4 0.8125
0.4125 0.8125
0.425 0.8125
0.4375 0.8125
0.45 0.8125
0.4625 0.8125
0.475 0.8125
0.4875 0.8125
0.5 0.8125
0.5125 0.8125
0.525 0.8125
0.5375 0.8125
0.55 0.8125
0.5625 0.8125
0.575 0.8125
0.5875 0.8125
0.6 0.8125
0.6125 0.8125
0.625 0.8125
0.6375 0.8125
0.65 0.8125
0.6625 0.8125
0.675 0.8125
0.6875 0.8125
0.7 0.8125
0.7125 0.8125
0.725 0.8125
0.7375 0.8125
0.75 0.8125
0.7625 0.8125
0.775 0.8125
0.7875 0.8125
0.8 0.8125
0.8125 0.8125
0.825 0.8125
0.8375 0.8125
0.85 0.8125
0.8625 0.8125
0.875 0.8125
0.8875 0.8125
0.9 0.8125
0.9125 0.8125
0.925 0.8125
0.9375 0.8125
0.95 0.8125
0.9625 0.8125
0.975 0.8125
0.9875 0.8125
1 0.8125
1.0125 0.8125
1.025 0.8125
1.0375 0.8125
1.05 0.8125
1.0625 0.8125
1.075 0.8125
1.0875 0.8125
1.1 0.8125
1.1125 0.8125
1.125 0.8125
1.1375 0.8125
1.15 0.8125
1.1625 0.8125
1.175 0.8125
1.1875 0.8125
1.2 0.8125
1.2125 0.8125
1.225 0.8125
1.2375 0.8125
1.25 0.8125
1.2625 0.8125
1.275 0.8125
1.2875 0.8125
1.3 0.8125
1.3125 0.8125
1.325 0.8125
1.3375 0.8125
1.35 0.8125
1.3625 0.8125
1.375 0.8125
1.3875 0.8125
1.4 0.8125
1.4125 0.8125
1.425 0.8125
1.4375 0.8125
1.45 0.8125
1.4625 0.8125
1.475 0.8125
1.4875 0.8125
1.5 0.8125
1.5125 0.8125
1.525 0.8125
1.5375 0.8125
1.55 0.8125
1.5625 0.8125
1.575 0.8125
1.5875 0.8125
1.6 0.8125
1.6125 0.8125
1.625 0.8125
1.6375 0.8125
1.65 0.8125
1.6625 0.8125
1.675 0.8125
1.6875 0.8125
1.7 0.8125
1.7125 0.8125
1.725 0.8125
1.7375 0.8125
1.75 0.8125
1.7625 0.8125
1.775 0.8125
1.7875 0.8125
1.8 0.8125
1.8125 0.8125
1.825 0.8125
1.8375 0.8125
1.85 0.8125
1.8625 0.8125
1.875 0.8125
1.8875 0.8125
1.9 0.8125
1.9125 0.8125
1.925 0.8125
1.9375 0.8125
1.95 0.8125
1.9625 0.8125
1.975 0.8125
1.9875 0.8125
2 0.8125
0 0.825
0.0125 0.825
0.025 0.825
0.0375 0.825
0.05 0.825
0.0625 0.825
0.075 0.825
0.0875 0.825
0.1 0.825
0.1125 0.825
0.125 0.825
0.1375 0.825
0.15 0.825
0.1625 0.825
0.175 0.825
0.1875 0.825
0.2 0.825
0.2125 0.825
0.225 0.825
0.2375 0.825
0.25 0.825
0.2625 0.825
0.275 0.825
0.2875 0.825
0.3 0.825
0.3125 0.825
0.325 0.825
0.3375 0.825
0.35 0.825
0.3625 0.825
0.375 0.825
0.3875 0.825
0.4 0.825
0.4125 0.825
0.425 0.825
0.4375 0.825
0.45 0.825
0.4625 0.825
0.475 0.825
0.4875 0.825
0.5 0.825
0.5125 0.825
0.525 0.825
0.5375 0.825
0.55 0.825
0.5625 0.825
0.575 0.825
0.5875 0.825
0.6 0.825
0.6125 0.825
0.625 0.825
0.6375 0.825
0.65 0.825
0.6625 0.825
0.675 0.825
0.6875 0.825
0.7 0.825
0.7125 0.825
0.725 0.825
0.7375 0.825
0.75 0.825
0.7625 0.825
0.775 0.825
0.7875 0.825
0.8 0.825
0.8125 0.825
0.825 0.825
0.8375 0.825
0.85 0.825
0.8625 0.825
0.875 0.825
0.8875 0.825
0.9 0.825
0.9125 0.825
0.925 0.825
0.9375 0.825
0.95 0.825
0.9625 0.825
0.975 0.825
0.9875 0.825
1 0.825
1.0125 0.825
1.025 0.825
1.0375 0.825
1.05 0.825
1.0625 0.825
1.075 0.825
1.0875 0.825
1.1 0.825
1.1125 0.825
1.125 0.825
1.1375 0.825
1.15 0.825
1.1625 0.825
1.175 0.825
1.1875 0.825
1.2 0.825
1.2125 0.825
1.225 0.825
1.2375 0.825
1.25 0.825
1.2625 0.825
1.275 0.825
1.2875 0.825
1.3 0.825
1.3125 0.825
1.325 0.825
1.3375 0.825
1.35 0.825
1.3625 0.825
1.375 0.825
1.3875 0.825
1.4 0.825
1.4125 0.825
1.425 0.825
1.4375 0.825
1.45 0.825
1.4625 0.825
1.475 0.825
1.4875 0.825
1.5 0.825
1.5125 0.825
1.525 0.825
1.5375 0.825
1.55 0.825
1.5625 0.825
1.575 0.825
1.5875 0.825
1.6 0.825
1.6125 0.825
1.625 0.825
1.6375 0.825
1.65 0.825
1.6625 0.825
1.675 0.825
1.6875 0.825
1.7 0.825
1.7125 0.825
1.725 0.825
1.7375 0.825
1.75 0.825
1.7625 0.825
1.775 0.825
1.7875 0.825
1.8 0.825
1.8125 0.825
1.825 0.825
1.8375 0.825
1.85 0.825
1.8625 0.825
1.875 0.825
1.8875 0.825
1.9 0.825
1.9125 0.825
1.925 0.825
1.9375 0.825
1.95 0.825
1.9625 0.825
1.975 0.825
1.9875 0.825
2 0.825
0 0.8375
0.0125 0.8375
0.025 0.8375
0.0375 0.8375
0.05 0.8375
0.0625 0.8375
0.075 0.8375
0.0875 0.8375
0.1 0.8375
0.1125 0.8375
0.125 0.8375
0.1375 0.8375
0.15 0.8375
0.1625 0.8375
0.175 0.8375
0.1875 0.8375
0.2 0.8375
0.2125 0.8375
0.225 0.8375
0.2375 0.8375
0.25 0.8375
0.2625 0.8375
0.275 0.8375
0.2875 0.8375
0.3 0.8375
0.3125 0.8375
0.325 0.8375
0.3375 0.8375
0.35 0.8375
0.3625 0.8375
0.375 0.8375
0.3875 0.8375
0.4 0.8375
0.4125 0.8375
0.425 0.8375
0.4375 0.8375
0.45 0.8375
0.4625 0.8375
0.475 0.8375
0.4875 0.8375
0.5 0.8375
0.5125 0.8375
0.525 0.8375
0.5375 0.8375
0.55 0.8375
0.5625 0.8375
0.575 0.8375
0.5875 0.8375
0.6 0.8375
0.6125 0.8375
0.625 0.8375
0.6375 0.8375
0.65 0.8375
0.6625 0.8375
0.675 0.8375
0.6875 0.8375
0.7 0.8375
0.7125 0.8375
0.725 0.8375
0.7375 0.8375
0.75 0.8375
0.7625 0.8375
0.775 0.8375
0.7875 0.8375
0.8 0.8375
0.8125 0.8375
0.825 0.8375
0.8375 0.8375
0.85 0.8375
0.8625 0.8375
0.875 0.8375
0.8875 0.8375
0.9 0.8375
0.9125 0.8375
0.925 0.8375
0.9375 0.8375
0.95 0.8375
0.9625 0.8375
0.975 0.8375
0.9875 0.8375
1 0.8375
1.0125 0.8375
1.025 0.8375
1.0375 0.8375
1.05 0.8375
1.0625 0.8375
1.075 0.8375
1.0875 0.8375
1.1 0.8375
1.1125 0.8375
1.125 0.8375
1.1375 0.8375
1.15 0.8375
1.1625 0.8375
1.175 0.8375
1.1875 0.8375
1.2 0.8375
1.2125 0.8375
1.225 0.8375
1.2375 0.8375
1.25 0.8375
1.2625 0.8375
1.275 0.8375
1.2875 0.8375
1.3 0.8375
1.3125 0.8375
1.325 0.8375
1.3375 0.8375
1.35 0.8375
1.3625 0.8375
1.375 0.8375
1.3875 0.8375
1.4 0.8375
1.4125 0.8375
1.425 0.8375
1.4375 0.8375
1.45 0.8375
1.4625 0.8375
1.475 0.8375
1.4875 0.8375
1.5 0.8375
1.5125 0.8375
1.525 0.8375
1.5375 0.8375
1.55 0.8375
1.5625 0.8375
1.575 0.8375
1.5875 0.8375
1.6 0.8375
1.6125 0.8375
1.625 0.8375
1.6375 0.8375
1.65 0.8375
1.6625 0.8375
1.675 0.8375
1.6875 0.8375
1.7 0.8375
1.7125 0.8375
1.725 0.8375
1.7375 0.8375
1.75 0.8375
1.7625 0.8375
1.775 0.8375
1.7875 0.8375
1.8 0.8375
1.8125 0.8375
1.825 0.8375
1.8375 0.8375
1.85 0.8375
1.8625 0.8375
1.875 0.8375
1.8875 0.8375
1.9 0.8375
1.9125 0.8375
1.925 0.8375
1.9375 0.8375
1.95 0.8375
1.9625 0.8375
1.975 0.8375
1.9875 0.8375
2 0.8375
0 0.85
0.0125 0.85
0.025 0.85
0.0375 0.85
0.05 0.85
0.0625 0.85
0.075 0.85
0.0875 0.85
0.1 0.85
0.1125 0.85
0.125 0.85
0.1375 0.85
0.15 0.85
0.1625 0.85
0.175 0.85
0.1875 0.85
0.2 0.85
0.2125 0.85
0.225 0.85
0.2375 0.85
0.25 0.85
0.2625 0.85
0.275 0.85
0.2875 0.85
0.3 0.85
0.3125 0.85
0.325 0.85
0.3375 0.85
0.35 0.85
0.3625 0.85
0.375 0.85
0.3875 0.85
0.4 0.85
0.4125 0.85
0.425 0.85
0.4375 0.85
0.45 0.85
0.4625 0.85
0.475 0.85
0.4875 0.85
0.5 0.85
0.5125 0.85
0.525 0.85
0.5375 0.85
0.55 0.85
0.5625 0.85
0.575 0.85
0.5875 0.85
0.6 0.85
0.6125 0.85
0.625 0.85
0.6375 0.85
0.65 0.85
0.6625 0.85
0.675 0.85
0.6875 0.85
0.7 0.85
0.7125 0.85
0.725 0.85
0.7375 0.85
0.75 0.85
0.7625 0.85
0.775 0.85
0.7875 0.85
0.8 0.85
0.8125 0.85
0.825 0.85
0.8375 0.85
0.85 0.85
0.8625 0.85
0.875 0.85
0.8875 0.85
0.9 0.85
0.9125 0.85
0.925 0.85
0.9375 0.85
0.95 0.85
0.9625 0.85
0.975 0.85
0.9875 0.85
1 0.85
1.0125 0.85
1.025 0.85
1.0375 0.85
1.05 0.85
1.0625 0.85
1.075 0.85
1.0875 0.85
1.1 0.85
1.1125 0.85
1.125 0.85
1.1375 0.85
1.15 0.85
1.1625 0.85
1.175 0.85
1.1875 0.85
1.2 0.85
1.2125 0.85
1.225 0.85
1.2375 0.85
1.25 0.85
1.2625 0.85
1.275 0.85
1.2875 0.85
1.3 0.85
1.3125 0.85
1.325 0.85
1.3375 0.85
1.35 0.85
1.3625 0.85
1.375 0.85
1.3875 0.85
1.4 0.85
1.4125 0.85
1.425 0.85
1.4375 0.85
1.45 0.85
1.4625 0.85
1.475 0.85
1.4875 0.85
1.5 0.85
1.5125 0.85
1.525 0.85
1.5375 0.85
1.55 0.85
1.5625 0.85
1.575 0.85
1.5875 0.85
1.6 0.85
1.6125 0.85
1.625 0.85
1.6375 0.85
1.65 0.85
1.6625 0.85
1.675 0.85
1.6875 0.85
1.7 0.85
1.7125 0.85
1.725 0.85
1.7375 0.85
1.75 0.85
1.7625 0.85
1.775 0.85
1.7875 0.85
1.8 0.85
1.8125 0.85
1.825 0.85
1.8375 0.85
1.85 0.85
1.8625 0.85
1.875 0.85
1.8875 0.85
1.9 0.85
1.9125 0.85
1.925 0.85
1.9375 0.85
1.95 0.85
1.9625 0.85
1.975 0.85
1.9875 0.85
2 0.85
0 0.8625
0.0125 0.8625
0.025 0.8625
0.0375 0.8625
0.05 0.8625
0.0625 0.8625
0.075 0.8625
0.0875 0.8625
0.1 0.8625
0.1125 0.8625
0.125 0.8625
0.1375 0.8625
0.15 0.8625
0.1625 0.8625
0.175 0.8625
0.1875 0.8625
0.2 0.8625
0.2125 0.8625
0.225 0.8625
0.2375 0.8625
0.25 0.8625
0.2625 0.8625
0.275 0.8625
0.2875 0.8625
0.3 0.8625
0.3125 0.8625
0.325 0.8625
0.3375 0.8625
0.35 0.8625
0.3625 0.8625
0.375 0.8625
0.3875 0.8625
0.4 0.8625
0.4125 0.8625
0.425 0.8625
0.4375 0.8625
0.45 0.8625
0.4625 0.8625
0.475 0.8625
0.4875 0.8625
0.5 0.8625
0.5125 0.8625
0.525 0.8625
0.5375 0.8625
0.55 0.8625
0.5625 0.8625
0.575 0.8625
0.5875 0.8625
0.6 0.8625
0.6125 0.8625
0.625 0.8625
0.6375 0.8625
0.65 0.8625
0.6625 0.8625
0.675 0.8625
0.6875 0.8625
0.7 0.8625
0.7125 0.8625
0.725 0.8625
0.7375 0.8625
0.75 0.8625
0.7625 0.8625
0.775 0.8625
0.7875 0.8625
0.8 0.8625
0.8125 0.8625
0.825 0.8625
0.8375 0.8625
0.85 0.8625
0.8625 0.8625
0.875 0.8625
0.8875 0.8625
0.9 0.8625
0.9125 0.8625
0.925 0.8625
0.9375 0.8625
0.95 0.8625
0.9625 0.8625
0.975 0.8625
0.9875 0.8625
1 0.8625
1.0125 0.8625
1.025 0.8625
1.0375 0.8625
1.05 0.8625
1.0625 0.8625
1.075 0.8625
1.0875 0.8625
1.1 0.8625
1.1125 0.8625
1.125 0.8625
1.1375 0.8625
1.15 0.8625
1.1625 0.8625
1.175 0.8625
1.1875 0.8625
1.2 0.8625
1.2125 0.8625
1.225 0.8625
1.2375 0.8625
1.25 0.8625
1.2625 0.8625
1.275 0.8625
1.2875 0.8625
1.3 0.8625
1.3125 0.8625
1.325 0.8625
1.3375 0.8625
1.35 0.8625
1.3625 0.8625
1.375 0.8625
1.3875 0.8625
1.4 0.8625
1.4125 0.8625
1.425 0.8625
1.4375 0.8625
1.45 0.8625
1.4625 0.8625
1.475 0.8625
1.4875 0.8625
1.5 0.8625
1.5125 0.8625
1.525 0.8625
1.5375 0.8625
1.55 0.8625
1.5625 0.8625
1.575 0.8625
1.5875 0.8625
1.6 0.8625
1.6125 0.8625
1.625 0.8625
1.6375 0.8625
1.65 0.8625
1.6625 0.8625
1.675 0.8625
1.6875 0.8625
1.7 0.8625
1.7125 0.8625
1.725 0.8625
1.7375 0.8625
1.75 0.8625
1.7625 0.8625
1.775 0.8625
1.7875 0.8625
1.8 0.8625
1.8125 0.8625
1.825 0.8625
1.8375 0.8625
1.85 0.8625
1.8625 0.8625
1.875 0.8625
1.8875 0.8625
1.9 0.8625
1.9125 0.8625
1.925 0.8625
1.9375 0.8625
1.95 0.8625
1.9625 0.8625
1.975 0.8625
1.9875 0.8625
2 0.8625
0 0.875
0.0125 0.875
0.025 0.875
0.0375 0.875
0.05 0.875
0.0625 0.875
0.075 0.875
0.0875 0.875
0.1 0.875
0.1125 0.875
0.125 0.875
0.1375 0.875
0.15 0.875
0.1625 0.875
0.175 0.875
0.1875 0.875
0.2 0.875
0.2125 0.875
0.225 0.875
0.2375 0.875
0.25 0.875
0.2625 0.875
0.275 0.875
0.2875 0.875
0.3 0.875
0.3125 0.875
0.325 0.875
0.3375 0.875
0.35 0.875
0.3625 0.875
0.375 0.875
0.3875 0.875
0.4 0.875
0.4125 0.875
0.425 0.875
0.4375 0.875
0.45 0.875
0.4625 0.875
0.475 0.875
0.4875 0.875
0.5 0.875
0.5125 0.875
0.525 0.875
0.5375 0.875
0.55 0.875
0.5625 0.875
0.575 0.875
0.5875 0.875
0.6 0.875
0.6125 0.875
0.625 0.875
0.6375 0.875
0.65 0.875
0.6625 0.875
0.675 0.875
0.6875 0.875
0.7 0.875
0.7125 0.875
0.725 0.875
0.7375 0.875
0.75 0.875
0.7625 0.875
0.775 0.875
0.7875 0.875
0.8 0.875
0.8125 0.875
0.825 0.875
0.8375 0.875
0.85 0.875
0.8625 0.875
0.875 0.875
0.8875 0.875
0.9 0.875
0.9125 0.875
0.925 0.875
0.9375 0.875
0.95 0.875
0.9625 0.875
0.975 0.875
0.9875 0.875
1 0.875
1.0125 0.875
1.025 0.875
1.0375 0.875
1.05 0.875
1.0625 0.875
1.075 0.875
1.0875 0.875
1.1 0.875
1.1125 0.875
1.125 0.875
1.1375 0.875
1.15 0.875
1.1625 0.875
1.175 0.875
1.1875 0.875
1.2 0.875
1.2125 0.875
1.225 0.875
1.2375 0.875
1.25 0.875
1.2625 0.875
1.275 0.875
1.2875 0.875
1.3 0.875
1.3125 0.875
1.325 0.875
1.3375 0.875
1.35 0.875
1.3625 0.875
1.375 0.875
1.3875 0.875
1.4 0.875
1.4125 0.875
1.425 0.875
1.4375 0.875
1.45 0.875
1.4625 0.875
1.475 0.875
1.4875 0.875
1.5 0.875
1.5125 0.875
1.525 0.875
1.5375 0.875
1.55 0.875
1.5625 0.875
1.575 0.875
1.5875 0.875
1.6 0.875
1.6125 0.875
1.625 0.875
1.6375 0.875
1.65 0.875
1.6625 0.875
1.675 0.875
1.6875 0.875
1.7 0.875
1.7125 0.875
1.725 0.875
1.7375 0.875
1.75 0.875
1.7625 0.875
1.775 0.875
1.7875 0.875
1.8 0.875
1.8125 0.875
1.825 0.875
1.8375 0.875
1.85 0.875
1.8625 0.875
1.875 0.875
1.8875 0.875
1.9 0.875
1.9125 0.875
1.925 0.875
1.9375 0.875
1.95 0.875
1.9625 0.875
1.975 0.875
1.9875 0.875
2 0.875
0 0.8875
0.0125 0.8875
0.025 0.8875
0.0375 0.8875
0.05 0.8875
0.0625 0.8875
0.075 0.8875
0.0875 0.8875
0.1 0.8875
0.1125 0.8875
0.125 0.8875
0.1375 0.8875
0.15 0.8875
0.1625 0.8875
0.175 0.8875
0.1875 0.8875
0.2 0.8875
0.2125 0.8875
0.225 0.8875
0.2375 0.8875
0.25 0.8875
0.2625 0.8875
0.275 0.8875
0.2875 0.8875
0.3 0.8875
0.3125 0.8875
0.325 0.8875
0.3375 0.8875
0.35 0.8875
0.3625 0.8875
0.375 0.8875
0.3875 0.8875
0.4 0.8875
0.4125 0.8875
0.425 0.8875
0.4375 0.8875
0.45 0.8875
0.4625 0.8875
0.475 0.8875
0.4875 0.8875
0.5 0.8875
0.5125 0.8875
0.525 0.8875
0.5375 0.8875
0.55 0.8875
0.5625 0.8875
0.575 0.8875
0.5875 0.8875
0.6 0.8875
0.6125 0.8875
0.625 0.8875
0.6375 0.8875
0.65 0.8875
0.6625 0.8875
0.675 0.8875
0.6875 0.8875
0.7 0.8875
0.7125 0.8875
0.725 0.8875
0.7375 0.8875
0.75 0.8875
0.7625 0.8875
0.775 0.8875
0.7875 0.8875
0.8 0.8875
0.8125 0.8875
0.825 0.8875
0.8375 0.8875
0.85 0.8875
0.8625 0.8875
0.875 0.8875
0.8875 0.8875
0.9 0.8875
0.9125 0.8875
0.925 0.8875
0.9375 0.8875
0.95 0.8875
0.9625 0.8875
0.975 0.8875
0.9875 0.8875
1 0.8875
1.0125 0.8875
1.025 0.8875
1.0375 0.8875
1.05 0.8875
1.0625 0.8875
1.075 0.8875
1.0875 0.8875
1.1 0.8875
1.1125 0.8875
1.125 0.8875
1.1375 0.8875
1.15 0.8875
1.1625 0.8875
1.175 0.8875
1.1875 0.8875
1.2 0.8875
1.2125 0.8875
1.225 0.8875
1.2375 0.8875
1.25 0.8875
1.2625 0.8875
1.275 0.8875
1.2875 0.8875
1.3 0.8875
1.3125 0.8875
1.325 0.8875
1.3375 0.8875
1.35 0.8875
1.3625 0.8875
1.375 0.8875
1.3875 0.8875
1.4 0.8875
1.4125 0.8875
1.425 0.8875
1.4375 0.8875
1.45 0.8875
1.4625 0.8875
1.475 0.8875
1.4875 0.8875
1.5 0.8875
1.5125 0.8875
1.525 0.8875
1.5375 0.8875
1.55 0.8875
1.5625 0.8875
1.575 0.8875
1.5875 0.8875
1.6 0.8875
1.6125 0.8875
1.625 0.8875
1.6375 0.8875
1.65 0.8875
1.6625 0.8875
1.675 0.8875
1.6875 0.8875
1.7 0.8875
1.7125 0.8875
1.725 0.8875
1.7375 0.8875
1.75 0.8875
1.7625 0.8875
1.775 0.8875
1.7875 0.8875
1.8 0.8875
1.8125 0.8875
1.825 0.8875
1.8375 0.8875
1.85 0.8875
1.8625 0.8875
1.875 0.8875
1.8875 0.8875
1.9 0.8875
1.9125 0.8875
1.925 0.8875
1.9375 0.8875
1.95 0.8875
1.9625 0.8875
1.975 0.8875
1.9875 0.8875
2 0.8875
0 0.9
0.0125 0.9
0.025 0.9
0.0375 0.9
0.05 0.9
0.0625 0.9
0.075 0.9
0.0875 0.9
0.1 0.9
0.1125 0.9
0.125 0.9
0.1375 0.9
0.15 0.9
0.1625 0.9
0.175 0.9
0.1875 0.9
0.2 0.9
0.2125 0.9
0.225 0.9
0.2375 0.9
0.25 0.9
0.2625 0.9
0.275 0.9
0.2875 0.9
0.3 0.9
0.3125 0.9
0.325 0.9
0.3375 0.9
0.35 0.9
0.3625 0.9
0.375 0.9
0.3875 0.9
0.4 0.9
0.4125 0.9
0.425 0.9
0.4375 0.9
0.45 0.9
0.4625 0.9
0.475 0.9
0.4875 0.9
0.5 0.9
0.5125 0.9
0.525 0.9
0.5375 0.9
0.55 0.9
0.5625 0.9
0.575 0.9
0.5875 0.9
0.6 0.9
0.6125 0.9
0.625 0.9
0.6375 0.9
0.65 0.9
0.6625 0.9
0.675 0.9
0.6875 0.9
0.7 0.9
0.7125 0.9
0.725 0.9
0.7375 0.9
0.75 0.9
0.7625 0.9
0.775 0.9
0.7875 0.9
0.8 0.9
0.8125 0.9
0.825 0.9
0.8375 0.9
0.85 0.9
0.8625 0.9
0.875 0.9
0.8875 0.9
0.9 0.9
0.9125 0.9
0.925 0.9
0.9375 0.9
0.95 0.9
0.9625 0.9
0.975 0.9
0.9875 0.9
1 0.9
1.0125 0.9
1.025 0.9
1.0375 0.9
1.05 0.9
1.0625 0.9
1.075 0.9
1.0875 0.9
1.1 0.9
1.1125 0.9
1.125 0.9
1.1375 0.9
1.15 0.9
1.1625 0.9
1.175 0.9
1.1875 0.9
1.2 0.9
1.2125 0.9
1.225 0.9
1.2375 0.9
1.25 0.9
1.2625 0.9
1.275 0.9
1.2875 0.9
1.3 0.9
1.3125 0.9
1.325 0.9
1.3375 0.9
1.35 0.9
1.3625 0.9
1.375 0.9
1.3875 0.9
1.4 0.9
1.4125 0.9
1.425 0.9
1.4375 0.9
1.45 0.9
1.4625 0.9
1.475 0.9
1.4875 0.9
1.5 0.9
1.5125 0.9
1.525 0.9
1.5375 0.9
1.55 0.9
1.5625 0.9
1.575 0.9
1.5875 0.9
1.6 0.9
1.6125 0.9
1.625 0.9
1.6375 0.9
1.65 0.9
1.6625 0.9
1.675 0.9
1.6875 0.9
1.7 0.9
1.7125 0.9
1.725 0.9
1.7375 0.9
1.75 0.9
1.7625 0.9
1.775 0.9
1.7875 0.9
1.8 0.9
1.8125 0.9
1.825 0.9
1.8375 0.9
1.85 0.9
1.8625 0.9
1.875 0.9
1.8875 0.9
1.9 0.9
1.9125 0.9
1.925 0.9
1.9375 0.9
1.95 0.9
1.9625 0.9
1.975 0.9
1.9875 0.9
2 0.9
0 0.9125
0.0125 0.9125
0.025 0.9125
0.0375 0.9125
0.05 0.9125
0.0625 0.9125
0.075 0.9125
0.0875 0.9125
0.1 0.9125
0.1125 0.9125
0.125 0.9125
0.1375 0.9125
0.15 0.9125
0.1625 0.9125
0.175 0.9125
0.1875 0.9125
0.2 0.9125
0.2125 0.9125
0.225 0.9125
0.2375 0.9125
0.25 0.9125
0.2625 0.9125
0.275 0.9125
0.2875 0.9125
0.3 0.9125
0.3125 0.9125
0.325 0.9125
0.3375 0.9125
0.35 0.9125
0.3625 0.9125
0.375 0.9125
0.3875 0.9125
0.4 0.9125
0.4125 0.9125
0.425 0.9125
0.4375 0.9125
0.45 0.9125
0.4625 0.9125
0.475 0.9125
0.4875 0.9125
0.5 0.9125
0.5125 0.9125
0.525 0.9125
0.5375 0.9125
0.55 0.9125
0.5625 0.9125
0.575 0.9125
0.5875 0.9125
0.6 0.9125
0.6125 0.9125
0.625 0.9125
0.6375 0.9125
0.65 0.9125
0.6625 0.9125
0.675 0.9125
0.6875 0.9125
0.7 0.9125
0.7125 0.9125
0.725 0.9125
0.7375 0.9125
0.75 0.9125
0.7625 0.9125
0.775 0.9125
0.7875 0.9125
0.8 0.9125
0.8125 0.9125
0.825 0.9125
0.8375 0.9125
0.85 0.9125
0.8625 0.9125
0.875 0.9125
0.8875 0.9125
0.9 0.9125
0.9125 0.9125
0.925 0.9125
0.9375 0.9125
0.95 0.9125
0.9625 0.9125
0.975 0.9125
0.9875 0.9125
1 0.9125
1.0125 0.9125
1.025 0.9125
1.0375 0.9125
1.05 0.9125
1.0625 0.9125
1.075 0.9125
1.0875 0.9125
1.1 0.9125
1.1125 0.9125
1.125 0.9125
1.1375 0.9125
1.15 0.9125
1.1625 0.9125
1.175 0.9125
1.1875 0.9125
1.2 0.9125
1.2125 0.9125
1.225 0.9125
1.2375 0.9125
1.25 0.9125
1.2625 0.9125
1.275 0.9125
1.2875 0.9125
1.3 0.9125
1.3125 0.9125
1.325 0.9125
1.3375 0.9125
1.35 0.9125
1.3625 0.9125
1.375 0.9125
1.3875 0.9125
1.4 0.9125
1.4125 0.9125
1.425 0.9125
1.4375 0.9125
1.45 0.9125
1.4625 0.9125
1.475 0.9125
1.4875 0.9125
1.5 0.9125
1.5125 0.9125
1.525 0.9125
1.5375 0.9125
1.55 0.9125
1.5625 0.9125
1.575 0.9125
1.5875 0.9125
1.6 0.9125
1.6125 0.9125
1.625 0.9125
1.6375 0.9125
1.65 0.9125
1.6625 0.9125
1.675 0.9125
1.6875 0.9125
1.7 0.9125
1.7125 0.9125
1.725 0.9125
1.7375 0.9125
1.75 0.9125
1.7625 0.9125
1.775 0.9125
1.7875 0.9125
1.8 0.9125
1.8125 0.9125
1.825 0.9125
1.8375 0.9125
1.85 0.9125
1.8625 0.9125
1.875 0.9125
1.8875 0.9125
1.9 0.9125
1.9125 0.9125
1.925 0.9125
1.9375 0.9125
1.95 0.9125
1.9625 0.9125
1.975 0.9125
1.9875 0.9125
2 0.9125
0 0.925
0.0125 0.925
0.025 0.925
0.0375 0.925
0.05 0.925
0.0625 0.925
0.075 0.925
0.0875 0.925
0.1 0.925
0.1125 0.925
0.125 0.925
0.1375 0.925
0.15 0.925
0.1625 0.925
0.175 0.925
0.1875 0.925
0.2 0.925
0.2125 0.925
0.225 0.925
0.2375 0.925
0.25 0.925
0.2625 0.925
0.275 0.925
0.2875 0.925
0.3 0.925
0.3125 0.925
0.325 0.925
0.3375 0.925
0.35 0.925
0.3625 0.925
0.375 0.925
0.3875 0.925
0.4 0.925
0.4125 0.925
0.425 0.925
0.4375 0.925
0.45 0.925
0.4625 0.925
0.475 0.925
0.4875 0.925
0.5 0.925
0.5125 0.925
0.525 0.925
0.5375 0.925
0.55 0.925
0.5625 0.925
0.575 0.925
0.5875 0.925
0.6 0.925
0.6125 0.925
0.625 0.925
0.6375 0.925
0.65 0.925
0.6625 0.925
0.675 0.925
0.6875 0.925
0.7 0.925
0.7125 0.925
0.725 0.925
0.7375 0.925
0.75 0.925
0.7625 0.925
0.775 0.925
0.7875 0.925
0.8 0.925
0.8125 0.925
0.825 0.925
0.8375 0.925
0.85 0.925
0.8625 0.925
0.875 0.925
0.8875 0.925
0.9 0.925
0.9125 0.925
0.925 0.925
0.9375 0.925
0.95 0.925
0.9625 0.925
0.975 0.925
0.9875 0.925
1 0.925
1.0125 0.925
1.025 0.925
1.0375 0.925
1.05 0.925
1.0625 0.925
1.075 0.925
1.0875 0.925
1.1 0.925
1.1125 0.925
1.125 0.925
1.1375 0.925
1.15 0.925
1.1625 0.925
1.175 0.925
1.1875 0.925
1.2 0.925
1.2125 0.925
1.225 0.925
1.2375 0.925
1.25 0.925
1.2625 0.925
1.275 0.925
1.2875 0.925
1.3 0.925
1.3125 0.925
1.325 0.925
1.3375 0.925
1.35 0.925
1.3625 0.925
1.375 0.925
1.3875 0.925
1.4 0.925
1.4125 0.925
1.425 0.925
1.4375 0.925
1.45 0.925
1.4625 0.925
1.475 0.925
1.4875 0.925
1.5 0.925
1.5125 0.925
1.525 0.925
1.5375 0.925
1.55 0.925
1.5625 0.925
1.575 0.925
1.5875 0.925
1.6 0.925
1.6125 0.925
1.625 0.925
1.6375 0.925
1.65 0.925
1.6625 0.925
1.675 0.925
1.6875 0.925
1.7 0.925
1.7125 0.925
1.725 0.925
1.7375 0.925
1.75 0.925
1.7625 0.925
1.775 0.925
1.7875 0.925
1.8 0.925
1.8125 0.925
1.825 0.925
1.8375 0.925
1.85 0.925
1.8625 0.925
1.875 0.925
1.8875 0.925
1.9 0.925
1.9125 0.925
1.925 0.925
1.9375 0.925
1.95 0.925
1.9625 0.925
1.975 0.925
1.9875 0.925
2 0.925
0 0.9375
0.0125 0.9375
0.025 0.9375
0.0375 0.9375
0.05 0.9375
0.0625 0.9375
0.075 0.9375
0.0875 0.9375
0.1 0.9375
0.1125 0.9375
0.125 0.9375
0.1375 0.9375
0.15 0.9375
0.1625 0.9375
0.175 0.9375
0.1875 0.9375
0.2 0.9375
0.2125 0.9375
0.225 0.9375
0.2375 0.9375
0.25 0.9375
0.2625 0.9375
0.275 0.9375
0.2875 0.9375
0.3 0.9375
0.3125 0.9375
0.325 0.9375
0.3375 0.9375
0.35 0.9375
0.3625 0.9375
0.375 0.9375
0.3875 0.9375
0.4 0.9375
0.4125 0.9375
0.425 0.9375
0.4375 0.9375
0.45 0.9375
0.4625 0.9375
0.475 0.9375
0.4875 0.9375
0.5 0.9375
0.5125 0.9375
0.525 0.9375
0.5375 0.9375
0.55 0.9375
0.5625 0.9375
0.575 0.9375
0.5875 0.9375
0.6 0.9375
0.6125 0.9375
0.625 0.9375
0.6375 0.9375
0.65 0.9375
0.6625 0.9375
0.675 0.9375
0.6875 0.9375
0.7 0.9375
0.7125 0.9375
0.725 0.9375
0.7375 0.9375
0.75 0.9375
0.7625 0.9375
0.775 0.9375
0.7875 0.9375
0.8 0.9375
0.8125 0.9375
0.825 0.9375
0.8375 0.9375
0.85 0.9375
0.8625 0.9375
0.875 0.9375
0.8875 0.9375
0.9 0.9375
0.9125 0.9375
0.925 0.9375
0.9375 0.9375
0.95 0.9375
0.9625 0.9375
0.975 0.9375
0.9875 0.9375
1 0.9375
1.0125 0.9375
1.025 0.9375
1.0375 0.9375
1.05 0.9375
1.0625 0.9375
1.075 0.9375
1.0875 0.9375
1.1 0.9375
1.1125 0.9375
1.125 0.9375
1.1375 0.9375
1.15 0.9375
1.1625 0.9375
1.175 0.9375
1.1875 0.9375
1.2 0.9375
1.2125 0.9375
1.225 0.9375
1.2375 0.9375
1.25 0.9375
1.2625 0.9375
1.275 0.9375
1.2875 0.9375
1.3 0.9375
1.3125 0.9375
1.325 0.9375
1.3375 0.9375
1.35 0.9375
1.3625 0.9375
1.375 0.9375
1.3875 0.9375
1.4 0.9375
1.4125 0.9375
1.425 0.9375
1.4375 0.9375
1.45 0.9375
1.4625 0.9375
1.475 0.9375
1.4875 0.9375
1.5 0.9375
1.5125 0.9375
1.525 0.9375
1.5375 0.9375
1.55 0.9375
1.5625 0.9375
1.575 0.9375
1.5875 0.9375
1.6 0.9375
1.6125 0.9375
1.625 0.9375
1.6375 0.9375
1.65 0.9375
1.6625 0.9375
1.675 0.9375
1.6875 0.9375
1.7 0.9375
1.7125 0.9375
1.725 0.9375
1.7375 0.9375
1.75 0.9375
1.7625 0.9375
1.775 0.9375
1.7875 0.9375
1.8 0.9375
1.8125 0.9375
1.825 0.9375
1.8375 0.9375
1.85 0.9375
1.8625 0.9375
1.875 0.9375
1.8875 0.9375
1.9 0.9375
1.9125 0.9375
1.925 0.9375
1.9375 0.9375
1.95 0.9375
1.9625 0.9375
1.975 0.9375
1.9875 0.9375
2 0.9375
0 0.95
0.0125 0.95
0.025 0.95
0.0375 0.95
0.05 0.95
0.0625 0.95
0.075 0.95
0.0875 0.95
0.1 0.95
0.1125 0.95
0.125 0.95
0.1375 0.95
0.15 0.95
0.1625 0.95
0.175 0.95
0.1875 0.95
0.2 0.95
0.2125 0.95
0.225 0.95
0.2375 0.95
0.25 0.95
0.2625 0.95
0.275 0.95
0.2875 0.95
0.3 0.95
0.3125 0.95
0.325 0.95
0.3375 0.95
0.35 0.95
0.3625 0.95
0.375 0.95
0.3875 0.95
0.4 0.95
0.4125 0.95
0.425 0.95
0.4375 0.95
0.45 0.95
0.4625 0.95
0.475 0.95
0.4875 0.95
0.5 0.95
0.5125 0.95
0.525 0.95
0.5375 0.95
0.55 0.95
0.5625 0.95
0.575 0.95
0.5875 0.95
0.6 0.95
0.6125 0.95
0.625 0.95
0.6375 0.95
0.65 0.95
0.6625 0.95
0.675 0.95
0.6875 0.95
0.7 0.95
0.7125 0.95
0.725 0.95
0.7375 0.95
0.75 0.95
0.7625 0.95
0.775 0.95
0.7875 0.95
0.8 0.95
0.8125 0.95
0.825 0.95
0.8375 0.95
0.85 0.95
0.8625 0.95
0.875 0.95
0.8875 0.95
0.9 0.95
0.9125 0.95
0.925 0.95
0.9375 0.95
0.95 0.95
0.9625 0.95
0.975 0.95
0.9875 0.95
1 0.95
1.0125 0.95
1.025 0.95
1.0375 0.95
1.05 0.95
1.0625 0.95
1.075 0.95
1.0875 0.95
1.1 0.95
1.1125 0.95
1.125 0.95
1.1375 0.95
1.15 0.95
1.1625 0.95
1.175 0.95
1.1875 0.95
1.2 0.95
1.2125 0.95
1.225 0.95
1.2375 0.95
1.25 0.95
1.2625 0.95
1.275 0.95
1.2875 0.95
1.3 0.95
1.3125 0.95
1.325 0.95
1.3375 0.95
1.35 0.95
1.3625 0.95
1.375 0.95
1.3875 0.95
1.4 0.95
1.4125 0.95
1.425 0.95
1.4375 0.95
1.45 0.95
1.4625 0.95
1.475 0.95
1.4875 0.95
1.5 0.95
1.5125 0.95
1.525 0.95
1.5375 0.95
1.55 0.95
1.5625 0.95
1.575 0.95
1.5875 0.95
1.6 0.95
1.6125 0.95
1.625 0.95
1.6375 0.95
1.65 0.95
1.6625 0.95
1.675 0.95
1.6875 0.95
1.7 0.95
1.7125 0.95
1.725 0.95
1.7375 0.95
1.75 0.95
1.7625 0.95
1.775 0.95
1.7875 0.95
1.8 0.95
1.8125 0.95
1.825 0.95
1.8375 0.95
1.85 0.95
1.8625 0.95
1.875 0.95
1.8875 0.95
1.9 0.95
1.9125 0.95
1.925 0.95
1.9375 0.95
1.95 0.95
1.9625 0.95
1.975 0.95
1.9875 0.95
2 0.95
0 0.9625
0.0125 0.9625
0.025 0.9625
0.0375 0.9625
0.05 0.9625
0.0625 0.9625
0.075 0.9625
0.0875 0.9625
0.1 0.9625
0.1125 0.9625
0.125 0.9625
0.1375 0.9625
0.15 0.9625
0.1625 0.9625
0.175 0.9625
0.1875 0.9625
0.2 0.9625
0.2125 0.9625
0.225 0.9625
0.2375 0.9625
0.25 0.9625
0.2625 0.9625
0.275 0.9625
0.2875 0.9625
0.3 0.9625
0.3125 0.9625
0.325 0.9625
0.3375 0.9625
0.35 0.9625
0.3625 0.9625
0.375 0.9625
0.3875 0.9625
0.4 0.9625
0.4125 0.9625
0.425 0.9625
0.4375 0.9625
0.45 0.9625
0.4625 0.9625
0.475 0.9625
0.4875 0.9625
0.5 0.9625
0.5125 0.9625
0.525 0.9625
0.5375 0.9625
0.55 0.9625
0.5625 0.9625
0.575 0.9625
0.5875 0.9625
0.6 0.9625
0.6125 0.9625
0.625 0.9625
0.6375 0.9625
0.65 0.9625
0.6625 0.9625
0.675 0.9625
0.6875 0.9625
0.7 0.9625
0.7125 0.9625
0.725 0.9625
0.7375 0.9625
0.75 0.9625
0.7625 0.9625
0.775 0.9625
0.7875 0.9625
0.8 0.9625
0.8125 0.9625
0.825 0.9625
0.8375 0.9625
0.85 0.9625
0.8625 0.9625
0.875 0.9625
0.8875 0.9625
0.9 0.9625
0.9125 0.9625
0.925 0.9625
0.9375 0.9625
0.95 0.9625
0.9625 0.9625
0.975 0.9625
0.9875 0.9625
1 0.9625
1.0125 0.9625
1.025 0.9625
1.0375 0.9625
1.05 0.9625
1.0625 0.9625
1.075 0.9625
1.0875 0.9625
1.1 0.9625
1.1125 0.9625
1.125 0.9625
1.1375 0.9625
1.15 0.9625
1.1625 0.9625
1.175 0.9625
1.1875 0.9625
1.2 0.9625
1.2125 0.9625
1.225 0.9625
1.2375 0.9625
1.25 0.9625
1.2625 0.9625
1.275 0.9625
1.2875 0.9625
1.3 0.9625
1.3125 0.9625
1.325 0.9625
1.3375 0.9625
1.35 0.9625
1.3625 0.9625
1.375 0.9625
1.3875 0.9625
1.4 0.9625
1.4125 0.9625
1.425 0.9625
1.4375 0.9625
1.45 0.9625
1.4625 0.9625
1.475 0.9625
1.4875 0.9625
1.5 0.9625
1.5125 0.9625
1.525 0.9625
1.5375 0.9625
1.55 0.9625
1.5625 0.9625
1.575 0.9625
1.5875 0.9625
1.6 0.9625
1.6125 0.9625
1.625 0.9625
1.6375 0.9625
1.65 0.9625
1.6625 0.9625
1.675 0.9625
1.6875 0.9625
1.7 0.9625
1.7125 0.9625
1.725 0.9625
1.7375 0.9625
1.75 0.9625
1.7625 0.9625
1.775 0.9625
1.7875 0.9625
1.8 0.9625
1.8125 0.9625
1.825 0.9625
1.8375 0.9625
1.85 0.9625
1.8625 0.9625
1.875 0.9625
1.8875 0.9625
1.9 0.9625
1.9125 0.9625
1.925 0.9625
1.9375 0.9625
1.95 0.9625
1.9625 0.9625
1.975 0.9625
1.9875 0.9625
2 0.9625
0 0.975
0.0125 0.975
0.025 0.975
0.0375 0.975
0.05 0.975
0.0625 0.975
0.075 0.975
0.0875 0.975
0.1 0.975
0.1125 0.975
0.125 0.975
0.1375 0.975
0.15 0.975
0.1625 0.975
0.175 0.975
0.1875 0.975
0.2 0.975
0.2125 0.975
0.225 0.975
0.2375 0.975
0.25 0.975
0.2625 0.975
0.275 0.975
0.2875 0.975
0.3 0.975
0.3125 0.975
0.325 0.975
0.3375 0.975
0.35 0.975
0.3625 0.975
0.375 0.975
0.3875 0.975
0.4 0.975
0.4125 0.975
0.425 0.975
0.4375 0.975
0.45 0.975
0.4625 0.975
0.475 0.975
0.4875 0.975
0.5 0.975
0.5125 0.975
0.525 0.975
0.5375 0.975
0.55 0.975
0.5625 0.975
0.575 0.975
0.5875 0.975
0.6 0.975
0.6125 0.975
0.625 0.975
0.6375 0.975
0.65 0.975
0.6625 0.975
0.675 0.975
0.6875 0.975
0.7 0.975
0.7125 0.975
0.725 0.975
0.7375 0.975
0.75 0.975
0.7625 0.975
0.775 0.975
0.7875 0.975
0.8 0.975
0.8125 0.975
0.825 0.975
0.8375 0.975
0.85 0.975
0.8625 0.975
0.875 0.975
0.8875 0.975
0.9 0.975
0.9125 0.975
0.925 0.975
0.9375 0.975
0.95 0.975
0.9625 0.975
0.975 0.975
0.9875 0.975
1 0.975
1.0125 0.975
1.025 0.975
1.0375 0.975
1.05 0.975
1.0625 0.975
1.075 0.975
1.0875 0.975
1.1 0.975
1.1125 0.975
1.125 0.975
1.1375 0.975
1.15 0.975
1.1625 0.975
1.175 0.975
1.1875 0.975
1.2 0.975
1.2125 0.975
1.225 0.975
1.2375 0.975
1.25 0.975
1.2625 0.975
1.275 0.975
1.2875 0.975
1.3 0.975
1.3125 0.975
1.325 0.975
1.3375 0.975
1.35 0.975
1.3625 0.975
1.375 0.975
1.3875 0.975
1.4 0.975
1.4125 0.975
1.425 0.975
1.4375 0.975
1.45 0.975
1.4625 0.975
1.475 0.975
1.4875 0.975
1.5 0.975
1.5125 0.975
1.525 0.975
1.5375 0.975
1.55 0.975
1.5625 0.975
1.575 0.975
1.5875 0.975
1.6 0.975
1.6125 0.975
1.625 0.975
1.6375 0.975
1.65 0.975
1.6625 0.975
1.675 0.975
1.6875 0.975
1.7 0.975
1.7125 0.975
1.725 0.975
1.7375 0.975
1.75 0.975
1.7625 0.975
1.775 0.975
1.7875 0.975
1.8 0.975
1.8125 0.975
1.825 0.975
1.8375 0.975
1.85 0.975
1.8625 0.975
1.875 0.975
1.8875 0.975
1.9 0.975
1.9125 0.975
1.925 0.975
1.9375 0.975
1.95 0.975
1.9625 0.975
1.975 0.975
1.9875 0.975
2 0.975
0 0.9875
0.0125 0.9875
0.025 0.9875
0.0375 0.9875
0.05 0.9875
0.0625 0.9875
0.075 0.9875
0.0875 0.9875
0.1 0.9875
0.1125 0.9875
0.125 0.9875
0.1375 0.9875
0.15 0.9875
0.1625 0.9875
0.175 0.9875
0.1875 0.9875
0.2 0.9875
0.2125 0.9875
0.225 0.9875
0.2375 0.9875
0.25 0.9875
0.2625 0.9875
0.275 0.9875
0.2875 0.9875
0.3 0.9875
0.3125 0.9875
0.325 0.9875
0.3375 0.9875
0.35 0.9875
0.3625 0.9875
0.375 0.9875
0.3875 0.9875
0.4 0.9875
0.4125 0.9875
0.425 0.9875
0.4375 0.9875
0.45 0.9875
0.4625 0.9875
0.475 0.9875
0.4875 0.9875
0.5 0.9875
0.5125 0.9875
0.525 0.9875
0.5375 0.9875
0.55 0.9875
0.5625 0.9875
0.575 0.9875
0.5875 0.9875
0.6 0.9875
0.6125 0.9875
0.625 0.9875
0.6375 0.9875
0.65 0.9875
0.6625 0.9875
0.675 0.9875
0.6875 0.9875
0.7 0.9875
0.7125 0.9875
0.725 0.9875
0.7375 0.9875
0.75 0.9875
0.7625 0.9875
0.775 0.9875
0.7875 0.9875
0.8 0.9875
0.8125 0.9875
0.825 0.9875
0.8375 0.9875
0.85 0.9875
0.8625 0.9875
0.875 0.9875
0.8875 0.9875
0.9 0.9875
0.9125 0.9875
0.925 0.9875
0.9375 0.9875
0.95 0.9875
0.9625 0.9875
0.975 0.9875
0.9875 0.9875
1 0.9875
1.0125 0.9875
1.025 0.9875
1.0375 0.9875
1.05 0.9875
1.0625 0.9875
1.075 0.9875
1.0875 0.9875
1.1 0.9875
1.1125 0.9875
1.125 0.9875
1.1375 0.9875
1.15 0.9875
1.1625 0.9875
1.175 0.9875
1.1875 0.9875
1.2 0.9875
1.2125 0.9875
1.225 0.9875
1.2375 0.9875
1.25 0.9875
1.2625 0.9875
1.275 0.9875
1.2875 0.9875
1.3 0.9875
1.3125 0.9875
1.325 0.9875
1.3375 0.9875
1.35 0.9875
1.3625 0.9875
1.375 0.9875
1.3875 0.9875
1.4 0.9875
1.4125 0.9875
1.425 0.9875
1.4375 0.9875
1.45 0.9875
1.4625 0.9875
1.475 0.9875
1.4875 0.9875
1.5 0.9875
1.5125 0.9875
1.525 0.9875
1.5375 0.9875
1.55 0.9875
1.5625 0.9875
1.575 0.9875
1.5875 0.9875
1.6 0.9875
1.6125 0.9875
1.625 0.9875
1.6375 0.9875
1.65 0.9875
1.6625 0.9875
1.675 0.9875
1.6875 0.9875
1.7 0.9875
1.7125 0.9875
1.725 0.9875
1.7375 0.9875
1.75 0.9875
1.7625 0.9875
1.775 0.9875
1.7875 0.9875
1.8 0.9875
1.8125 0.9875
1.825 0.9875
1.8375 0.9875
1.85 0.9875
1.8625 0.9875
1.875 0.9875
1.8875 0.9875
1.9 0.9875
1.9125 0.9875
1.925 0.9875
1.9375 0.9875
1.95 0.9875
1.9625 0.9875
1.975 0.9875
1.9875 0.9875
2 0.9875
0 1
0.0125 1
0.025 1
0.0375 1
0.05 1
0.0625 1
0.075 1
0.0875 1
0.1 1
0.1125 1
0.125 1
0.1375 1
0.15 1
0.1625 1
0.175 1
0.1875 1
0.2 1
0.2125 1
0.225 1
0.2375 1
0.25 1
0.2625 1
0.275 1
0.2875 1
0.3 1
0.3125 1
0.325 1
0.3375 1
0.35 1
0.3625 1
0.375 1
0.3875 1
0.4 1
0.4125 1
0.425 1
0.4375 1
0.45 1
0.4625 1
0.475 1
0.4875 1
0.5 1
0.5125 1
0.525 1
0.5375 1
0.55 1
0.5625 1
0.575 1
0.5875 1
0.6 1
0.6125 1
0.625 1
0.6375 1
0.65 1
0.6625 1
0.675 1
0.6875 1
0.7 1
0.7125 1
0.725 1
0.7375 1
0.75 1
0.7625 1
0.775 1
0.7875 1
0.8 1
0.8125 1
0.825 1
0.8375 1
0.85 1
0.8625 1
0.875 1
0.8875 1
0.9 1
0.9125 1
0.925 1
0.9375 1
0.95 1
0.9625 1
0.975 1
0.9875 1
1 1
1.0125 1
1.025 1
1.0375 1
1.05 1
1.0625 1
1.075 1
1.0875 1
1.1 1
1.1125 1
1.125 1
1.1375 1
1.15 1
1.1625 1
1.175 1
1.1875 1
1.2 1
1.2125 1
1.225 1
1.2375 1
1.25 1
1.2625 1
1.275 1
1.2875 1
1.3 1
1.3125 1
1.325 1
1.3375 1
1.35 1
1.3625 1
1.375 1
1.3875 1
1.4 1
1.4125 1
1.425 1
1.4375 1
1.45 1
1.4625 1
1.475 1
1.4875 1
1.5 1
1.5125 1
1.525 1
1.5375 1
1.55 1
1.5625 1
1.575 1
1.5875 1
1.6 1
1.6125 1
1.625 1
1.6375 1
1.65 1
1.6625 1
1.675 1
1.6875 1
1.7 1
1.7125 1
1.725 1
1.7375 1
1.75 1
1.7625 1
1.775 1
1.7875 1
1.8 1
1.8125 1
1.825 1
1.8375 1
1.85 1
1.8625 1
1.875 1
1.8875 1
1.9 1
1.9125 1
1.925 1
1.9375 1
1.95 1
1.9625 1
1.975 1
1.9875 1
2 1
