FiniteElementSpace
FiniteElementCollection: H1_3D_P1
VDim: 1
Ordering: 0

171.38352
187.57445
100
187.80914
171.34445
100
171.44126
187.58295
188.29836
171.49668
171.55894
173.59571
177.4097
182.10795
186.10345
182.62105
188.52462
186.90572
166.24519
100
100
100
100
100
100
100
100
100
100
100
185.91592
181.82819
176.96056
173.36437
171.4541
202.0878
214.3195
222.95048
220.505
206.43952
171.67796
173.4088
177.06392
181.86481
185.97728
166.35307
187.97738
185.0911
100
100
100
100
100
100
100
100
100
100
100
186.18922
182.06328
177.17751
173.74457
171.98305
171.71418
173.45941
177.26613
182.1556
186.33619
186.05713
182.13342
177.69987
173.79771
172.19638
186.09094
181.5997
176.89035
173.25203
171.28122
171.47976
173.62759
177.58423
182.16904
186.04162
181.6067
181.18074
186.12255
200.91827
181.30266
187.89098
186.91299
177.52923
183.15949
144.35031
154.72605
153.22991
154.45873
154.0162
159.73186
155.2429
154.78755
153.02654
155.09237
156.35686
159.35203
202.14012
196.12841
190.79763
187.25146
181.11874
202.89464
197.46679
223.85349
223.86524
216.82105
183.35294
195.59543
182.21292
183.47316
189.90498
155.01371
158.30181
157.30025
159.58424
155.10332
157.62256
158.83903
158.17651
158.057
155.09359
198.25626
193.87943
184.50457
196.87595
190.4313
185.27096
181.03999
182.92758
193.48873
193.12833
196.42771
189.06779
190.30348
187.91796
187.75723
205.31715
221.46825
220.83057
215.71949
185.83302
190.86545
190.19329
182.72131
183.23416
193.46969
185.82898
181.88068
185.4855
193.98411
200.93212
200.22793
201.36664
201.45654
197.71643
192.98894
184.95122
181.66484
202.59815
200.34865
185.68982
180.69869
182.16497
185.77154
192.32823
200.87797
187.49339
188.29407
182.39799
184.23924
184.66126
184.73452
182.82004
181.5651
181.60736
184.5701
188.67885
209.09071
222.45363
192.49002
194.45283
224.43691
206.48532
188.07004
182.83974
187.08154
189.65133
189.71511
187.9361
210.55289
208.54192
224.99236
192.58685
186.11302
189.73131
189.14178
226.38669
192.76944
206.63982
189.09123
196.65069
191.40157
199.76623
187.19165
187.01865
197.25893
195.05708
188.54368
199.09645
218.57188
193.20651
187.87025
183.08982
204.22303
195.33116
211.51599
193.41859
209.2498
203.42655
204.2414
219.20727
227.41652
203.01366
203.96672
194.67983
200.7133
204.92808
199.93998
207.44448
213.30725
228.516
200.90921
207.51081
199.98255
202.82505
194.80633
207.53038
217.70036
207.85725
217.87206
193.94318
228.12323
202.90177
196.85832
227.91067
205.71639
203.94061
205.10654
191.31462
206.13486
191.38777
204.28951
209.31223
200.7497
201.06425
207.98691
190.56295
191.69035
197.82624
188.67889
221.12033
196.86228
204.20879
210.68885
212.839
215.27978
212.02727
207.17559
203.34743
188.3826
188.93441
191.79387
197.78718
205.90744
213.78203
216.57375
219.59622
212.22375
194.48409
210.7125
216.1135
205.97147
214.44894
189.12468
203.02118
218.71113
214.63974
208.01354
211.25942
211.0972
232.4258
208.3395
213.32848
200.73418
226.99527
232.24658
189.99367
220.54506
222.68157
190.02514
203.2212
213.75691
214.12929
215.29248
199.53976
205.19102
217.45577
195.58216
220.3464
196.35456
227.78705
212.48839
215.47252
194.82736
205.88938
201.75426
218.50723
210.10499
185.69184
210.30521
216.47687
221.65935
214.88272
205.97198
213.20227
222.30344
225.19904
222.96161
222.59924
216.49498
213.23057
221.15491
196.01603
217.46434
228.07186
210.83089
219.409
220.58738
214.92878
223.88253
214.40283
229.59031
224.27478
231.09058
222.61717
222.46071
223.77632
218.94292
221.27827
233.38019
226.49724
224.04371
224.75205
224.17922
221.6546
226.18479
227.91632
220.19136
232.34056
223.89151
231.09504
230.39291
229.55032
226.52525
230.5434
171.65471
178.02329
171.10642
176.83961
176.31799
187.05836
187.24937
198.18476
194.15483
195.21775
139.84325
100
100
124.51304
132.67003
195.65901
187.11544
187.46616
195.93512
192.58685
171.55324
179.76537
171.5002
178.2142
140.12319
100
100
171.43946
171.44851
177.22216
177.32392
187.13693
187.07082
195.27345
195.03016
187.28063
187.48971
196.03909
194.45871
202.37816
171.46651
171.17657
177.76736
180.56228
176.1375
172.37105
177.27546
176.79616
175.28703
177.4995
179.91765
181.89686
179.76036
182.01441
186.25792
184.28165
188.33943
189.66295
194.11055
191.35995
186.50475
181.68518
181.68286
185.61518
184.98219
188.8433
188.05209
187.70162
189.01923
189.16283
178.7738
182.76487
185.01396
187.89564
188.63294
171.91216
175.26295
156.29197
160.9494
100
132.09058
131.48114
100
129.67312
130.98193
100
130.92649
132.24191
100
130.4578
135.6637
100
135.03289
133.44764
100
131.61339
131.98081
100
131.57806
131.08604
100
129.56476
132.55059
100
131.94933
133.53328
100
131.87773
135.35852
126.13545
134.28299
184.16254
194.87474
191.39402
179.33069
189.74911
186.5785
174.92034
184.61642
182.69418
172.1982
181.11375
176.97991
181.8792
176.97973
176.53985
209.21541
202.24355
199.51972
205.32454
219.68406
209.31709
218.03978
217.82244
211.60237
213.12615
223.34502
223.71561
223.75773
222.0491
221.88546
214.98854
222.34139
222.17479
218.68952
218.27725
203.43084
203.87787
211.94924
211.41453
172.30782
178.77582
178.05681
174.96808
179.91039
179.0303
179.31691
181.85072
184.45098
184.08836
189.04637
186.66884
192.17075
190.87951
180.41576
138.77122
139.62532
174.86533
176.46272
161.09252
161.04078
188.78588
185.61505
186.38751
189.19017
189.14974
178.73817
183.68325
188.46144
188.15017
185.1895
100
131.19965
100
132.95386
132.93759
100
133.23727
132.45007
100
133.8612
134.47022
100
134.35604
131.48624
100
132.50615
133.35438
100
133.35345
133.58315
100
134.93612
133.26723
100
133.37721
133.20949
100
134.1967
131.83921
131.49253
184.51799
195.35596
192.89303
179.6254
191.06241
188.46419
175.26631
186.0887
186.49137
183.46605
172.72812
180.59532
181.92327
179.77348
180.27117
172.52848
177.8921
177.32895
175.31057
178.28393
179.99434
179.81541
181.12326
186.53094
184.41981
188.05428
192.49797
191.30851
193.76009
194.2056
184.18504
194.53816
192.12113
179.71288
190.49149
187.78982
175.23248
181.12519
186.31129
172.75155
179.38583
179.93733
179.03022
177.47066
184.16573
191.78104
195.5918
179.13273
189.51501
186.37261
192.15433
174.75862
184.4949
181.05063
171.90983
179.96045
177.42945
176.52209
177.83677
172.19968
176.78553
176.98581
175.16719
178.07336
180.13904
179.75082
181.69042
185.42966
184.41694
188.2174
187.55208
189.70516
194.17726
180.88556
185.45405
185.3193
184.35792
185.68599
188.98862
186.87944
191.52374
210.03718
198.31599
204.69685
184.71449
180.77087
185.10203
189.45251
188.04187
190.72827
189.3142
187.32925
163.59306
169.10714
184.74458
182.77339
171.17527
188.23196
182.83962
189.02737
152.46768
154.44172
170.0305
153.55688
170.20774
170.82384
154.58912
171.24013
171.83238
156.83647
170.88888
171.79811
157.46117
173.40433
174.10153
174.96228
154.92577
171.19079
171.06152
153.7845
169.99629
169.68521
154.10979
169.10276
170.72396
155.95658
171.51507
173.17365
157.74228
173.9477
174.2419
175.81819
174.3152
198.79319
210.0178
206.52132
192.98337
200.97744
204.01999
188.38317
198.84636
195.68905
186.95294
192.69955
193.93451
184.53291
185.51464
200.26047
208.39814
196.1259
203.87646
221.60523
223.7174
224.17831
224.89583
223.52599
221.24443
223.48807
225.46158
221.20558
212.90384
217.37759
188.15697
182.68106
188.03574
192.52747
202.94166
200.58018
187.87879
171.0349
184.7935
188.10978
171.53152
189.07793
189.52002
185.57935
191.10768
189.08499
191.23268
157.36758
173.58375
157.56224
176.01315
175.64887
159.24427
175.74805
175.13857
157.39969
173.5612
176.58082
177.5213
156.5522
171.06446
171.49438
158.31061
175.1364
173.06516
158.93554
175.7688
175.74409
158.35868
176.48327
176.0645
156.99662
175.8618
175.20473
174.16303
195.74211
202.58099
206.62115
193.26096
200.69568
199.64756
188.10483
184.32047
189.45641
199.50038
198.61108
203.91727
187.2527
194.92854
194.50411
197.75629
182.69652
188.97248
191.90925
181.74897
187.21526
183.86372
187.25867
187.32206
192.39204
197.14841
199.33961
194.10158
200.21276
199.13555
193.93044
202.98357
201.88173
188.60923
191.03755
189.92613
192.13
192.44987
188.22028
193.22135
191.51662
187.57986
192.53462
192.19453
207.66602
201.96918
212.3368
208.35759
223.17462
217.87215
216.15073
223.99145
219.91867
219.39435
213.13113
187.3826
183.90787
191.07075
192.96719
195.50986
198.29627
190.8141
192.34499
181.50113
183.39156
185.67647
187.97774
188.72007
189.38553
190.55142
199.15649
197.4741
185.46113
190.24289
186.69284
191.89347
181.03742
185.3559
186.32184
189.03302
191.1658
188.9292
197.03274
194.14901
199.7697
202.99945
200.30924
206.25394
207.45471
200.39224
206.50361
207.49569
200.90591
206.9014
209.04396
199.13721
209.13499
207.17585
194.5938
205.75436
202.78018
192.48526
200.60113
198.73135
182.20698
188.96723
186.88446
191.12589
186.39185
185.35618
206.11899
210.46182
207.3253
204.78083
201.76091
208.66878
183.29076
187.3813
186.77891
188.442
180.84396
185.62005
183.18858
186.0236
187.35206
188.15399
188.99432
192.2765
198.3362
195.12995
199.79211
202.36565
208.19714
206.88374
187.61377
191.667
192.98685
191.73752
183.32277
192.8472
189.23014
184.90158
194.8105
193.7518
184.70037
194.97631
196.41115
195.6066
191.93112
185.34401
182.04833
188.14153
187.71298
187.02603
184.2799
181.55044
188.45369
187.63468
186.8328
183.20371
189.24559
192.20126
186.12455
193.77935
196.76235
191.92336
192.80851
214.57277
206.38402
217.71226
225.40886
220.34323
225.44387
194.57184
193.13033
196.23546
192.46845
197.39561
197.72063
226.10126
221.92451
225.91467
205.04663
209.82569
212.82786
189.48239
199.00522
195.66287
182.75361
188.20227
189.60931
186.59604
188.68422
184.57491
195.48343
189.41916
192.97308
190.10911
199.68212
197.76585
189.15906
200.169
199.95715
191.14779
198.85714
195.63312
214.49269
207.38782
214.15748
227.45887
220.79363
222.0749
226.75255
193.49469
196.36042
189.76798
189.80175
200.11647
199.92174
199.59846
190.09031
197.7196
223.80438
227.63823
227.67331
196.98237
194.54704
213.23216
204.90191
212.29411
189.9108
190.61899
188.76852
197.68683
195.39757
200.70506
200.85048
193.49589
192.50758
197.15435
195.37816
202.58548
205.80304
187.19081
197.56407
198.5253
197.73627
193.72225
199.88659
203.78054
200.80806
196.32818
198.22289
199.85423
195.32314
193.37714
201.29026
202.01524
205.47903
223.74138
217.4675
194.98123
195.83052
190.17812
189.34537
187.79397
187.36438
188.13794
187.08178
211.6955
201.95986
207.6588
192.91532
199.85186
198.60301
211.9578
213.33561
216.66247
198.16268
194.45403
198.22117
212.79361
212.23775
216.85278
206.86576
209.22772
204.90683
209.33825
209.93752
213.05347
224.5303
220.16825
215.17202
229.3191
230.22816
226.60094
222.8394
204.08821
202.60973
208.66964
209.93785
204.53721
200.47697
209.98463
208.85032
197.94722
193.20558
200.57157
196.1138
203.65968
204.03654
207.65263
208.28209
201.89946
201.09271
204.06997
208.22604
204.56204
213.57629
208.90141
212.69198
215.46219
229.82204
225.38229
231.14962
228.27065
197.75275
202.7816
207.64274
205.95286
206.23131
212.33494
213.38493
199.41497
203.94355
209.68123
199.53339
203.2494
206.85112
195.49441
198.78682
208.48174
204.56513
208.41435
212.67768
214.37467
223.8609
218.69981
213.98754
206.21701
212.02251
214.578
223.67869
214.38226
219.72028
198.68091
224.45195
230.91129
228.49853
204.12207
207.47075
206.82323
198.63981
201.5786
196.24413
201.03258
230.97086
228.26272
224.92089
206.4662
210.19568
212.66161
199.63772
205.05895
210.82428
207.9078
209.09451
193.74033
189.37859
202.38134
206.45661
212.6368
210.57255
191.26112
189.88839
193.6834
206.63421
207.35291
208.94417
205.88571
211.52199
211.8882
214.34271
198.38612
205.91378
205.12459
204.54104
212.84354
210.40809
191.22962
189.47083
192.43671
194.30716
196.47481
201.56505
188.22076
189.42786
216.73236
224.60967
219.39675
217.25792
202.7843
207.09154
202.10301
209.46301
207.68701
211.46658
212.45945
217.41804
220.19211
217.27195
221.25752
213.39859
217.96057
219.31345
220.39859
209.25762
218.28144
217.96645
204.77656
211.31374
216.26584
209.13463
202.43808
207.70749
189.97725
191.48009
189.71657
189.37874
192.52215
194.04697
195.9457
194.71038
201.41179
203.39345
198.60312
202.43454
210.3893
207.086
211.76096
212.75873
213.96807
219.13521
218.30014
214.05128
219.05034
221.57146
219.80439
215.67963
213.79617
224.47173
218.65084
218.54706
217.55421
197.74813
193.01942
199.04058
209.19967
218.08125
214.16699
221.69426
219.0078
210.59196
203.54339
206.35069
201.1165
210.16802
213.23499
212.55517
218.71296
218.53965
200.01916
208.28723
223.69079
218.66241
222.87747
215.45899
218.57901
219.92929
213.3371
212.36902
211.8672
216.73319
230.72994
231.43391
232.39987
233.122
212.49906
206.91013
211.95488
214.89787
212.205
216.61307
218.79588
202.78714
205.37409
222.49688
223.96945
229.5074
231.42822
229.69548
231.56694
233.29958
192.02071
222.28642
223.83204
223.35863
222.108
224.05638
223.5037
221.87802
224.55649
197.23367
209.51418
206.95702
216.7393
217.14469
218.98544
211.97426
218.63087
217.6998
218.43596
213.25276
218.17369
220.25599
202.60428
197.53644
205.69285
209.72545
219.50294
215.75009
201.40316
226.30044
222.98717
191.62534
222.94017
231.41394
227.83361
211.50603
216.34385
216.9025
214.93644
219.92532
219.92101
197.83322
210.88209
210.78724
206.22032
222.1339
217.22613
224.44029
221.56284
215.44381
214.84289
215.56788
220.61157
220.76232
222.75554
224.72098
218.67097
217.2486
222.96464
210.57684
222.6801
222.26253
224.86788
221.60732
220.02317
227.87572
223.00604
223.67397
221.60263
227.2788
224.74424
215.43705
216.07428
218.89754
222.86544
224.12885
226.28276
225.26139
231.02156
216.44156
222.03866
220.50274
223.0245
226.45053
219.78583
217.94674
224.11315
225.77563
227.39409
232.78465
227.03454
230.48769
223.51853
225.50294
228.31541
233.45319
231.33087
222.14668
225.35737
227.78428
227.7547
225.61299
226.59738
224.42415
228.90481
222.07993
224.00914
231.04003
232.67789
232.96466
224.82223
229.24338
226.49025
228.89968
228.34312
222.3124
227.82754
227.88402
227.04623
228.1154
231.00426
230.82432
228.8652
222.34219
225.97522
232.93889
227.60376
230.90814
232.19981
228.63943
230.54482
167.6708
164.1936
161.78457
159.2976
157.49512
156.1439
155.07911
154.29482
154.06761
154.31622
154.71612
155.3008
156.45103
157.65921
159.38682
161.82133
164.23467
167.4394
169.1915
173.18402
177.61134
181.63186
183.63665
183.67852
181.29817
177.40218
172.76771
168.32212
183.413
181.44306
177.48908
174.03263
170.44679
169.65324
172.23354
177.76318
181.61786
183.59427
167.23862
167.16791
163.82698
163.82312
161.73197
161.97652
159.72621
159.98545
158.28093
158.25371
156.89637
157.17245
156.42935
156.40823
156.0482
155.67001
155.82606
155.84263
155.72052
155.78269
156.49123
156.66395
157.27806
157.07941
158.40942
158.36754
160.25536
159.79845
163.3415
161.52428
164.32301
165.20929
172.90385
179.93381
178.20742
174.37971
169.6285
168.53901
180.13407
162.46605
177.07842
166.21186
177.83056
164.19322
173.48747
168.43094
169.24904
161.52839
166.16053
160.75091
164.04653
160.0408
162.70376
159.84354
161.03052
159.71399
160.35213
160.1562
159.46619
160.93359
159.40531
161.69056
159.31353
162.64374
160.293
164.70589
161.00299
161.24669
162.43717
163.01054
165.51878
173.6974
177.29203
180.73043
180.11724
168.74585
180.62152
179.68466
177.98504
164.52061
169.96777
172.30472
164.97755
174.19906
174.80505
165.5964
170.88723
166.53875
164.27624
169.75996
164.31639
167.82408
164.82484
165.90868
165.47774
164.82869
166.29321
164.02381
166.90963
163.67074
164.03085
164.00941
164.49831
165.50669
166.29831
167.07022
176.86791
173.9912
177.1274
176.59315
167.87422
173.51062
169.19778
169.83477
178.82465
176.69979
178.13742
168.19961
168.66904
171.61135
167.39808
167.96292
170.33886
169.59035
168.97517
168.39312
169.75805
171.897
170.48231
168.95159
167.97353
167.3383
167.47992
167.81487
167.91664
168.72082
169.67555
170.51736
177.88532
173.21573
174.16671
170.74249
174.95163
173.79714
175.56647
176.58729
176.12616
171.5936
175.55592
169.76214
172.06911
169.73175
169.41553
173.20374
170.6564
171.73778
169.50044
172.8054
169.49665
170.23314
171.40276
172.94059
170.93224
170.37013
170.20575
171.91085
174.27887
174.57347
169.79706
169.95345
175.16997
174.25943
172.67233
173.5379
170.06567
170.22282
171.8399
173.18338
170.18659
172.71541
175.37705
170.657
171.43692
171.85511
170.91548
170.28443
170.12704
171.08073
172.30801
170.98374
173.71804
170.43852
169.26829
185.68275
185.50482
185.65735
185.88194
169.29844
169.49496
170.14228
171.61563
173.40169
175.40534
177.4712
179.92664
181.8932
183.86514
184.81668
184.76384
183.49383
181.76049
179.48954
177.35371
174.84799
173.09803
171.04422
169.29487
169.69948
184.72385
183.61313
181.71607
179.60517
177.16297
175.70994
173.49687
172.02596
169.43983
170.42425
169.16366
169.35158
170.51827
171.60636
173.03892
174.79185
177.85642
179.85338
182.03398
183.82129
184.91527
165.84889
168.19343
166.83545
167.36041
162.94888
165.04576
165.43771
163.72312
163.6675
160.39518
162.5325
162.40164
161.23039
161.39614
158.45391
160.21857
159.99126
159.10534
159.0315
156.69477
158.07315
158.38498
157.5691
157.75785
155.61424
157.05525
156.83924
156.34939
156.07344
154.70313
155.72146
155.72025
155.52334
155.13932
154.21036
155.04509
154.82964
154.88171
154.73858
154.18323
154.75553
154.43949
154.59355
154.4581
154.49439
154.72436
154.64336
154.65644
154.57555
154.89316
154.72331
154.84532
155.2245
155.43813
155.96673
155.61763
155.66072
156.14244
155.81436
157.01781
156.37774
156.40709
157.01649
157.06144
158.4313
157.84591
157.6334
158.70685
158.52353
160.56279
159.54935
159.24094
160.66269
160.03502
163.00027
161.75642
161.18834
162.79942
163.18903
165.77502
165.72109
163.93458
164.34649
168.19638
167.3786
165.90212
170.9806
167.12302
169.11734
175.59248
173.08999
170.82998
180.01298
175.34894
177.56797
183.00776
180.84972
179.37666
184.17919
181.52569
182.02497
182.68498
182.13858
182.07073
179.71285
179.69714
180.82984
175.21213
177.87754
175.92654
170.36615
173.48476
171.24428
166.15111
168.59717
182.71742
183.65577
181.69345
182.0509
179.58303
181.1053
179.08761
175.62665
177.35416
175.36895
172.23578
173.58897
168.73981
171.79022
169.69523
170.80399
168.36784
174.85503
169.74601
170.47368
172.97135
179.87482
177.92429
175.83058
182.86063
179.69702
180.74998
181.96637
181.68125
165.24532
167.56616
165.42215
167.94369
162.58411
164.65273
166.03711
162.85821
166.17018
165.07269
160.6133
163.78431
162.66059
161.01117
163.91563
162.75873
158.93986
160.9739
161.80315
159.03854
161.92452
161.29485
157.56666
160.13403
159.74359
157.74087
160.34029
159.42269
156.53943
159.24515
158.66528
156.73407
158.87557
158.58495
156.02078
158.43756
157.97832
155.98888
158.18867
157.69598
155.80788
157.71111
157.74743
155.73358
157.30734
157.26134
155.77271
157.55214
157.70078
155.77001
157.39476
157.2727
156.13522
157.98974
158.07013
156.24449
157.29886
157.66296
156.65267
158.30281
158.53161
156.81555
158.09982
158.52194
157.67177
158.94824
159.3307
157.7092
158.71833
159.23395
159.07838
159.77238
160.36594
158.98644
159.7545
160.30549
161.57283
161.32782
162.29873
160.57962
160.68138
161.26982
164.07141
165.79149
163.8546
165.97511
162.93495
162.19075
163.32535
166.49777
164.81183
166.60511
170.5777
175.50139
170.85714
173.27957
178.81424
180.34276
178.9609
178.29169
176.48219
179.24169
176.16043
177.35914
172.02185
172.11282
174.26407
167.36165
169.64199
168.4234
178.53651
180.76089
178.34151
179.52184
163.3457
161.96742
164.61562
165.32012
175.48988
174.76694
177.15105
175.41066
165.11588
167.31483
168.57985
167.55794
175.95562
179.15196
176.29177
177.4313
166.14619
166.81434
171.33449
172.87957
171.26216
169.73716
167.5856
171.14535
161.01093
163.53988
164.20914
165.11454
169.23734
167.97782
160.35906
162.90592
163.15824
163.40694
166.79099
166.00319
159.86622
162.33728
162.51275
161.82994
165.1843
164.26119
159.67207
162.10545
162.11227
160.66585
163.65016
163.18938
159.64905
161.99482
162.08064
159.87802
162.62152
162.05727
160.3971
162.32201
162.45603
159.43766
161.66242
161.58443
161.1885
162.71404
163.22062
159.35423
161.59543
161.4545
161.91046
163.48768
163.92236
159.70446
161.43178
161.69083
163.63761
164.37117
164.76513
160.57346
162.08532
162.34998
166.7466
165.976
167.5086
161.00385
162.73175
163.27611
161.80795
163.33739
163.72124
162.72352
164.12242
164.73563
164.27848
164.92989
167.83949
166.24748
174.27662
172.1868
175.51277
177.09653
180.49971
179.31661
179.39313
178.37915
179.09522
171.1342
169.36591
180.47859
179.7633
179.25143
178.36789
178.82976
177.42132
178.08349
176.78768
176.96449
164.68971
164.26957
166.62149
166.42698
172.46544
168.47314
170.83655
170.95081
173.08595
165.27376
166.68838
167.09576
175.8431
172.85255
174.2808
173.04102
175.99689
174.04096
166.02436
167.32767
167.80924
169.9619
172.31919
167.21926
168.14181
168.70638
164.18122
166.30619
166.28279
168.82585
171.91032
170.83962
164.526
166.41472
166.31189
166.74283
169.9926
169.3623
165.09572
166.96376
166.83625
165.37217
168.36736
167.68605
165.83588
167.39626
167.79647
164.38051
166.98711
166.43581
166.47282
168.26002
168.25999
163.77251
165.78783
166.14933
168.22011
168.58236
163.76543
165.46091
165.5568
163.83714
165.74249
165.87478
164.22625
165.81759
166.18004
165.00207
166.38652
166.85337
165.87607
167.18674
167.6566
166.60286
168.18621
168.4792
169.44193
168.9907
175.76603
177.91123
175.91781
176.92386
172.95073
174.84033
177.6826
175.29081
176.05029
177.5233
175.36174
176.16428
168.50603
169.48451
170.08772
171.66015
175.47273
173.62363
171.54453
170.86803
170.11936
171.97017
178.45193
177.57541
175.24223
176.17445
177.10317
176.64841
168.42683
167.95392
169.0333
169.42849
169.12329
169.99362
169.66789
170.96456
173.05334
167.60683
167.36401
168.61328
168.61398
167.82198
169.02171
169.04968
170.09353
171.98022
171.87281
170.10488
170.49624
170.86557
168.63642
169.2665
170.30603
170.02137
168.09171
169.53773
169.41866
170.72419
171.50974
171.19774
173.62386
172.81291
169.63282
171.96155
171.19076
168.43505
170.5406
169.91398
168.86109
169.34708
167.38027
168.48657
168.69565
167.68046
168.82035
168.7012
169.02363
169.14354
168.26254
168.9937
169.27016
169.13517
169.69953
170.11377
170.12318
171.54607
170.69737
172.38637
172.06581
177.1707
176.48378
176.47341
172.53671
174.4881
175.08056
173.47409
171.38916
171.46435
172.29975
175.90039
173.95287
174.72594
174.88822
173.30231
175.992
174.23532
175.0513
175.36339
176.05796
175.96947
175.37202
175.12083
171.10008
172.18893
171.75741
172.48636
174.21608
174.92998
169.52699
169.94101
170.03322
170.33974
173.80647
172.97001
169.91612
169.62542
170.17977
170.0205
169.39253
169.46081
170.08571
170.01323
172.41925
173.86956
173.04399
170.28016
171.2054
170.9518
170.95404
172.40434
171.85172
169.91677
170.01928
172.02541
173.88345
172.98261
169.92301
170.26469
170.42165
170.78919
170.47393
170.88282
172.27394
171.55326
173.76414
173.10952
170.41204
171.4328
170.98156
171.65625
171.10166
170.71172
170.20475
170.70965
172.72418
172.05719
172.77405
173.56159
174.92553
174.04351
174.41285
173.75811
169.75068
169.97779
170.18449
170.44504
170.1758
174.19432
175.24962
173.37349
173.6989
172.17037
172.98511
171.92403
174.44142
173.72028
170.12402
170.12262
170.14757
170.19826
170.3765
170.1003
170.21652
172.43155
171.79985
171.33077
170.32065
170.8271
170.41985
172.27443
172.63271
173.3687
174.46029
171.02075
170.74123
170.61349
171.20932
171.51262
172.14853
171.31732
170.56945
170.13827
170.61957
170.1653
171.61159
171.23018
172.78641
183.44028
180.47762
177.41123
175.40162
173.6521
172.57481
171.22323
170.99012
170.43791
170.84625
170.89972
171.31507
172.54645
173.95351
175.67821
177.98841
180.17385
183.35267
168.30032
169.97067
173.34382
177.65754
181.59755
181.78843
178.15781
173.81499
170.43772
168.53358
167.94205
169.98775
173.68563
178.10254
182.06222
178.04831
173.58802
170.16683
168.19178
181.41381
180.99345
178.28608
178.31212
176.05589
175.89585
174.10022
174.14825
172.60487
172.39921
171.46696
171.53716
170.6026
170.65041
170.18584
170.30115
170.07794
170.07358
170.14489
170.01886
170.8145
170.73857
171.48037
171.52388
172.95744
172.87758
174.50522
174.22005
176.58183
176.2511
178.90232
178.06386
180.74351
167.59069
174.07324
170.77473
177.85685
177.98618
166.26597
169.64094
175.14899
174.05245
173.02517
177.22698
170.58695
175.68369
169.59494
173.60214
168.89117
172.28702
168.77459
170.96631
168.71015
170.04329
169.27008
169.2732
169.89831
169.15616
170.80934
169.26687
172.42531
169.4177
174.25206
169.92552
175.89062
171.03925
172.43927
173.80963
176.03805
178.27964
170.58342
174.44079
171.74816
173.84893
170.04173
164.90974
165.99786
164.73254
166.31495
166.08106
167.22273
168.13267
170.86473
174.51947
165.81631
168.89409
169.06786
172.68739
169.12369
170.94851
165.97674
170.10944
166.20226
166.96569
171.75861
170.35169
165.21672
166.41612
166.74435
167.69186
166.8671
166.8463
168.81274
170.55351
167.26526
169.36483
169.50589
170.73683
172.26915
165.49971
168.12136
167.88855
172.94602
173.26999
166.1677
163.07596
162.59814
172.3159
166.1327
164.02581
161.76618
163.17606
168.72702
164.10193
166.79411
165.13375
161.79038
165.76052
167.90172
162.34731
161.42312
162.32924
165.61322
163.02035
164.21215
163.03215
163.23782
168.28931
169.52649
165.13308
163.10042
162.75093
162.92079
163.94548
165.09304
162.68762
162.18506
167.16955
164.58001
167.93844
166.20302
162.32729
163.99131
160.54587
157.71552
162.79784
163.48549
159.3041
159.11148
158.047
161.06254
160.89053
161.71799
163.26515
165.70761
158.19244
158.84493
157.70334
157.43244
157.11332
160.75517
158.70658
160.49138
162.00791
159.11264
160.47251
159.4064
158.28754
162.49069
159.41139
156.67057
155.6005
160.2219
159.13779
159.60113
162.05123
155.31382
154.50838
154.6792
155.3022
157.32219
157.35062
156.20049
155.3746
157.65819
159.52911
156.28472
155.18973
154.77377
155.33097
156.64155
157.80362
158.09033
185.44901
169.53302
169.67659
169.55353
169.48771
185.27544
169.8355
170.56917
171.71728
173.36981
175.29953
177.35383
179.83186
181.9351
185.00643
183.76322
185.154
183.74163
182.30167
180.0161
177.87992
175.51249
173.74637
172.25897
171.11881
170.54587
169.68128
170.66097
171.85538
173.49413
175.60348
177.82405
180.23032
182.48262
184.98523
184.20044
184.9967
183.66325
180.23522
181.91196
177.83009
175.89175
173.48849
172.21374
171.1987
169.96601
181.89554
183.24065
182.88242
182.62953
178.91909
181.40571
180.88258
179.75127
179.40331
176.38665
178.38243
177.88297
177.01652
176.79427
174.47407
175.95084
175.74955
174.86767
174.71054
173.09594
173.9402
173.98242
173.25817
173.11864
171.84189
172.71014
172.53348
171.94215
172.09601
171.03643
171.33295
171.41248
171.00026
170.94663
170.66743
170.84374
170.73222
170.59949
170.66457
170.57408
170.30367
170.38581
170.3354
170.23889
170.78186
170.44499
170.45587
170.34983
170.39596
171.03096
170.41524
170.54321
170.84969
170.99305
171.89972
171.19438
171.18044
171.62829
171.49205
173.17733
172.21326
172.03662
172.75938
172.8031
174.81167
173.47102
173.3499
174.41515
174.06356
176.76773
175.15492
175.09917
176.17621
176.24496
179.08181
177.27189
177.23391
178.61957
178.14896
181.65256
181.20013
179.66409
179.47339
180.77236
183.17767
183.15519
182.1566
168.92759
168.03862
167.84108
166.30823
171.59909
168.67642
170.11527
175.64338
171.9122
173.91715
180.05821
178.05886
175.96254
181.38493
179.82319
180.58439
180.29327
179.87391
176.28138
176.16255
178.06111
171.96107
173.94348
172.37508
169.77031
170.34511
168.33495
167.12417
166.42131
168.71701
168.17229
166.8578
166.25645
171.50594
168.35482
169.55176
175.73106
171.92997
173.67221
180.13396
178.09435
176.22312
181.56582
180.31217
176.17422
179.94922
175.96444
177.96495
171.65931
173.9458
171.84529
168.91591
170.13505
168.20093
166.44397
167.10425
179.67536
179.30248
179.55537
179.51186
176.95299
176.74269
177.86985
177.07583
178.21293
177.08989
174.92157
175.83513
174.70803
174.99409
175.88395
174.8671
173.23603
173.7463
173.06122
173.23015
174.03839
173.36509
171.96071
171.60845
172.2069
171.9712
172.43315
171.86936
170.9671
171.21489
170.65037
171.05892
171.34388
170.79095
170.29743
170.27389
170.00342
170.46356
170.4977
170.05442
170.07002
169.72322
169.66977
170.05098
169.8751
169.86381
170.05403
169.42784
169.46109
170.07326
169.66735
169.80873
170.41406
169.56562
169.93226
170.36019
169.71319
169.89556
171.03421
170.03851
170.40439
171.11982
170.15017
170.41062
172.14544
170.88687
171.38472
172.1746
170.8733
171.41108
173.63482
171.98018
172.83039
173.50506
171.98545
172.76101
175.42449
173.49164
174.42425
175.22757
173.4049
174.12479
177.63178
175.52274
176.37783
177.10152
175.10184
176.27962
178.48593
177.29145
179.38115
177.07765
178.32876
179.61816
169.26132
165.15873
166.55625
164.6554
172.17274
176.09225
172.49423
174.34001
168.22807
170.50217
168.24277
176.91961
176.0556
176.77454
175.8834
175.3423
167.42199
165.19084
165.48334
164.54376
171.5503
169.37029
167.25626
174.04923
176.1194
174.03384
173.19012
175.67755
172.09423
173.35755
172.08128
172.39256
171.28655
172.23664
174.98659
170.01084
171.12643
168.83245
169.42893
174.55568
173.8254
174.44799
169.24966
168.06376
168.47497
172.92535
172.81064
172.07297
168.81064
167.71863
167.77954
171.6021
170.76166
171.48863
168.69068
167.41433
167.63487
170.46103
169.6072
170.1505
168.96055
167.68291
167.42927
169.64046
168.72682
169.3156
169.48199
167.7839
168.13072
169.219
168.37485
168.20146
170.33562
168.55538
169.05832
169.15283
167.93372
168.21323
171.61524
169.59833
170.10486
169.27185
167.97721
168.15644
173.24086
170.67569
171.60215
169.63935
168.208
168.49732
175.04787
172.56105
173.41066
170.49753
168.71064
169.15735
175.39442
174.30538
171.69454
170.27892
169.79079
173.08955
171.06393
171.70756
174.86483
172.53202
173.25877
177.10856
174.07857
174.65775
176.21865
175.74645
172.89457
169.99013
168.0065
172.02335
173.7621
170.45524
169.93739
171.47471
173.26856
167.82647
170.09626
168.01442
165.17447
163.93383
163.77064
165.55811
166.11771
164.51161
163.64967
164.06778
166.15427
164.60811
165.94849
166.35674
163.96955
164.26882
167.64461
167.02585
165.82323
165.32984
168.55066
166.11688
166.68523
172.81007
168.4232
171.59648
169.33565
173.3696
165.86409
163.97081
163.78424
169.8465
168.35989
166.55137
166.82908
167.3432
171.16957
168.87289
167.41176
171.73302
171.39191
170.30431
169.6956
167.19831
167.84281
169.44175
167.88528
166.0449
163.9416
163.81055
167.99823
168.92577
166.57875
164.08822
164.41927
167.38145
164.66323
165.15219
171.01906
172.34948
170.36078
169.41645
168.71761
168.18119
163.87938
165.47475
163.73983
166.57144
166.63157
164.7002
164.66757
167.11402
164.95066
164.68373
168.19804
165.4952
166.00512
165.15328
164.95009
166.98021
165.02824
164.98437
169.63028
167.41051
166.55579
171.46177
168.13139
169.32586
167.65429
165.21798
165.73581
170.01757
168.68977
168.22966
167.34138
167.36922
171.69203
169.43156
167.35293
171.53558
168.85342
169.66517
172.7243
170.47014
171.06751
163.9426
165.22693
163.74167
166.63601
166.14374
166.11642
165.55654
170.79606
171.53701
164.3982
166.89992
164.37734
162.7877
162.42661
161.67049
162.48285
162.39529
161.49337
170.28151
166.84685
164.22697
164.60007
164.51674
163.49909
162.12855
161.68474
161.54209
161.94648
159.53476
159.51133
162.70445
163.64256
160.55338
161.23694
167.18729
167.9429
166.02185
163.51837
164.37984
161.4508
162.14932
167.48925
165.9051
165.383
164.23744
165.63619
162.83784
163.60137
162.05864
161.60864
159.49498
159.46672
163.93614
164.55461
166.14948
165.47504
162.6663
159.88436
160.01629
159.28774
159.33942
160.08949
159.89557
164.92031
166.73168
163.92957
163.12688
162.92571
161.10488
160.87281
162.48147
161.66165
163.50589
162.81455
160.94891
161.16985
162.73587
161.63148
168.84967
166.0588
166.93822
167.25322
167.56141
164.48839
163.41679
162.81668
161.05743
160.44103
162.71263
160.82402
160.65644
161.81847
162.83911
161.99976
161.53123
163.35473
165.42599
163.57849
160.58561
160.57969
160.79623
161.96705
160.6844
166.68861
165.36618
164.7162
163.82527
162.55486
162.0977
165.23516
164.06011
164.39098
162.74613
160.98192
160.82826
162.84892
164.82251
162.02132
162.92798
159.8901
161.26361
158.37801
159.00053
157.91102
157.2975
155.88749
155.8824
161.87875
160.95253
160.46087
162.95031
161.34768
159.03224
157.59285
156.99678
158.58247
159.87556
158.16795
157.37788
157.9255
158.65694
156.60812
157.03726
160.22472
159.88458
158.85022
161.566
159.9287
160.02571
161.08964
160.98707
159.39705
161.25407
163.71253
156.96935
156.36788
158.52893
156.77328
156.82411
157.52178
156.25268
155.76636
157.26394
155.66431
155.7606
155.54208
155.60886
160.24305
158.97025
158.87266
158.42558
156.89676
156.86654
159.7243
158.54633
158.26396
162.21164
159.76381
156.9997
157.4934
159.6823
159.94349
158.15471
157.62749
156.48802
156.50199
160.64304
159.84346
159.05828
158.15147
158.40294
156.1071
155.60002
155.20771
157.24569
154.73004
155.32653
155.08021
161.1116
158.64937
159.48895
158.9239
158.28122
159.05435
158.2236
158.80205
160.50195
154.88347
155.68811
155.03523
155.4876
154.45666
154.63117
154.27327
154.41483
154.87407
154.55086
154.63062
155.04189
157.10285
156.73389
157.54513
156.52532
157.02122
157.66124
155.81657
155.26127
155.97433
156.68115
157.25034
158.7609
155.65151
156.67168
154.52449
100
100
100
100
100
100
100
100
100
100
100
100
100
100
100
100
100
100
100
100
100
100
100
100
100
100
100
100
100
100
100
100
100
100
100
100
100
100
100
100
100
100
100
100
100
100
100
100
100
100
100
100
100
100
100
100
100
100
100
100
100
100
100
100
100
100
100
100
100
100
100
100
100
100
201.89453
172.9889
172.82317
204.68098
202.62375
203.25913
136.81044
199.2198
178.08933
179.98669
205.51708
198.80682
205.67063
170.81949
167.34151
172.92678
174.93713
171.07918
159.73702
183.36704
180.15505
205.28943
174.38013
171.13453
177.06761
181.74256
177.26531
186.82597
200.43318
197.01752
191.89504
190.99864
195.48506
212.66535
197.475
200.69621
185.38033
213.30897
204.59502
208.71044
188.00027
170.35884
172.0643
176.98287
174.01686
169.55455
189.77152
176.43853
203.66431
199.06257
194.38958
214.66266
197.91234
196.96468
194.97792
185.22639
185.35529
195.17711
184.56289
209.99406
172.90168
176.96795
177.87908
177.78234
170.54675
179.83675
183.66221
185.89177
194.82724
198.97427
200.90225
201.09312
189.69539
214.47697
195.28377
212.25131
198.37211
196.76288
190.01303
192.0125
183.94345
180.53326
179.35185
188.55589
187.33936
193.42995
191.29337
201.58805
193.33688
200.17102
205.13585
194.49581
175.41393
188.19081
183.18352
170.0391
173.68259
169.73341
166.92365
179.95494
175.62235
179.64579
182.02631
175.80005
174.70648
179.88908
186.25344
191.12236
196.82258
199.98492
207.54168
163.19612
163.10967
168.28296
174.90972
175.55273
169.44928
167.91659
169.25147
168.74625
167.88624
165.39899
176.20509
171.27313
185.0524
173.6634
175.0378
181.85288
185.54087
177.14095
188.24041
178.18006
174.91104
165.49157
169.72168
168.40309
173.21266
162.82437
169.86731
171.01586
162.33436
171.38504
181.4437
155.35614
170.38957
199.71133
199.70518
179.51346
191.3215
180.29252
183.85545
193.40248
185.15695
174.30089
180.57229
179.20539
171.12992
167.993
167.24961
169.47561
169.74137
153.45713
164.81694
169.38358
163.95298
168.91215
169.94401
174.42744
171.54685
173.44854
182.56946
169.54458
163.53782
171.85165
185.04062
168.09598
152.3006
168.32374
168.13694
173.72712
165.69679
164.85221
167.59788
169.79074
172.09475
164.96335
179.89449
169.11483
169.64995
166.52698
167.26056
177.70053
168.83538
176.41342
173.84602
168.28216
173.56244
173.032
175.72652
180.40076
173.53536
177.15573
179.66347
178.69955
177.39678
180.71839
187.24142
178.34077
190.66481
181.69025
192.24003
178.92684
167.89066
173.15556
181.11657
184.49425
176.17073
190.04403
210.66902
174.59478
199.88585
181.64522
164.93639
169.7817
182.17076
173.15318
173.40525
169.62641
191.00181
210.53413
177.79544
204.85656
176.01924
159.87015
186.64192
172.7699
189.52693
178.79656
171.87925
179.15855
190.31918
180.68187
189.44482
179.15552
180.71554
195.98882
185.17412
203.8672
211.10015
187.06613
179.32256
181.71667
200.69307
213.96267
208.89652
185.35374
175.57581
188.28121
184.10866
197.45971
183.0186
184.04605
185.0718
205.98124
213.66586
184.37947
183.98167
199.92699
188.96406
195.97445
202.23755
191.07695
181.16143
187.42191
180.90204
197.61178
184.20533
194.96002
193.13122
201.01335
183.28243
192.5223
196.20518
206.96646
198.18327
194.57234
185.13069
182.82941
200.34629
193.64045
196.93824
201.98782
195.55616
186.43636
198.17834
193.5696
210.23124
205.43532
191.63059
177.50255
197.15729
192.1829
202.04081
211.61792
185.8177
200.78805
210.64151
201.92301
207.02864
201.25649
205.10012
214.55439
198.57648
207.983
212.96202
220.46361
182.40874
206.28458
180.47459
195.66139
203.34471
185.62345
201.70356
204.05556
204.66992
186.49441
200.33574
212.75366
209.12859
189.53369
210.97766
209.47683
185.59772
181.94955
200.56584
179.10173
182.02316
181.5643
192.06522
181.95106
195.82054
187.45102
183.14707
187.63089
196.40404
199.50678
207.45383
209.74653
192.68686
184.68172
193.06276
188.88843
213.39626
193.98276
203.52859
176.55698
193.95285
179.73768
184.03829
213.63924
212.16535
194.88352
202.38558
186.78545
184.4932
199.15737
189.39679
194.50445
182.57853
212.29518
193.86501
190.73336
188.25582
197.82919
211.40781
201.97671
200.01862
194.97346
197.64273
176.12739
209.70664
179.91907
208.39916
184.27078
207.6917
201.46032
193.64002
179.8663
195.35822
177.14785
188.16337
202.67621
202.44043
205.84002
197.35292
191.57696
180.19258
174.7306
175.43113
186.6822
178.68539
182.29949
190.39409
176.99722
179.92043
184.17223
174.74604
164.01835
163.53813
194.41351
179.84869
186.96034
184.9811
193.06413
198.12568
211.36193
195.22186
182.3144
179.95547
193.58665
173.91426
198.23859
190.52231
183.26891
209.88296
204.41662
183.26282
174.0322
171.70174
187.75861
200.83307
182.74035
190.22253
177.21832
209.46819
177.59844
179.19055
178.22959
181.61156
167.17923
163.92158
185.61967
159.99741
181.27869
183.73892
196.92651
179.97583
178.11287
179.65623
185.93562
193.88315
186.98184
181.76235
184.90608
192.25521
189.95073
182.7831
204.41418
187.8731
187.66811
199.32774
190.31048
204
191.93846
206.85464
208.70852
186.54647
194.32268
208.00725
212.70234
183.01528
205.42648
180.60228
193.59548
175.56637
206.07408
178.56124
179.96695
182.99716
184.62349
184.14777
188.38446
184.79679
183.53675
182.71655
187.01463
204.08235
180.10956
170.57522
187.91056
207.28494
186.46913
184.97427
194.13064
215.02718
181.70062
182.0852
208.37096
194.60634
210.63767
189.33635
200.67216
187.50996
192.7041
178.24848
193.01516
205.43389
200.77666
180.30531
181.47054
191.24326
206.72982
183.33504
188.01076
198.83349
194.18073
199.31952
177.72445
206.21211
193.0453
176.74294
193.94737
175.74857
203.91056
197.20244
199.70241
171.68514
168.77169
173.55229
188.07416
174.32382
181.20668
185.68538
187.27541
170.95904
194.39539
181.14288
171.6738
195.97088
167.32632
183.13913
187.42083
172.27179
185.51688
172.01771
180.34739
184.64721
178.32947
199.19534
185.4334
182.05922
197.81894
184.78488
169.12351
182.18063
177.86041
188.85634
173.47972
179.02513
184.57003
179.06832
164.24502
171.26234
197.68509
167.47603
171.16377
160.47323
193.5799
179.09417
166.9577
172.18668
164.08747
195.93349
165.61521
197.54173
173.7882
167.6512
174.34478
189.13075
170.10391
182.10755
175.69057
172.03554
167.95455
163.78973
168.91606
181.14021
185.42213
164.41304
161.89763
163.55094
168.68076
168.83048
166.25651
166.96917
175.70132
170.23621
177.86242
167.38526
180.23735
183.05716
167.01628
168.29986
170.9976
175.09026
181.38193
173.05432
170.47444
174.42721
183.68648
171.11052
176.064
168.61874
171.55346
172.82427
178.6444
187.40999
183.65418
201.80728
179.31015
187.34589
184.20249
194.84172
189.76853
177.60636
186.91763
202.20281
190.36139
177.37147
172.03298
188.34555
201.24268
192.39321
186.91306
177.9876
156.166
173.65526
190.57772
178.13217
180.62897
186.99003
198.34304
195.13385
194.64706
199.74016
210.04413
209.22511
197.76599
207.10838
219.79007
210.19464
216.197
213.50845
214.83289
209.94187
191.56297
175.80974
178.0122
179.09544
182.32568
185.03388
183.48956
172.94503
176.86099
182.66718
131.53919
161.9478
167.06975
132.39092
193.26113
199.61364
206.41821
210.87065
213.88891
218.24381
215.4847
217.21877
212.86653
216.16792
215.46543
195.55821
195.76973
205.80717
200.4724
201.27882
131.9289
167.99023
178.12351
181.62088
184.58665
177.58556
177.36343
178.44102
183.58657
135.11591
176.011
175.43843
178.35974
174.10383
172.53266
174.88208
169.03199
170.73452
173.36812
167.50985
166.3044
169.5807
165.30095
165.29179
164.1016
164.00901
163.13663
163.82341
163.12124
162.00125
161.54973
161.32114
161.81151
160.39867
161.1982
159.2398
159.8612
159.72982
159.15333
158.76379
159.46724
159.23413
158.94181
158.76289
159.36385
158.97419
160.39194
158.95897
160.64724
159.08921
159.82448
160.07643
160.50859
159.8299
160.99977
160.37543
163.45748
161.82613
162.58196
164.06389
165.53326
165.38592
163.62708
168.49447
166.88885
169.74355
166.55493
169.99584
171.13189
174.61913
174.292
171.52284
172.61274
192.78623
192.77046
190.92004
185.68559
189.44633
184.13458
182.93834
180.32214
181.79238
179.42817
178.64324
180.88931
178.3684
178.57118
177.90913
180.28712
177.70628
178.12841
182.44058
177.37959
177.09215
177.69432
177.82599
176.47845
176.92773
177.59933
175.19525
176.98676
176.80221
182.11919
177.69423
175.23868
177.04847
176.61819
178.74009
176.96694
179.22097
179.77705
177.58018
180.45296
180.57648
182.64776
181.17877
183.43466
182.32292
188.58958
184.59456
184.86267
189.84209
186.2647
193.37131
190.34655
191.34278
175.40642
180.46283
177.5898
181.98404
175.59163
180.69674
179.99995
181.4633
186.37466
191.26304
192.41323
198.13396
174.67171
178.94179
183.98183
184.52316
183.77291
181.99797
183.74541
167.71188
178.58826
178.53088
175.21782
118.81148
119.65573
153.11129
125.16102
151.41854
162.77654
123.66874
152.18627
123.96054
152.94543
124.56332
123.8327
161.46088
170.18467
152.51966
151.5916
127.81035
164.5077
125.64469
124.82023
142.6633
164.02009
161.87495
124.84304
142.77726
163.38716
161.88867
123.58454
123.0588
142.39624
161.96074
159.3683
125.38045
142.74608
160.6931
156.09145
126.02304
124.9309
158.02307
127.59603
158.79595
158.91879
193.25748
192.0913
191.1696
199.45324
189.15837
187.46452
188.0521
196.1343
194.83527
185.83517
184.59981
184.49724
182.94771
190.77549
182.3867
180.74002
180.99289
179.01714
185.77485
174.90497
178.56029
192.66882
199.96157
189.51091
189.07975
197.0544
194.28008
218.17327
217.78759
218.01058
216.91218
215.43851
217.98442
217.50942
217.6178
210.68681
206.94582
214.87286
212.67086
176.59809
177.16297
175.76818
177.4755
183.37656
188.8999
188.13904
186.77386
193.50877
174.82133
181.12537
170.81226
183.87197
183.36056
174.77949
169.81303
180.96264
181.56512
185.59027
185.22694
124.84923
125.50395
162.43615
157.32634
153.99888
125.9965
156.97615
126.12063
159.23042
156.18667
127.63724
126.26846
160.50936
125.00442
159.55093
157.42412
126.63672
125.76475
161.20964
127.24428
160.86961
158.73445
126.63152
125.76265
159.23919
126.58694
158.10246
161.34998
124.60909
125.22774
163.09119
160.08458
190.35153
197.05902
196.10665
193.06535
187.557
186.51296
191.26205
180.4666
179.41558
176.9862
179.48786
177.53866
184.20631
182.51379
181.15827
189.92565
189.32968
188.49732
195.00949
184.52992
182.78077
184.14684
182.41428
180.07961
178.45968
179.61337
177.61982
176.01139
174.08129
175.11487
176.99238
180.13959
175.17829
181.19748
187.70097
192.11993
195.18597
186.0121
189.8661
191.98106
186.99166
189.31035
193.29165
195.59426
185.96211
183.50845
184.91513
183.21909
185.06517
185.42081
182.94415
180.40069
183.13198
183.41395
184.95068
187.35148
179.32745
181.20825
179.19464
185.51454
183.78149
186.39963
181.1597
178.91898
179.38214
180.98635
182.2828
193.2697
199.45583
198.02485
210.71501
214.29692
216.93139
213.16165
214.4035
209.6859
206.76423
214.00647
211.01788
180.07967
181.37341
178.15431
180.18987
184.76047
185.86088
184.70826
182.60585
188.66616
182.18786
183.26642
184.82824
186.25931
175.37487
176.76225
174.81096
179.56845
178.99581
177.23893
178.20353
175.24597
176.91795
186.44236
184.39118
189.48795
190.93052
178.93137
178.62475
181.68073
175.3041
174.55732
179.7125
177.90101
179.83094
177.9538
184.53716
180.17238
184.34624
186.56763
184.66621
188.43257
191.75324
190.19504
191.95217
190.0647
199.52453
194.65858
191.51945
190.77954
198.97449
191.34456
191.22985
198.77903
198.73961
191.63193
198.87168
197.28141
187.84587
189.92676
187.52384
193.0033
195.93787
186.18122
184.18883
191.40919
188.07807
178.21755
182.069
175.52295
178.98486
179.48341
177.13625
193.93646
191.82642
197.23314
197.94853
191.6058
189.98413
189.53293
196.48837
183.31338
180.27107
182.01779
175.31394
173.85325
178.0052
176.43683
176.82729
174.9736
181.62042
179.5227
181.09276
179.8532
186.51899
183.86385
185.54637
186.71712
190.14481
191.53782
191.69612
192.5945
196.91774
198.54004
172.7731
172.67064
183.17747
182.7263
182.44428
183.65139
166.29626
174.33069
181.20412
182.4675
167.70873
181.80833
183.12809
181.70829
167.16169
174.78762
181.58906
181.58085
174.79104
173.62194
183.15311
182.0597
174.42946
181.27745
173.04808
182.53207
173.9038
182.73597
174.98578
173.36181
184.42376
202.50773
200.36212
207.31987
209.08147
217.46793
216.72872
215.29401
181.36457
182.87743
184.03701
189.16886
188.15551
185.34577
187.48889
189.5858
189.24837
217.79151
218.94949
217.36828
217.55485
200.36196
198.06669
171.65934
185.6577
170.88863
180.29148
170.51406
170.66697
182.77758
187.58812
183.13398
173.56748
171.64402
186.2115
185.07933
173.68493
188.2265
186.41589
173.3864
174.64365
194.77747
184.94301
186.90365
174.29205
203.45227
202.06113
209.23551
199.37455
201.90371
206.775
208.8512
217.05049
218.70362
216.99677
217.69266
186.1059
187.33445
178.98104
178.26516
178.50994
181.5798
184.34388
184.17752
185.4743
186.03931
172.03607
184.62793
188.24643
174.02529
170.96946
216.5602
219.92544
219.43184
219.49532
217.33871
217.487
185.94347
190.11349
187.01896
199.15141
206.01166
183.68086
184.70177
185.19254
185.2464
188.70813
186.73584
190.82425
191.88763
182.04476
182.7093
184.79533
184.82392
186.91121
188.6496
195.4031
192.26981
183.78987
186.26743
174.7287
172.02423
186.18133
172.50036
182.7388
187.34292
184.94708
186.51924
187.76423
192.30902
195.94159
184.12182
185.55542
191.32329
181.9251
179.73002
180.32417
186.81133
188.27816
193.09095
192.8937
198.54158
213.95886
212.15443
213.51797
214.53831
188.0248
186.78948
190.47731
185.9822
182.72658
179.10755
181.66398
171.6621
195.264
195.2002
199.01178
197.11187
189.76816
204.64449
203.84347
209.49408
188.84831
187.03105
185.97889
201.34313
191.97332
190.57014
189.7945
197.43529
195.89374
202.51103
197.80818
200.27263
211.27727
216.30507
212.73324
220.57734
219.2702
218.94421
223.15043
220.95877
195.44766
191.21632
189.80441
198.19399
198.96753
195.68338
191.10411
195.92536
187.89748
193.67199
190.79106
195.50422
189.63133
196.95758
184.02627
193.09162
198.79666
192.99947
204.01612
197.8433
205.99167
195.78782
194.43439
191.36209
191.79766
197.06547
196.32092
201.61267
202.99532
198.78415
205.17269
203.74245
210.43573
221.56829
220.91365
189.72926
197.73262
189.66628
194.12241
194.89548
200.80122
201.63632
190.28158
192.12278
194.61946
190.32865
192.10624
194.77171
193.53001
190.19606
200.25333
197.50228
186.58948
186.79798
190.78833
197.07197
193.59543
194.81828
205.0247
201.405
204.8334
198.99482
213.50777
206.76669
212.35051
211.64484
194.11509
196.01031
205.46274
199.35949
204.91411
198.08433
209.14076
215.0809
206.59056
205.45621
212.75916
184.9213
181.2145
185.9555
190.48466
218.91437
220.26719
219.77099
218.00548
217.14866
224.43499
193.11546
200.04265
196.5098
193.48542
198.21081
194.71211
190.64185
188.7397
188.11876
193.13364
193.02678
220.58687
220.22994
218.08613
202.7211
203.45664
198.64793
192.43799
194.47505
195.95502
197.6396
199.531
193.10087
198.04082
195.67961
201.21379
186.56564
202.92739
195.29334
198.24679
197.75233
185.1006
188.40022
185.94358
196.36083
199.39864
201.26131
199.53083
202.41011
193.70267
193.32223
197.52975
191.26135
191.57882
192.98551
198.25273
204.76016
201.52485
203.52306
185.56523
183.20433
183.30152
186.90617
183.83133
187.22577
184.19825
187.67364
190.77076
193.81581
187.87651
183.35622
183.17439
212.81717
217.86012
215.52623
186.13703
191.55593
195.09171
189.39825
187.22457
192.83033
194.62538
197.1977
197.98133
201.74673
204.17035
208.81459
200.67066
204.7799
205.72154
206.35917
211.51025
204.15448
209.55502
203.17824
211.25088
198.6931
200.6662
209.13872
206.08176
197.03279
194.31734
198.08267
181.71641
184.15393
181.00177
183.61871
185.89964
179.9596
184.29824
181.94391
184.45701
181.78044
186.58559
186.97537
188.42446
193.14752
190.03355
194.11134
196.82401
203.71195
197.38105
198.9663
205.49178
212.63047
211.13044
205.03907
205.91212
212.06288
213.02806
212.59489
212.84588
212.57676
203.34482
203.72033
210.79451
185.4061
188.8744
189.77427
190.7735
199.36791
203.19362
202.3061
207.80834
208.14506
202.51148
212.79665
208.77432
207.92373
207.04579
204.81628
199.18782
199.05391
203.02951
200.72484
203.61366
207.20189
203.90248
209.64909
184.12122
191.82696
198.96109
194.44251
213.99122
212.89766
207.87029
209.12396
208.68183
206.15799
207.36668
208.09549
205.85648
207.01319
210.65166
213.13273
206.52966
201.58024
202.65978
198.53287
207.41162
200.10599
204.73568
205.78322
201.68547
204.16911
223.59934
224.36004
221.5348
222.05965
221.88827
222.19615
204.85113
199.35184
202.29494
207.45182
208.1262
209.83392
202.61863
203.88711
193.28564
191.9061
196.39906
193.84771
220.64125
218.85863
218.83665
218.25134
225.58842
222.31185
223.72765
225.84694
224.78489
222.84726
183.97602
186.7077
217.44526
210.6627
214.10382
217.2057
216.78132
216.25599
183.54473
187.69314
174.69818
193.90319
202.32032
198.62837
195.49629
206.76517
202.43399
207.20496
205.08891
208.37672
207.10621
208.64308
208.41733
211.36085
191.78725
191.80038
195.11733
195.93222
197.18639
198.26286
197.23105
209.79707
213.83137
213.31154
189.52213
191.3886
195.15943
211.15745
211.43746
214.86595
213.77458
181.58691
189.55932
186.65469
190.98273
187.14694
188.96567
220.02375
217.11686
221.02739
217.48989
216.99193
209.08449
205.32325
201.75807
209.40767
208.99187
203.71291
201.34619
188.38236
188.17561
189.50856
202.10502
195.44715
198.23669
200.72915
194.03263
191.90293
197.27266
193.20577
192.40205
209.15825
209.28026
214.69444
214.67121
208.55218
210.17381
205.47184
201.51265
205.17023
175.40829
185.06849
208.11093
204.42303
200.938
202.29914
209.38534
211.79045
211.43846
216.33473
204.65354
202.34187
210.88478
198.48035
201.19466
202.75652
208.47737
207.32298
206.09253
211.53435
216.9126
215.20204
216.14291
212.86314
217.87577
217.59082
223.02084
220.58045
219.70115
217.46795
217.60826
216.87973
216.45317
211.61281
214.74167
211.64977
207.71471
205.17339
206.39544
205.43482
213.29531
210.65809
204.94969
207.82314
200.08119
217.69741
216.48733
215.32204
215.06866
190.64656
189.0423
193.67904
211.63954
212.03369
207.94326
206.51694
207.70947
220.34117
218.80896
216.2583
219.69121
219.78389
219.233
205.76563
202.5249
197.91459
204.09827
215.20776
214.63903
210.94264
212.7956
210.83457
210.97088
210.73173
213.70997
206.11861
207.39879
211.00134
215.64361
216.94961
217.29442
217.47236
207.02725
206.83746
212.25894
201.96701
203.10877
206.18951
220.41471
220.33575
221.74181
225.33649
222.72427
221.29235
219.22558
217.18629
221.95916
220.69596
220.47755
220.51957
218.63891
216.41426
214.13381
219.01531
209.53975
215.48113
214.56046
217.64512
213.47033
213.40695
211.81345
205.25171
212.66985
207.62686
210.40793
211.3482
217.14516
215.31888
213.43817
209.79627
226.78691
224.3218
218.17907
220.51527
216.66418
214.64687
217.17499
217.24794
213.21806
213.6543
213.05933
217.26229
216.61604
216.14433
215.75239
215.83156
215.70291
218.28157
215.27021
211.59041
213.53894
212.7008
218.12914
218.06156
219.50144
219.50333
219.53231
220.357
216.95961
218.34086
216.25746
220.12244
217.66789
210.34774
211.43583
213.70828
214.0578
221.53805
222.09039
221.29757
222.60356
212.10264
217.36773
218.90034
213.39566
215.98125
217.62251
222.43221
225.72949
220.86263
222.44417
218.96169
218.21416
216.97075
220.22526
217.4646
221.36202
220.02375
218.77976
219.76746
221.8456
221.04484
223.55288
220.03711
214.77082
216.64604
222.01808
219.73148
221.42371
225.41006
175.55335
171.40993
179.11198
180.40548
182.4848
184.83511
186.22681
188.95283
190.00115
189.10899
191.26185
173.13956
173.78685
189.47639
188.03862
177.87781
183.49086
184.8133
186.67944
190.20341
189.26485
191.02771
172.03372
174.23126
171.68437
171.08772
174.57125
167.37592
170.63176
170.00112
169.64553
166.08055
165.68293
168.88631
169.69385
168.47993
165.1891
170.17485
164.62955
168.86963
166.42728
165.40638
164.17251
169.16121
163.18266
163.82442
161.67026
165.6663
164.57142
161.60055
164.81855
161.52384
162.6179
161.849
163.89654
164.8112
164.18825
160.84453
160.71513
162.40197
161.38744
159.46109
164.22879
163.43704
163.47104
163.55117
164.43947
160.27498
160.04679
159.21314
164.22951
164.09663
163.28078
163.20168
159.58935
160.00263
159.89096
164.18112
160.4127
163.11481
159.51825
160.91237
161.20843
160.38481
161.06929
161.19409
160.74308
160.00015
162.88289
161.37557
159.80894
161.46928
161.133
163.69369
160.47884
161.34495
163.3268
162.62456
161.54557
165.47582
161.99173
162.50977
163.25167
166.11556
162.0344
166.10984
164.09322
166.44886
166.26406
163.37258
167.84445
165.54673
166.74218
162.80065
164.75998
173.59993
172.69979
167.60458
169.73535
166.58226
170.3091
171.35753
168.01431
171.69094
173.6575
170.13594
169.11188
178.61971
180.42173
182.14375
177.28504
185.13011
188.21144
187.81771
186.77479
184.84961
183.03695
179.69392
175.79858
173.87601
176.97582
176.93086
174.74308
187.17508
187.37438
168.71209
185.57735
183.14487
174.808
173.24456
170.59307
171.95802
183.05289
182.52037
184.93623
172.4123
171.01833
169.36471
172.88502
175.97164
171.80444
170.89455
174.0984
163.93292
169.04977
168.02144
166.23566
169.68409
172.98595
168.69573
166.71966
165.78546
167.94418
171.9868
166.40245
167.6809
167.16679
165.94229
170.01557
170.94374
167.42885
165.94295
166.25692
167.34258
166.90312
169.40868
166.56645
165.91971
161.43709
166.89946
167.28452
165.17119
165.7789
166.19351
167.91534
170.44099
161.52661
167.04268
167.52538
164.10597
166.61107
164.83203
167.64417
170.82028
164.47376
164.11679
170.61353
166.82745
170.28016
164.61201
167.53637
167.12007
162.66922
167.65208
164.52646
171.18021
170.68716
167.27788
162.6171
168.14937
167.09396
165.17041
169.64648
167.46367
162.86779
171.89698
165.08199
168.35921
170.86702
162.08458
172.19854
165.43501
167.9721
168.70265
162.63617
168.33225
167.80939
168.80466
172.29478
166.25898
168.32314
172.60852
171.03573
174.06616
172.29913
181.42992
177.92974
184.75023
188.38569
189.76639
185.63646
189.51064
184.17066
187.6795
176.9078
172.60793
175.19031
188.22176
187.10528
185.35728
189.22072
187.31664
186.53404
184.35125
172.52564
169.90377
169.1405
170.24572
175.92239
177.78189
174.69713
180.50346
170.73764
172.6588
170.14996
172.53167
183.2939
179.30666
182.00775
180.99942
171.118
172.39145
172.85858
180.02703
176.64267
175.70042
178.61646
171.57235
169.85212
172.78083
169.31678
169.00792
171.43795
170.13796
173.66319
179.40422
169.3775
171.59282
168.85711
172.80288
172.75616
178.38423
171.83359
169.0871
171.4832
172.06836
169.46761
173.01195
171.77153
171.33871
167.71954
170.00571
172.91683
169.70501
173.42542
173.9679
169.55243
170.65431
172.66888
170.17461
171.38863
174.26377
169.41656
169.00846
170.36869
176.17053
168.92679
170.53329
172.03905
170.95083
169.08399
170.52006
171.03844
170.91165
169.64473
174.38089
171.2802
170.15213
174.7819
173.5721
170.84791
174.45201
173.88064
176.29896
185.89435
184.20484
181.75236
183.28816
181.72244
184.3229
187.51605
182.31271
186.25446
183.82716
170.52362
173.48639
175.27601
180.6021
182.64627
176.98513
179.07003
174.96802
175.94738
172.30239
175.80693
175.64877
177.25369
186.04896
186.97738
186.33987
184.00703
179.87922
185.82574
186.08822
188.65956
184.0296
183.30272
174.11298
171.9822
175.05946
174.94344
174.42252
174.27968
175.2679
178.54223
181.88465
176.00692
178.25905
173.22574
174.79514
172.16307
171.80557
174.83926
176.3295
175.76592
177.67317
177.57753
176.86393
173.94476
174.62784
175.77084
177.11315
177.23789
173.38957
173.11292
176.84206
176.52019
173.04004
174.42247
175.30514
177.30199
177.37657
173.96238
180.8118
173.41559
178.25874
179.86342
172.76604
178.071
175.41177
177.38596
174.7154
177.5526
173.50925
172.51286
174.17862
174.75444
172.11828
173.97987
174.06172
175.72172
172.45497
172.90488
171.8553
176.21261
175.8507
178.32644
176.00056
171.67192
172.61828
176.29481
175.64924
176.89227
178.73539
172.01878
176.23686
177.41401
177.55029
174.80303
178.08924
175.41596
183.79439
186.39596
187.81382
185.58395
176.16099
180.19273
177.66089
181.28014
179.67716
184.81942
182.87997
177.44121
174.5497
176.16468
180.57836
184.20512
184.63091
180.43389
181.37411
179.53298
179.0188
184.55343
179.79057
184.7681
181.62658
185.40569
182.70892
184.94187
185.12905
181.68122
182.00479
183.35113
181.90261
178.09082
178.84838
179.52679
182.11154
181.94205
185.41259
178.09522
176.75015
178.85838
180.92592
176.41532
179.57303
176.87448
181.36277
176.25229
175.49743
176.86388
174.53408
176.02411
175.85442
183.23239
179.45386
184.38211
178.96914
180.45976
178.07093
177.60398
178.28774
177.86913
178.51163
177.18754
183.64156
178.29121
178.01984
175.85933
176.60391
174.34839
180.72945
176.23635
180.73588
178.84798
178.77461
174.59813
178.45077
177.49491
179.24247
179.06595
180.02041
178.00283
178.93007
178.96717
180.21333
177.19965
178.59669
176.15988
178.78459
178.63728
176.49239
174.98852
176.39007
175.72035
175.66974
178.42533
177.84335
179.1198
180.73788
180.91778
181.05115
182.50434
177.54085
175.54508
176.68197
176.8023
177.67308
177.52075
176.89698
182.28124
180.71484
182.59045
180.8026
181.0608
181.27336
179.54781
179.78668
179.95841
180.30611
181.51848
178.6566
179.7561
181.57748
178.53938
176.54353
175.50301
176.41636
175.47699
178.65688
175.58928
177.34893
178.52119
179.02227
179.17504
179.69008
180.17075
179.67198
180.3295
176.68073
174.35513
176.5995
179.80027
182.39995
184.39069
180.4996
178.4294
177.64627
175.87335
177.50358
178.88508
178.09991
179.22283
180.6268
179.16373
176.90137
177.99043
178.11122
178.56148
176.30838
177.09343
176.88357
176.985
176.75205
175.71145
180.13922
176.45304
178.24787
177.26203
176.32303
180.6664
178.985
178.94611
179.10053
180.07272
176.61136
174.84458
176.89541
181.48362
179.85573
179.58893
177.66295
177.72322
177.15406
175.73055
170.96321
190.07975
188.81651
184.85813
181.69457
183.84815
179.88929
174.82911
170.86706
173.39731
174.04209
173.22134
179.32549
184.19391
191.23583
184.66556
175.24194
173.41672
173.92536
171.43401
189.52814
188.83125
185.43321
190.37995
189.02349
184.05769
188.12049
187.17453
183.99341
189.27018
183.8201
182.607
182.01224
180.96893
185.93888
185.67987
182.89685
182.60884
180.71607
180.9836
180.07558
181.24544
184.71552
181.76157
179.65695
179.35156
178.94119
180.25369
180.48072
178.5634
178.30093
178.47848
179.98043
177.99155
178.4672
177.98742
177.80841
178.0455
175.9946
176.8653
177.52013
176.19794
178.04772
177.52725
175.78802
176.61772
177.05303
177.30134
177.37188
175.94932
177.01679
177.53427
176.96008
175.46062
177.33401
177.55248
177.03114
177.12219
175.48204
177.85661
177.32448
179.81138
176.33141
178.48167
176.7068
175.70777
175.98942
178.32556
179.28402
180.12548
176.78954
176.99838
178.90688
177.16305
178.63793
179.96445
180.92714
177.64007
182.25932
179.56985
179.1845
180.57098
180.82461
180.84274
182.7693
183.04339
181.35226
181.68154
183.72344
184.13687
185.9264
182.99382
182.31375
182.57356
184.6028
188.90281
185.03944
187.03604
185.77571
189.6018
186.84204
169.64336
171.53281
177.94034
180.15927
181.82357
177.83021
176.56938
174.41122
187.26738
183.65173
188.99955
183.83934
172.8723
171.12048
177.19452
172.82115
182.94524
181.3056
185.47468
182.65968
179.28897
180.35181
176.8058
183.92565
186.61193
175.42038
178.54336
179.60066
175.4544
187.86116
182.3417
182.26261
182.58436
175.03164
177.95292
176.21033
173.9662
181.41371
181.41493
175.91717
173.65025
180.66912
177.8817
177.77285
180.50121
172.92161
175.72405
176.71859
178.51384
177.26603
177.06146
173.0008
174.12107
176.67196
176.06013
177.95852
176.65285
175.95618
177.5827
174.30773
176.98501
175.70524
175.66121
177.89067
174.61129
176.74262
173.31211
176.33532
175.52275
174.8318
175.51552
177.2584
176.72274
174.40919
176.36789
179.66753
174.86848
174.80916
178.12905
182.17211
177.35087
176.19277
174.6071
174.0994
174.92369
179.48027
183.01085
185.14715
178.24047
176.58075
174.42641
180.44316
186.066
182.67491
177.05392
178.59769
174.93696
177.29432
179.34696
180.71793
177.46322
177.95
181.50811
180.0757
178.2649
182.55477
184.17325
181.03642
185.21681
182.25216
172.93938
179.7666
180.90708
181.47341
179.6766
180.25558
176.01712
179.16241
182.05627
177.35997
176.18791
174.65632
172.45327
169.65262
169.15928
172.88184
169.63119
173.55441
170.41615
172.04351
173.0733
172.56532
170.41491
174.24457
174.80531
175.87352
174.59475
175.36461
178.57057
178.44426
176.5858
180.06251
180.36347
182.10468
168.5164
171.78325
172.52223
173.93834
175.01807
177.12604
172.2556
182.08681
178.58314
176.3683
175.12102
175.07947
180.93053
177.56887
178.90069
174.7333
175.89659
168.45995
171.84678
174.13121
171.61351
172.56258
177.59159
176.06388
171.9539
171.23581
172.65703
173.88074
173.8887
171.54537
173.02986
177.50157
180.3301
181.06647
176.44311
177.02518
179.64796
175.63011
171.09339
173.65371
172.73157
173.3677
172.83888
172.64596
175.28842
171.56552
173.0615
175.31149
170.11555
173.80094
172.84127
174.63352
173.80579
172.76688
173.75479
172.52785
175.01778
172.27289
175.98783
178.39017
175.84271
176.88617
173.07929
174.0164
173.61364
172.74806
176.56807
176.7233
174.60288
178.10107
172.25309
179.80977
177.41193
179.8593
178.13752
175.27173
168.52769
170.83203
173.61345
176.09103
173.99879
174.31626
174.45633
173.31676
174.40239
178.40349
181.84696
180.55533
174.4014
172.78245
171.44923
167.94246
168.9749
168.68307
168.53209
179.43875
174.37852
173.21413
169.39412
169.47077
172.76516
170.76952
167.10381
170.59232
167.26981
169.69157
170.72193
169.23734
167.34365
176.77253
171.4139
175.29544
172.68799
171.54738
168.14072
175.10894
171.34295
173.11239
173.53343
171.54525
173.30974
171.32805
167.14881
169.72721
167.50216
175.20501
170.98233
170.56556
176.31993
174.81207
173.49454
170.97233
170.01949
169.54751
167.69705
167.74022
167.10941
170.76791
170.34537
166.93716
167.51507
171.63979
173.66217
171.02011
169.09485
170.87073
170.20266
169.96302
169.00207
164.66424
168.35828
170.70941
168.08767
171.23812
167.60666
176.06063
173.90347
178.25186
171.70455
174.50955
179.69975
169.96923
170.75465
172.7302
172.06374
169.98258
167.61561
168.03721
168.81234
170.92732
165.52964
168.20153
168.97757
169.35412
172.18099
171.20428
170.71332
170.8941
168.1571
170.62245
167.6599
167.12474
168.71107
170.62462
174.50672
171.69412
168.58975
169.51051
172.74682
176.83177
174.79455
175.19971
172.09943
173.83923
170.06321
173.83894
169.33433
168.0022
168.43449
170.59339
169.93278
171.54848
169.66398
165.41967
166.49728
168.97285
163.37677
165.55222
165.36401
163.31352
171.68552
169.79413
172.16509
171.05007
166.53055
169.69412
166.74822
164.88901
168.41748
165.53068
164.60774
166.43464
164.93621
164.58269
161.88144
170.71433
168.96027
168.39607
164.61717
165.53717
167.40942
166.64148
167.38412
169.54829
166.73024
172.52218
168.76338
168.25528
167.95283
170.63512
172.58096
164.14553
165.83763
163.76514
166.44956
164.6433
164.44276
164.63043
165.39147
164.33564
163.12836
164.29218
165.20995
163.13359
162.93922
164.32534
162.94896
165.40577
166.33486
165.33157
167.38172
166.63298
164.49241
163.4398
166.13363
167.77996
168.95218
164.40077
165.88461
170.56268
167.15779
167.35686
163.72755
167.54429
166.13608
167.6155
165.56852
165.13642
162.28793
163.86821
164.29451
166.18015
170.70619
169.01469
167.58373
164.47785
166.71895
164.50919
166.53258
166.36574
163.80154
160.94422
165.09207
160.2288
163.09098
160.63455
168.33578
165.70075
168.21301
166.39601
164.14943
165.46146
163.65588
166.54121
166.4796
166.77922
169.23041
162.88792
162.11383
161.23889
159.9985
161.47379
161.92975
159.842
161.57682
162.22807
159.80094
159.88692
162.99824
159.74997
162.45205
162.05461
163.33417
162.84999
161.36773
162.47527
165.06902
161.76164
162.6498
162.42283
159.9284
161.64526
162.53716
163.55195
165.36848
164.00086
166.88948
164.79194
163.87689
165.52873
162.61211
162.88907
163.34432
160.80313
162.39486
160.39426
160.25628
161.43606
161.80098
159.82321
159.72311
159.70694
162.44431
162.17871
161.63093
162.30729
160.69757
162.11657
163.10367
164.51102
163.3379
161.65689
165.8372
163.07608
164.95017
165.13437
140.24326
134.37049
136.37265
135.16588
130.33622
135.09076
130.27363
137.53624
134.457
137.37839
134.20756
133.81701
137.26695
137.96916
132.2159
134.71992
131.40299
134.36385
132.15152
127.93351
132.02863
132.06977
127.88594
139.03325
130.77581
127.90121
119.61537
139.39722
130.14793
120.09798
120.01978
133.13701
119.47602
132.83091
132.28416
132.46801
118.69998
130.4264
128.59202
125.51766
201.06234
194.80294
207.06675
202.8645
201.81121
202.95392
208.51062
207.32516
198.02372
196.20635
198.13257
200.60479
199.87503
171.05012
169.46331
175.49366
174.29223
175.86533
182.27003
176.32515
167.62504
174.28125
176.75927
176.11716
170.79073
172.70669
171.00355
172.6219
178.52607
174.75763
169.62111
171.25941
170.99284
206.97752
199.82012
202.65512
203.7343
207.22555
202.18957
206.88424
203.40934
205.05086
209.53697
202.02873
208.20982
205.11021
200.53579
203.63277
202.01021
203.99499
200.07063
203.45916
199.67709
204.14733
199.30389
200.13477
202.77182
204.14425
206.46507
206.27328
208.89409
204.56744
208.31803
198.97184
203.50423
199.10532
203.17214
208.41653
201.05123
198.98856
200.85015
204.51065
200.68932
201.31617
152.44327
154.09839
151.78505
146.23944
144.52656
152.90248
151.03427
146.95413
204.44601
198.72718
206.53267
208.56887
201.23629
192.45586
195.96319
205.08755
195.48319
191.7404
199.41594
192.9803
195.30894
194.36678
193.87503
198.86318
202.67393
180.11826
174.79015
175.95372
172.15226
177.7708
177.1867
180.00261
184.85176
182.28072
175.52896
184.25542
178.23625
182.90227
180.14528
177.96799
175.36198
174.95043
180.48028
185.2707
177.40174
180.99498
180.97728
176.75395
183.34586
182.55927
207.83289
202.51681
204.96327
210.18617
202.23253
204.80141
200.13589
209.8077
198.45928
205.56254
203.1007
201.79469
204.72762
195.18503
204.75034
189.24929
194.0014
190.34494
191.58489
191.84606
192.12183
197.82244
196.8003
195.88868
200.14267
197.94922
204.56498
197.54515
204.61778
201.29851
205.00736
205.78916
202.36413
207.71299
201.65856
202.62545
207.98694
208.14995
210.34289
207.52928
170.88726
167.25434
167.80104
168.91906
173.8398
172.1781
172.24976
172.65997
176.23896
176.23622
165.73213
165.65479
165.72295
168.3684
167.7745
166.93378
168.62517
169.45762
167.79597
170.99007
177.74027
172.38143
168.55274
173.0879
170.9072
169.77114
170.1855
176.06592
171.4018
170.85632
176.13957
173.91312
175.0228
173.00741
176.33158
173.98817
170.97405
172.19488
172.01279
174.18624
171.5916
173.83161
176.01905
177.05677
178.97373
178.12183
180.54249
167.08215
173.70648
163.94854
170.15842
169.24166
170.61596
170.8114
170.28639
171.39854
172.45385
173.03825
173.97088
170.83882
173.39682
173.06701
174.39422
156.65062
163.6375
170.74524
158.65237
167.00206
170.6674
180.84722
175.27995
184.56575
179.42903
181.49526
186.93879
187.44034
181.72506
188.71798
176.46676
175.25392
180.20738
180.77244
200.90889
209.87545
201.53256
198.86492
202.51507
206.77252
197.93046
201.67639
208.89646
172.625
174.75774
178.56703
171.44968
176.2389
178.14204
169.4578
168.67842
173.06462
172.04001
174.37192
176.61072
179.30011
173.44366
177.38881
176.37807
178.80819
179.09045
180.96488
180.71544
174.24362
174.7673
176.11496
177.51997
177.12524
179.12614
178.05166
181.55136
188.31891
183.66731
185.1936
191.14864
199.92644
193.42926
206.57721
202.62168
193.12361
194.49706
208.58161
197.10007
199.20995
198.7104
204.38047
197.05571
191.5584
202.21758
195.99568
192.36914
197.31257
196.64352
191.75085
198.50501
196.03291
201.85776
185.19946
185.42883
189.77075
187.32109
188.01738
189.42976
194.70549
187.77455
196.57054
187.39673
196.22589
197.08055
185.20255
193.97957
191.96046
187.13601
192.51545
192.04611
191.75739
198.84617
195.37726
194.29191
200.22785
203.00992
192.18051
207.64306
208.71946
213.23894
207.18031
211.38986
211.36979
206.13286
211.67111
213.74992
192.84562
192.40689
198.3998
206.80375
194.98163
203.18485
207.54042
191.58685
193.8304
192.68612
193.20939
197.02461
196.05221
197.53502
198.97106
205.25197
204.17098
202.95999
198.8327
183.56764
184.89447
186.25636
184.01803
184.10741
190.37246
185.43471
187.36998
190.3141
191.4331
208.74895
213.87484
212.75564
206.01443
211.41395
210.30791
207.63976
200.74915
204.38361
202.8181
203.75977
200.85477
208.74697
200.33673
204.49548
202.68956
207.69864
206.00704
205.57677
208.86163
204.53405
211.1807
205.12768
211.44014
205.91535
206.02591
208.2237
209.07986
209.94424
186.62802
190.54537
180.55705
185.26104
183.27395
184.98265
192.82889
191.36157
182.42311
182.92059
195.66893
189.8535
189.01601
170.72747
167.98817
172.12004
172.41971
174.27413
173.06583
175.72668
168.39636
167.52898
172.4801
169.26369
175.5345
172.54668
174.55242
176.16892
178.31602
180.61565
176.30729
179.00281
175.45249
180.64255
178.57383
177.30733
175.37419
172.1978
175.45793
183.0028
173.07299
179.53504
173.84938
174.20515
173.69468
172.45401
177.25743
171.04938
172.28287
175.76462
172.38549
177.44973
171.27817
167.6503
163.99078
174.14016
165.67436
172.77495
176.87678
173.79337
170.81821
176.84905
187.48306
186.13683
182.75691
184.61038
188.34137
196.13747
184.72789
188.45269
192.43585
194.0147
192.20524
178.08821
175.6217
182.25592
175.37077
185.68601
178.80449
183.59951
209.80305
195.85501
201.29715
197.12981
204.95313
195.77164
193.89983
200.67497
198.97401
206.7069
197.59756
201.09524
192.77198
196.71755
192.9534
194.86333
201.98566
194.03679
201.08686
201.99567
203.58366
203.6992
193.62778
202.63718
190.57247
197.39724
187.63536
186.65203
193.23449
187.67227
188.21254
191.74919
186.45999
190.09826
198.31202
192.21761
201.95477
195.99798
200.79164
215.18782
212.57292
207.50909
210.60051
212.49905
211.61859
193.54036
201.79617
193.83586
203.86087
194.75627
203.16463
207.97616
195.91999
191.92276
193.9318
201.7342
193.23334
200.58098
198.11806
194.84827
189.15559
192.26649
194.1233
200.62588
201.0035
195.96672
188.89235
185.1111
182.84184
186.50655
190.62593
186.72408
189.08601
182.68808
190.03987
182.46807
183.58922
186.79251
191.80329
193.94097
200.4946
188.13844
194.3205
200.76419
191.28362
194.44458
188.95289
182.74463
181.53786
189.51562
185.42064
183.5427
188.68003
187.63492
183.77467
192.2217
180.06368
196.35726
191.22164
212.43787
211.59549
201.70749
206.19594
208.74075
208.18278
207.91252
203.9989
204.62109
173.59639
171.13452
177.85494
171.09636
177.36252
171.63606
178.36574
178.06391
181.13422
177.73262
172.29543
182.85714
175.44221
173.47189
176.26432
182.65086
184.97198
182.25475
177.69396
178.20301
182.26947
174.8163
179.1983
175.66829
174.73129
180.42093
173.41431
177.61384
170.89915
176.81471
180.70206
171.30267
174.81408
177.74888
181.22988
175.38509
174.78441
182.205
167.70206
169.93673
168.45729
168.63889
169.61625
168.12518
169.74459
168.68733
168.55535
168.89236
171.54553
170.85247
169.38893
171.92853
185.64238
179.607
191.03356
186.39806
179.01233
177.68524
175.29162
183.76718
175.16228
179.64676
181.99574
182.85479
185.61702
178.92519
178.50377
183.30221
188.3918
182.01562
185.86912
191.7076
183.02089
181.00964
187.18354
189.33808
183.37975
190.3447
192.72245
196.39664
197.09134
194.20435
196.40717
189.00853
189.95529
191.97784
189.62058
188.86417
200.38909
191.26708
201.1731
199.32683
195.10542
208.32344
196.75129
207.19686
198.58045
194.0233
192.96351
192.01199
193.21448
202.13719
202.31712
202.99647
198.97975
198.69977
196.86503
205.53859
192.82645
192.59821
194.76842
203.70967
191.10482
191.71635
195.28317
197.41035
200.1598
199.12237
203.83935
195.76392
208.90507
194.56464
204.56114
197.81434
205.58915
196.88212
200.73403
193.04483
192.97137
188.01937
187.03397
188.09649
200.06744
191.11334
190.2707
212.42362
210.0197
210.2701
211.27767
213.56499
212.66745
209.27661
211.53356
212.18278
198.95096
201.22839
195.80845
192.80678
189.733
190.23317
190.00102
191.5606
200.09709
194.049
197.57463
208.4171
211.34538
209.39564
212.87577
208.02629
211.93222
212.71245
209.7255
211.87356
207.66878
211.80216
212.16265
207.33461
196.0173
193.12571
192.41054
203.18826
202.86576
192.84639
197.17297
203.48583
194.83424
186.35106
188.05305
191.53746
191.01179
183.44211
198.39561
186.30561
189.23836
188.13238
196.45163
189.16136
192.12447
198.8274
192.88261
198.35487
189.40815
186.45825
181.76251
188.38323
180.94177
178.22741
179.61126
185.9742
176.9784
182.631
175.43485
182.97647
174.74697
175.88954
183.00904
186.24891
192.42547
194.42084
186.69425
187.8619
191.59251
189.61969
195.88723
185.70424
195.54917
192.70296
190.15963
194.32127
185.31578
183.67574
185.08004
186.61134
192.41441
184.86096
183.98261
195.15388
184.44434
192.03894
188.85628
189.05556
190.93891
194.78347
196.20166
188.29723
197.69448
189.56266
188.57187
191.99949
195.59591
188.22528
194.49504
197.09195
192.3264
192.99852
192.12587
187.97823
195.37735
191.98231
189.01414
200.39169
195.20219
194.45214
196.75996
198.43312
200.43862
204.85994
198.33239
195.1957
204.16871
192.88901
191.61019
188.73048
196.64665
202.63657
189.90038
201.36965
201.56289
194.36062
204.6875
200.19079
198.03847
199.88521
203.88404
196.4623
203.25509
200.43481
207.74332
195.93043
198.72721
195.87955
198.69274
211.07266
197.4147
203.22953
206.24564
202.6871
199.32791
199.85308
203.36995
194.93423
193.13924
203.06737
203.46052
173.0639
177.91741
175.57786
172.13817
175.07894
174.86603
174.9516
172.82927
179.59629
174.37461
173.26481
176.98181
175.09375
184.08981
183.70808
186.96888
189.02297
192.30128
180.17484
183.56629
180.84452
185.88655
187.10248
182.14035
187.66064
191.30993
189.09719
183.74085
169.76725
168.14795
170.50976
172.13231
167.59416
170.79978
170.01335
171.44599
169.56026
169.80849
168.50794
169.71626
169.45603
172.28829
173.81069
172.49898
167.87318
167.36204
169.94451
173.0753
176.36472
174.73458
170.5066
175.12721
174.83698
179.82302
172.62946
168.82603
171.52308
172.91831
168.23573
171.57447
170.64717
171.01984
167.33081
165.25249
169.16125
165.70518
169.50249
167.45092
167.8628
170.98144
170.16035
179.16951
180.19396
177.80576
175.41653
181.81096
180.14092
176.21162
178.56299
175.90561
179.96842
176.51601
177.04157
174.55779
175.31404
179.7506
177.4587
181.87871
180.67346
177.81008
178.83684
183.823
186.58162
188.60531
174.25792
177.06251
172.32038
181.92778
176.78823
178.65317
175.10843
181.65179
177.11175
184.11694
171.30687
175.28447
174.00613
172.62068
172.39875
174.49305
177.1137
177.42467
179.9368
175.95134
182.09457
177.09578
176.57339
185.90376
180.64199
188.22766
188.4238
190.59183
193.40819
183.49808
191.31433
187.61975
193.58713
198.52888
193.5057
199.49906
205.71806
203.51595
203.79738
194.33889
197.10587
200.21417
206.28228
200.39651
209.80852
199.24393
207.07148
202.69029
201.25761
209.14732
203.65518
202.45828
210.26933
162.1982
162.65627
165.92743
165.38964
165.36089
163.44286
163.26374
166.84297
166.2497
165.29038
163.96691
166.32892
165.57601
158.8343
167.13525
158.01227
165.68626
166.58185
164.50659
168.00346
163.14886
167.15171
166.54508
166.76357
166.28677
171.59908
169.57377
169.16064
170.38156
174.54266
175.47127
180.68399
172.23109
173.33128
174.71018
174.51108
179.06114
175.57019
167.53808
174.61676
169.47903
172.50022
167.66451
171.42455
175.64591
172.61969
169.16483
167.93756
173.12456
159.87616
173.01991
175.05292
176.16801
172.63194
168.37268
166.55951
169.66107
172.65423
172.43077
169.42658
169.44643
175.05754
166.53413
164.98188
169.2361
170.82245
165.83878
168.91088
170.40201
169.3495
167.09704
174.80516
173.13121
172.98461
177.74089
165.42157
166.46819
169.78893
171.1015
172.0354
168.59374
165.42079
168.7188
164.42518
180.72956
174.76786
183.11117
185.3794
178.16091
180.98579
172.62775
172.64123
170.94186
173.67493
184.34546
186.90333
188.3961
181.92834
171.67556
180.58936
174.96931
182.56062
176.93159
177.78796
180.37461
173.11618
178.27014
173.86283
172.05631
171.53658
174.88601
173.07397
179.27151
175.34211
178.06986
172.14107
174.12431
172.32806
180.19532
187.18603
180.98572
175.59276
177.11133
183.18579
179.17505
189.41997
179.64517
179.34008
186.91313
181.28751
182.53574
181.53332
186.67137
194.51282
194.49667
188.80334
176.99773
173.3862
180.2532
182.13828
178.38985
186.96304
182.81121
184.11707
183.88949
190.10946
184.73216
181.05078
181.37168
187.72317
175.63932
174.34016
181.17518
186.56115
182.90125
179.1462
180.2808
176.71523
178.86823
175.29915
163.88215
168.5805
166.23703
166.50504
168.80656
167.63279
168.90773
164.01708
164.00479
168.80054
171.47766
169.51809
170.59641
171.85776
173.671
172.09537
173.23723
172.98071
168.85282
168.76213
168.43603
162.36741
170.22798
169.83836
167.94167
168.15393
171.27067
171.99703
172.15767
171.06849
173.04692
173.61969
161.9978
165.40483
163.7546
166.52533
167.16187
163.11239
170.23935
171.01476
169.46598
173.56523
178.11442
174.96795
166.79664
166.2865
172.26562
174.41158
179.81907
176.19822
166.1565
164.88365
165.26287
166.62328
162.36646
170.67765
172.296
171.42264
174.95043
172.98272
173.78512
176.41845
190.38389
186.21314
177.25944
183.99555
176.24713
178.99603
181.33007
181.82803
176.96708
185.983
178.9514
185.2597
179.85651
162.0026
153.80558
163.06663
152.1207
160.34776
158.71576
163.16698
165.17751
156.62796
164.12939
170.62254
169.08075
166.88361
171.03473
168.81387
171.33477
171.34114
176.36759
176.06007
170.9446
172.41015
199.65688
195.35353
192.47104
195.54657
194.54481
198.83137
200.4642
195.51474
194.81
205.16145
190.99177
195.20903
192.90465
194.19831
197.43792
200.72953
193.88296
200.25043
197.91128
199.78635
176.63076
183.29315
179.3208
177.52342
185.5676
179.86823
183.52934
179.70405
188.5309
186.91331
185.91724
187.90121
187.58954
191.1145
186.64022
187.37884
191.26798
182.98254
193.44529
181.94885
174.31431
182.92735
181.88969
173.05011
177.20163
174.14058
177.80661
183.33993
191.60247
184.09673
182.05071
184.5442
188.33521
190.10596
182.99212
189.78056
191.086
193.34357
187.0367
188.13177
195.55547
202.89083
197.66372
185.89601
198.06417
198.01617
183.26486
182.5274
183.56171
182.80724
188.44322
184.14027
188.80575
189.92274
186.98243
190.22683
193.22321
173.81544
174.80664
176.56382
181.36195
183.84333
177.86481
181.17658
179.16391
174.56674
167.40216
168.75553
181.70334
186.30672
181.16919
177.61972
179.18738
187.46506
180.0163
165.80204
166.70051
177.33795
178.07044
184.43476
179.89659
169.05334
170.49877
172.8787
176.18683
172.12059
177.06691
176.67853
171.7006
168.55225
168.37478
171.23106
170.07628
168.04454
171.06094
168.51609
165.97404
168.01183
167.74881
168.1736
167.26688
167.94508
165.7363
169.15829
170.35094
168.53986
171.07645
169.38305
162.32604
168.80028
162.99569
170.93131
168.33721
172.32151
173.60181
174.35298
162.54802
152.15876
162.99854
167.54887
163.76618
167.7598
166.14668
167.33309
164.38574
166.27807
167.45487
169.33229
172.50368
166.98025
163.0769
167.59556
166.72955
165.81322
169.01638
170.02947
168.49579
168.50981
169.68358
170.75249
169.80744
172.61385
175.94587
171.59911
172.69231
177.38382
179.48497
175.47846
177.98955
172.34189
173.75207
170.855
169.01299
176.76382
170.60433
174.20894
174.41261
174.60603
183.62737
177.52212
182.02366
182.96689
184.46846
182.54119
190.74984
188.99114
179.00883
179.79026
168.56925
168.2182
172.07672
172.20889
164.02851
164.59847
167.42379
163.36125
164.86626
166.89668
165.61984
172.34251
169.48059
172.11749
174.21463
176.79447
182.80508
175.01563
180.43329
173.69766
188.07416
182.36595
177.58398
187.56791
181.10993
168.11635
168.02253
169.05318
169.1909
168.95268
168.0713
169.0318
170.07124
160.16259
168.1426
168.26517
170.1491
170.64207
169.73969
168.59119
168.60603
178.39178
173.33095
175.29949
173.15956
179.68753
181.35251
178.24361
167.44581
165.6963
168.14133
163.09235
165.63662
165.28845
166.14673
169.86657
169.24523
168.68171
170.56374
167.40416
172.33097
172.28117
170.61834
170.38697
168.91966
168.8556
171.53125
170.94462
171.37719
174.00052
172.44656
172.57747
171.1856
174.60563
175.23073
172.31092
166.98163
168.13675
168.29101
166.539
174.3166
176.97424
177.85851
185.73622
179.97534
184.85482
178.42986
181.76189
187.66621
169.2742
171.04632
174.19875
169.03425
172.86625
167.2058
170.92608
170.53926
172.61321
170.94523
177.05298
174.86998
176.67165
178.88395
181.95447
184.05948
178.8706
177.84654
183.66372
184.00233
173.73092
173.99873
174.32944
182.85459
177.88441
176.95906
176.86682
174.54349
176.20886
182.54102
176.57858
179.79034
170.51026
171.08139
172.71126
172.75304
175.09905
175.77555
176.42908
176.75263
173.1961
176.72493
176.32537
176.03522
173.50453
178.71222
178.32397
183.21086
177.13577
184.10604
177.6347
178.55342
179.55616
181.86869
188.52416
185.41065
182.65453
184.55167
175.07267
176.39828
178.52726
177.83163
177.86573
179.90536
184.05139
179.18977
175.84735
184.27691
179.6762
179.67739
178.14424
178.9583
183.40929
184.62148
180.91524
183.03671
188.78016
184.47761
183.89633
185.74659
186.99335
193.84527
192.06323
194.92664
189.48535
179.86238
178.79023
183.39294
185.93666
186.24486
191.78611
187.40272
192.96135
195.20464
189.07089
191.89174
184.77224
187.35046
185.09244
188.17299
195.58022
193.58149
176.19798
181.23667
177.44036
171.41513
165.65322
174.5064
182.93844
185.46011
181.44297
183.74462
188.91704
179.91793
182.75278
191.61204
189.98299
185.52065
185.99208
188.60275
187.76383
193.0499
196.05233
192.84612
210.41255
212.34386
206.28641
205.85164
203.65648
205.59956
209.09446
173.89609
181.11442
180.31096
174.7376
181.04861
198.9247
198.18191
196.0396
199.11002
206.34091
202.88654
197.45404
201.52974
181.81279
177.23902
178.66498
188.53554
168.08743
171.26253
162.06729
169.63176
178.21814
186.60213
183.59057
184.95051
175.06794
179.61787
173.82536
180.22002
171.68936
174.93914
172.30654
170.11623
188.92051
190.10875
189.731
194.11029
195.8635
212.09315
204.18154
205.78654
205.40755
206.07418
213.49523
209.95442
175.06583
181.66031
176.57241
183.35089
180.3367
182.81808
180.27057
180.14442
177.54362
200.96066
203.43419
200.32654
201.31072
204.03486
207.86748
210.3233
209.25015
207.2047
169.31231
177.61683
173.6614
167.38573
170.96566
188.285
183.18917
188.28632
187.32311
184.80682
192.1404
175.97101
178.12057
174.74697
183.76651
189.96032
189.15208
193.3388
175.12749
174.94481
184.97211
179.76088
181.13139
180.58475
189.21084
178.01316
185.86006
189.78434
186.02078
193.8148
192.38198
180.70149
181.63899
181.77137
182.15322
188.13345
184.32164
181.86024
188.1805
198.00709
192.04533
193.97964
201.61661
186.08396
189.83525
185.06575
184.00539
193.87598
192.85776
191.1372
207.03608
203.31391
207.11739
202.6321
204.83706
205.29459
201.4533
201.987
200.66845
205.2619
211.35316
206.64707
208.30778
213.24604
205.26187
211.63839
183.15562
186.0604
191.94928
195.03837
188.73582
186.94146
189.56594
191.69685
185.52609
179.83097
186.21941
180.64107
180.72737
183.47242
182.20155
186.76487
181.39636
203.94979
199.14037
200.57778
202.10206
198.41722
201.33833
200.37801
202.49685
200.34703
197.13675
197.70911
202.04881
202.08778
207.52426
205.31075
207.93972
210.92397
212.94227
218.13473
209.93694
214.82615
213.79239
203.89077
211.00826
211.11845
214.42416
208.61826
206.71937
205.79812
210.5624
207.66385
212.32693
204.5318
209.33131
211.35521
186.73748
186.20401
190.5732
181.89898
177.73556
179.29162
185.7439
187.68747
192.94798
194.82535
191.74419
184.51699
183.534
182.72851
183.32828
190.59578
190.18191
181.51459
190.57241
187.87433
192.12303
201.67311
196.17176
196.35139
200.07243
199.05476
201.95517
194.61816
196.61184
195.72984
190.71424
180.17926
183.72963
184.29214
183.94104
184.67685
191.37988
180.53412
191.06262
183.95968
190.7069
185.54283
191.0259
184.45278
185.31121
190.49123
210.30953
205.03411
203.72329
209.30635
208.05049
201.49219
202.50548
206.70555
210.01061
207.48751
209.61575
208.01151
212.42383
213.88086
208.43076
209.76962
212.34288
212.55766
207.94241
216.40942
212.12549
214.95432
183.98311
188.88613
184.77116
191.71657
188.41705
189.73897
188.48102
197.84197
200.87675
196.21074
203.11943
190.48956
198.61567
193.84859
191.68957
198.97765
196.76768
197.55028
199.19707
204.18832
205.04056
186.11877
191.66293
193.6238
194.67447
192.26556
190.81693
200.08841
180.89326
190.39276
182.63271
187.79141
186.70719
183.54257
194.57167
185.02358
191.87838
194.15617
190.35015
181.98446
181.27314
187.61005
189.80187
186.61223
199.19384
183.62051
191.1106
193.87904
190.33177
180.40258
191.05662
193.39357
195.69641
192.7051
202.52481
199.41792
200.53646
181.95438
192.39417
188.64672
190.64789
193.50047
199.91735
195.14648
200.78281
198.18155
194.65779
202.13206
202.26361
207.29567
210.28922
196.24479
191.34488
195.72809
194.69183
197.99401
202.95734
206.29417
202.36899
189.65526
197.62262
196.7721
188.33501
192.63308
190.04668
187.25906
182.01196
181.08752
190.01789
187.33527
196.92299
198.2413
201.02932
203.932
203.18647
195.1035
192.35007
200.94991
200.43246
199.31344
196.06943
194.18146
201.63387
195.8059
200.50911
205.84394
198.31451
199.3318
209.40973
208.40707
205.8986
196.18282
195.34359
199.96887
192.50158
189.82478
192.09185
185.75413
193.85989
187.40243
195.78412
204.33226
201.63118
197.61361
198.70847
205.03721
199.65076
197.15593
201.78394
191.06304
203.62645
207.74228
203.5254
210.38167
212.86744
209.94338
207.09422
208.61315
195.06875
199.42867
193.52113
203.78519
197.61433
188.70747
201.51186
196.03481
201.90326
206.40273
194.11745
200.91073
205.54108
199.09448
200.04343
205.02734
205.25897
206.08295
210.01091
183.25113
191.42315
193.12526
188.95296
199.47321
198.06033
207.47832
202.437
212.88157
203.07316
211.39334
204.8291
211.01936
206.67816
205.13921
205.31563
204.26104
201.61793
200.77504
197.60263
207.38834
198.61294
203.45687
206.29133
203.099
198.97953
201.03041
201.66755
203.66633
205.13459
203.65271
207.31373
209.55195
205.33092
208.12826
205.09044
204.72169
206.10827
208.60344
203.15751
202.06661
202.43949
201.90962
201.02328
199.48974
197.33413
199.22558
202.17188
198.38747
200.21058
208.77258
203.66682
206.27157
204.45427
200.76587
203.74188
214.82076
216.96357
214.26882
212.98291
211.767
208.69442
205.54873
199.1161
196.81122
210.54134
206.90423
216.9181
209.43175
214.39999
216.41926
218.73847
219.34418
216.99509
181.38039
181.65537
187.676
188.72687
204.39906
209.8553
186.9743
181.49976
199.68393
193.2388
203.93105
206.65718
208.07983
185.90615
191.08024
185.84182
190.81485
192.63679
202.17532
197.50061
207.18197
206.26005
199.04662
203.43919
198.79239
200.63757
207.68305
202.45907
201.71644
204.55795
202.2915
206.58501
199.60574
209.06962
196.60279
197.33446
201.3854
207.79359
201.98007
201.30514
206.97674
193.81235
187.96637
191.75724
185.74881
186.57258
193.19302
204.37357
195.4822
205.53505
197.71988
199.06939
208.72745
213.7535
205.56005
210.352
216.51553
212.34806
214.26445
209.96219
187.83562
194.626
212.78803
209.03883
183.38566
182.25335
188.78108
185.16069
189.32834
187.06955
180.76465
194.23472
189.51151
182.23336
180.42387
181.77703
187.57973
182.65755
188.04589
198.76455
197.30159
202.61958
200.28263
180.11827
180.28988
186.79325
183.88489
176.95299
181.20031
187.52934
188.88488
187.7127
184.99556
178.24423
188.14654
180.17685
185.52153
181.74749
192.16668
187.70429
192.72431
193.21292
192.87686
182.52615
183.01438
188.83877
178.77844
180.87573
189.96755
186.39939
194.93825
197.04996
187.2414
185.28532
185.27066
193.42801
190.45569
192.53648
198.80088
189.58347
186.01906
189.45232
194.15712
190.34482
197.30365
202.49093
204.36594
204.543
195.60194
203.21442
208.5374
206.80443
207.63682
207.75872
188.3709
192.64019
190.0542
200.6573
197.79073
186.24107
189.32537
181.99143
189.99082
190.41069
192.88958
193.2719
197.12107
196.56115
197.75045
183.05329
191.32197
184.4776
195.79676
191.23044
184.30336
188.18826
196.17289
207.76275
212.49547
206.90992
207.97204
211.01949
208.39879
207.47121
212.67188
212.91689
208.66592
211.56142
193.99937
196.46516
197.47381
202.65842
201.78681
202.76172
201.15593
178.05261
178.18884
182.94206
187.37288
190.38387
191.3602
188.58779
195.79538
197.77851
197.03352
181.0838
178.25459
185.29999
184.17824
189.58595
191.38728
212.48347
207.46597
212.42414
211.9881
212.9849
212.22359
207.42476
206.46451
213.64618
196.6426
194.43416
199.09704
205.79253
199.16631
201.64516
197.69097
200.04296
202.55891
199.98891
188.02841
184.6238
192.41216
190.58776
192.31928
188.85346
187.53987
181.72329
190.88102
206.19625
195.97117
203.19967
191.82467
185.739
195.18588
193.22558
196.98407
190.783
179.5938
210.18666
213.17467
191.75203
202.09963
184.85126
187.15282
193.92142
198.78403
191.80196
204.8228
199.63182
196.27685
197.37532
203.80791
199.949
206.59767
203.52277
210.27702
206.87573
206.93191
208.4363
197.87402
202.20368
200.48832
195.89735
185.93007
202.68514
198.69237
200.55578
195.87862
192.31746
203.65404
176.43254
183.83501
207.69707
182.07642
189.29774
185.79493
191.24437
204.07528
187.08096
194.38276
190.66121
198.32178
187.99615
184.35475
183.60025
191.62756
198.95405
190.65303
195.7228
189.9033
187.17648
202.28564
196.80884
194.30536
203.96349
196.8666
196.22784
198.19292
201.65764
198.29165
200.01001
193.61622
185.60911
188.67697
190.45714
192.75184
177.3783
177.3753
182.99374
174.96938
180.54896
176.7833
182.03551
179.79985
176.12399
178.08945
186.95573
192.73753
180.31718
185.25434
178.78523
183.27281
189.37318
182.92793
185.50038
163.75203
186.80942
189.96916
183.70021
189.30209
189.96292
183.10987
182.41242
187.38784
184.92418
183.03401
184.35981
186.08716
193.0275
188.1579
187.34662
188.41182
190.23933
196.72145
191.12963
194.93402
191.77162
195.66377
193.57733
191.56399
203.25086
191.36501
199.09335
190.95113
197.14453
192.22044
200.99099
202.15807
210.3525
206.03052
203.10067
206.05936
210.37899
189.70497
192.64426
191.10912
193.96397
191.26188
189.34009
200.38018
194.2046
197.23291
197.01116
180.93059
184.95583
183.54375
187.03665
180.04094
180.64216
181.55441
183.59941
179.82598
185.22202
180.19171
178.8188
202.30455
187.97949
190.55558
197.35418
187.8324
187.23656
189.26746
187.82312
195.41423
180.59856
174.7071
170.16948
177.44388
170.96149
173.22984
176.04856
180.91407
181.84818
175.08297
176.07633
201.48076
203.68327
192.02041
195.65864
207.24554
190.66893
202.20491
191.2008
193.0955
198.37182
195.57573
195.40569
196.03009
200.91038
186.87485
186.81347
190.00416
187.16207
193.88044
187.43107
191.56789
186.11303
195.12034
183.02014
181.75252
183.35004
182.81582
183.21297
204.94407
207.62056
209.28956
204.2627
208.54107
199.40964
209.47666
201.74549
199.48631
201.30571
185.1485
192.90668
186.4825
181.8936
182.08774
191.23589
180.60422
175.78728
177.10276
176.88274
176.81837
170.29978
170.43181
174.96311
173.34085
181.00888
181.4137
182.78185
173.6107
174.71639
179.82053
174.02319
171.41729
168.28604
179.13014
171.67651
177.30809
195.01796
183.80761
189.77972
183.96694
198.20416
196.56609
186.50781
183.10302
188.39106
184.75508
181.9646
182.41972
188.82073
186.77194
193.57907
186.30154
191.13969
195.10292
178.08106
177.39955
179.18438
184.77835
179.83941
182.89094
176.62475
212.37028
205.05642
207.74503
201.61255
202.10127
206.68428
202.63769
204.33994
172.80815
181.50471
175.51658
180.92536
175.27745
181.05891
179.56842
178.10625
172.20952
174.82337
185.42172
178.19349
174.69294
171.64186
178.22842
186.70518
185.52276
180.80969
178.30076
183.23286
184.73257
183.01224
177.85424
182.81925
173.89534
174.20462
187.81802
180.07104
188.74124
181.58491
184.34415
178.40831
181.76855
184.45254
177.02436
176.99878
183.06876
175.56516
180.31855
188.68478
189.3819
177.22246
185.09045
165.22766
163.58374
169.2112
165.59563
170.81743
170.99706
168.3572
169.36459
168.29108
161.36654
167.41384
163.36277
166.78478
160.90514
167.35339
162.66252
170.18572
162.40131
167.25368
167.32257
167.60771
168.45921
167.41361
159.89444
168.29696
181.25737
182.8764
184.91991
177.62389
193.52156
186.45567
184.37779
190.13661
187.87595
181.04252
159.4824
170.63517
171.77681
167.90041
166.84823
157.45149
180.20965
182.8761
180.80838
189.08157
182.68283
182.60989
189.12284
193.27266
197.1825
178.59532
179.89593
180.61943
178.54235
179.49895
174.97941
184.19106
177.69827
182.74715
184.70953
173.92613
174.38978
179.79867
176.60387
183.10929
185.27718
178.24584
183.28518
179.05069
186.07911
183.78217
187.80233
186.04606
187.42173
193.25846
190.60764
188.83274
196.00517
194.02179
199.74085
195.4594
196.68006
183.86566
184.48358
188.35162
192.11482
193.93415
188.37544
186.26461
185.60706
192.32201
181.45932
183.64732
195.79327
185.94031
186.41443
187.76957
185.55217
190.39639
184.89796
193.39731
201.08931
188.48097
189.21738
198.14678
189.85278
200.16106
190.97585
199.31809
186.39357
188.22351
179.32865
190.70033
182.18809
204.35452
207.96521
202.48831
187.16285
193.87053
189.60465
198.1531
186.45058
184.64531
184.92456
189.48888
197.58502
199.02058
202.58774
191.77289
191.73196
196.96947
204.53647
204.04572
197.75196
192.11519
199.60898
198.26223
193.98899
195.55327
185.5148
205.41731
205.63109
208.74512
201.56381
200.34823
202.02997
187.59124
207.18218
210.66355
184.78688
182.0876
186.17692
192.76545
201.89866
200.51989
191.57084
210.69957
206.07743
182.95996
180.41938
180.84375
190.91785
189.37307
199.64051
205.37135
205.75128
205.57525
197.03098
199.82921
201.45472
201.30686
178.05544
184.54453
188.03752
180.5864
181.0145
199.7363
192.2986
200.40103
186.01621
200.23302
194.84615
190.56273
190.33394
195.54975
188.27141
176.51701
182.36803
174.51494
178.41345
205.94527
201.30533
179.27962
180.71498
178.4376
177.62622
178.36587
180.73164
189.09263
183.73788
183.32811
182.58318
182.54095
185.25908
183.46854
189.4335
183.00822
185.1784
193.38324
186.12891
185.72692
187.66496
199.13014
184.03715
185.3694
181.96964
184.30849
184.77733
185.31222
181.0737
181.91467
181.03454
191.43789
186.11562
189.53131
194.92548
204.88327
201.66174
182.23143
183.07942
187.51175
177.33643
183.74855
180.15126
179.17809
173.93263
168.65265
170.19599
170.67826
170.45685
169.65025
171.54574
199.05064
188.30644
183.3336
193.63564
203.33356
190.13598
186.71269
189.08858
181.29921
189.49512
196.8358
183.1527
189.74629
183.24243
183.02905
186.09892
189.26035
195.03028
181.19605
188.24818
188.82339
190.944
197.18099
188.98251
193.91501
197.00235
198.08811
211.33496
207.40841
210.61085
209.56108
181.23775
182.32205
184.51255
187.13373
178.4079
187.78821
179.8153
182.3088
201.54851
208.58275
203.76464
193.89163
200.01092
202.48831
207.73189
205.12696
184.45349
194.84994
196.7577
202.43421
197.20157
202.03184
194.22968
192.02968
199.7892
192.76419
199.00595
189.93184
196.74617
194.63452
196.1279
183.30234
185.92217
198.63092
182.83339
186.86548
188.16352
174.55774
175.2845
178.96878
181.69267
198.899
197.46641
202.25146
204.37706
180.51414
177.84442
184.48706
185.62722
180.33101
188.00521
190.45005
186.02307
190.26644
199.38852
186.81114
189.57284
195.12382
199.08121
189.10232
193.43323
194.45884
197.92916
202.61572
206.16748
200.0493
201.31509
202.20318
184.90209
191.59352
189.22352
193.36217
190.59048
182.42913
192.13442
186.35101
184.24804
196.03431
202.39334
197.12755
183.14939
175.20918
182.78261
173.5583
181.45288
179.77563
201.68775
185.35258
193.42862
194.36317
190.15108
188.9579
186.14264
196.0721
176.16686
182.26347
181.45895
173.71499
177.29519
199.06992
190.60569
186.57964
196.39672
181.77965
173.32793
180.98504
173.59346
176.49492
181.03817
198.16656
169.56343
172.50601
171.96475
178.78567
170.72826
170.04422
176.29706
175.46333
169.77116
168.01045
167.42839
179.62575
171.42665
180.92069
187.56715
191.22687
193.0155
186.34059
184.9243
193.14772
188.28219
172.63029
179.4822
171.26984
174.20292
169.93818
182.35193
183.04298
173.37831
177.66217
177.78679
185.45677
181.62191
183.86551
182.67633
177.81025
175.32695
190.73119
191.94713
179.49754
187.96619
192.83825
185.76529
171.33066
178.15146
169.65533
187.99859
196.00197
191.57522
178.7536
185.756
168.95732
176.95304
178.21763
170.18112
176.00833
168.37691
190.75058
197.38219
188.88723
196.7982
190.19694
194.75536
195.95525
169.09792
173.84628
166.99205
173.47171
167.10092
171.53948
164.0588
164.08371
168.11965
180.77693
176.25558
173.04736
188.70535
181.85524
176.99556
173.26124
189.60742
186.29536
182.92363
193.6583
186.12802
171.95161
178.43802
178.95436
176.69237
169.12909
178.8333
192.52443
185.42719
183.6152
190.07157
178.97729
177.25683
168.39722
184.83544
183.99541
181.60899
176.51426
191.44055
192.26899
198.21107
196.36996
181.6017
191.74151
189.94477
183.28289
188.25224
180.43553
189.50521
191.22658
196.79416
197.55191
181.66351
190.84944
191.41475
174.57735
167.75813
166.58228
172.01612
168.05873
183.60321
173.35797
181.16516
177.96443
179.70853
172.05179
171.64102
180.93571
177.70363
172.75787
175.92126
176.07132
175.61146
179.77676
181.42147
178.30825
172.29211
176.12159
187.2415
173.66332
175.05442
172.57705
185.17034
173.16175
174.64772
167.36176
161.1457
161.55486
170.74072
170.10311
169.40219
172.55006
195.47115
171.76915
167.1655
164.86943
164.89877
168.33534
167.42664
171.39381
170.47908
168.2686
161.35684
185.9351
194.36583
172.84351
175.55727
187.24781
175.93755
171.15924
165.90587
170.81374
164.56495
168.00418
167.49155
169.14808
172.94548
170.49892
169.56732
171.80965
171.38935
196.52243
169.99446
166.6074
170.39228
164.26601
166.30493
165.18367
167.58054
168.85535
166.14519
193.0515
171.53163
173.74485
169.79672
170.76063
171.95646
168.70417
166.68329
173.21334
177.74896
171.30303
172.01359
184.49514
177.1448
168.02306
168.47195
181.16148
172.97291
174.74604
180.66995
169.51832
173.20803
171.94076
177.32253
170.78492
166.0055
170.98173
168.26915
165.16636
163.97277
163.48997
167.0996
164.63686
166.83084
165.8965
168.69767
167.18866
169.73306
171.52487
168.70491
170.7429
177.93503
173.88099
172.92576
174.47975
183.31491
171.41769
181.26651
186.34309
180.34087
176.12137
185.21119
170.27574
176.86367
180.356
175.32342
179.46389
193.0953
189.13226
186.17002
182.18368
178.90902
181.52294
186.29093
167.20952
157.88496
169.74109
166.93286
164.44302
164.77518
166.87982
166.71934
168.21232
168.11882
166.91605
167.95221
174.41553
167.21703
170.74478
170.28096
173.66431
174.87877
166.44187
167.57879
167.82966
169.4088
167.85789
169.99904
167.56875
171.62247
175.13048
172.42605
176.69459
181.28945
176.67488
181.41279
180.39708
186.20689
176.28733
172.02593
170.08108
177.26245
177.65085
179.50672
173.75254
178.67401
175.14656
180.82678
180.60441
173.76055
173.90234
166.71578
168.69039
169.3993
173.47506
176.8494
183.57162
184.58347
183.35436
185.72683
178.61077
178.601
184.24794
189.38082
186.30938
180.61715
177.07214
171.68786
167.79873
169.16318
168.56594
169.54987
171.88893
171.13884
169.29061
168.18047
169.10045
169.74411
170.89415
171.02346
175.85681
181.01167
179.953
181.03272
171.4049
177.35909
174.10012
172.60109
179.37017
172.71716
183.84755
176.56262
181.61589
185.08539
174.55183
173.82048
178.73035
182.5236
182.19394
183.384
169.89575
170.70652
173.87141
172.14591
172.47936
174.54066
181.54315
174.74021
180.26197
183.1472
178.77494
189.17971
184.63863
185.83953
191.63501
192.78439
183.60319
194.85595
197.99623
195.91018
201.65213
195.81092
200.03823
198.53162
205.75956
205.43689
183.54237
184.83545
178.43294
187.66522
188.42439
188.93629
190.90064
189.19164
196.35926
184.11169
188.1718
196.2573
190.07722
192.29122
199.92674
194.96028
188.82171
186.77937
188.60032
196.1677
201.36757
194.36507
196.61646
205.58949
204.48408
183.5549
188.35242
183.74231
174.69225
177.78918
166.72614
172.38972
174.69508
195.18475
190.25906
187.47378
189.27134
191.37954
196.80011
193.99144
196.18328
198.14104
200.37667
204.02466
189.19796
187.1184
189.3327
193.2017
195.70392
182.10482
188.44046
182.18553
176.08081
178.01234
175.67724
192.52296
193.99979
199.20224
190.84629
196.54401
204.29182
202.90388
202.51528
197.01743
201.12259
203.29842
209.39046
207.70981
202.49726
214.87863
218.34511
216.53762
217.34889
215.71095
212.99427
211.56908
212.36514
210.29078
214.80172
212.98554
212.44768
